feature,in_top200,gain_rank,gain_norm,block,source_table,source_column,dtype,definition,calculation,structural_fill_0,null_pct,null_pct_after_encoding,n_unique,mean,std,min,p01,p25,p50,p75,p99,max,zero_pct,corr_target,default_rate_when_null,is_constant_dropped,top_values
EXT_SOURCE_3,True,1,0.11847092,DRIVER,application_train,EXT_SOURCE_3,Float64,Normalized score from external data source,taken directly from application_train (no aggregation),False,19.8253,19.8253,815,0.510853,0.194844,0.000527,0.064672,0.37065,0.535276,0.669057,0.832785,0.89601,0.0,-0.17892,0.09312,False,
EXT_SOURCE_2,True,2,0.11409299,DRIVER,application_train,EXT_SOURCE_2,Float64,Normalized score from external data source,taken directly from application_train (no aggregation),False,0.2146,0.2146,119832,0.514393,0.19106,0.0,0.029482,0.392457,0.565961,0.663617,0.782793,0.855,0.0,-0.16047,0.07879,False,
ORGANIZATION_TYPE,True,3,0.05724851,DRIVER,application_train,ORGANIZATION_TYPE,String,Type of organization where client works,taken directly from application_train (no aggregation),False,0.0,0.0,58,,,,,,,,,,,,,False,Business Entity Type 3=22.11%(dr 0.093); XNA=18.007%(dr 0.054); Self-employed=12.491%(dr 0.10174); Other=5.425%(dr 0.07643); Medicine=3.64%(dr 0.06584); Business Entity Type 2=3.432%(dr 0.08528); Government=3.383%(dr 0.06978); School=2.892%(dr 0.05915)
EXT_SOURCE_1,True,4,0.0379498,DRIVER,application_train,EXT_SOURCE_1,Float64,Normalized score from external data source,taken directly from application_train (no aggregation),False,56.3811,56.3811,114585,0.50213,0.211062,0.014568,0.084254,0.334007,0.505998,0.675053,0.889412,0.962693,0.0,-0.15532,0.0852,False,
RATIO_PAYMENT_RATE,True,5,0.02116641,DRIVER_DERIVED,application_train,AMT_ANNUITY,Float64,"Affordability ratio `AMT_ANNUITY` / `AMT_CREDIT` — effective repayment speed: the fraction of principal repaid per annuity period (its reciprocal is the term in periods). A tree splits on one column at a time and cannot express a quotient, so this is built explicitly on the driver frame.",application_train: AMT_ANNUITY / AMT_CREDIT (null when AMT_CREDIT is 0 or null),True,0.0039,0.0,39540,0.053693,0.022483,0.0,0.026459,0.0369,0.05,0.064043,0.114809,0.12443,0.004,0.0127,0.0,False,
RATIO_CREDIT_TO_GOODS,True,6,0.01868926,DRIVER_DERIVED,application_train,AMT_CREDIT,Float64,"Affordability ratio `AMT_CREDIT` / `AMT_GOODS_PRICE` — how much was borrowed above the financed item's price (>1 means cash on top). A tree splits on one column at a time and cannot express a quotient, so this is built explicitly on the driver frame.",application_train: AMT_CREDIT / AMT_GOODS_PRICE (null when AMT_GOODS_PRICE is 0 or null),False,0.0904,0.0904,3067,1.122995,0.124045,0.15,1.0,1.0,1.1188,1.198,1.4752,6.0,0.0,0.06943,0.07554,False,
DAYS_EMPLOYED,True,7,0.01541329,DRIVER,application_train,DAYS_EMPLOYED,Int64,How many days before the application the person started current employment,taken directly from application_train (no aggregation),False,18.0072,18.0072,12574,-2384.169325,2338.360162,-17912.0,-11339.0,-3175.0,-1648.0,-767.0,-111.0,0.0,0.001,0.07496,0.054,False,
OCCUPATION_TYPE,True,8,0.01169262,DRIVER,application_train,OCCUPATION_TYPE,String,What kind of occupation does the client have,taken directly from application_train (no aggregation),False,31.3455,31.3455,19,,,,,,,,,,,,,False,(null)=31.346%(dr 0.06513); Laborers=17.946%(dr 0.10579); Sales staff=10.439%(dr 0.09632); Core staff=8.966%(dr 0.06304); Managers=6.95%(dr 0.06214); Drivers=6.05%(dr 0.11326); High skill tech staff=3.701%(dr 0.0616); Accountants=3.191%(dr 0.0483)
DAYS_BIRTH,True,9,0.01072199,DRIVER,application_train,DAYS_BIRTH,Int64,Client's age in days at the time of application,taken directly from application_train (no aggregation),False,0.0,0.0,17460,-16036.995067,4363.988632,-25229.0,-24419.0,-19682.0,-15750.0,-12413.0,-8263.0,-7489.0,0.0,0.07824,,False,
PREV_REFUSED_RATE,True,10,0.01047964,PREV,previous_application,NAME_CONTRACT_STATUS,Float64,"Share of the customer's previous Home Credit applications with `NAME_CONTRACT_STATUS` = ""Refused"".",previous_application.group_by(SK_ID_CURR).mean(NAME_CONTRACT_STATUS == 'Refused'),True,5.3507,0.0,398,0.104968,0.181077,0.0,0.0,0.0,0.0,0.176471,0.714286,1.0,67.385,0.07767,0.05956,False,
AMT_ANNUITY,True,11,0.01026476,DRIVER,application_train,AMT_ANNUITY,Float64,Loan annuity,taken directly from application_train (no aggregation),False,0.0039,0.0039,13673,27108.573909,14493.737315,1615.5,6183.0,16524.0,24903.0,34596.0,70006.5,258025.5,0.0,-0.01282,0.0,False,
PREV_INST_AMT_PAYMENT_MIN_MEAN,True,12,0.0096798,INST,installments_payments,AMT_PAYMENT,Float64,"Two-level roll-up of `AMT_PAYMENT` from the installments_payments ledger — what the client actually paid on previous credit on this installment. Step 1: per prior loan, the minimum of `AMT_PAYMENT` over that loan's monthly installment records. Step 2: the average of those per-loan values across all of the customer's previous Home Credit applications.",installments_payments.group_by(SK_ID_PREV).min(AMT_PAYMENT) → join onto previous_application → .group_by(SK_ID_CURR).mean(),False,5.8902,5.8902,257980,13438.182243,30281.553714,0.0,3.2175,4496.589,8272.275,14054.595,113998.995,2504589.66,0.016,-0.0242,0.06217,False,
INST_L365D_LATE_RATE,True,13,0.00848322,INST_L365D,installments_payments,,Float64,Share of installments due in the last 365 days that were paid after their due date.,installments_payments.filter(DAYS_INSTALMENT >= -365).group_by(SK_ID_CURR).mean(DAYS_ENTRY_PAYMENT > DAYS_INSTALMENT),True,29.278,0.0,654,0.037224,0.09811,0.0,0.0,0.0,0.0,0.0,0.5,1.0,79.78,0.08284,0.07854,False,
CODE_GENDER,True,14,0.00800622,DRIVER,application_train,CODE_GENDER,String,Gender of the client,taken directly from application_train (no aggregation),False,0.0,0.0,3,,,,,,,,,,,,,False,F=65.834%(dr 0.06999); M=34.164%(dr 0.10142); XNA=0.001%(dr 0.0)
NAME_EDUCATION_TYPE,True,15,0.00788163,DRIVER,application_train,NAME_EDUCATION_TYPE,String,Level of highest education the client achieved,taken directly from application_train (no aggregation),False,0.0,0.0,5,,,,,,,,,,,,,False,Secondary / secondary special=71.019%(dr 0.0894); Higher education=24.345%(dr 0.05355); Incomplete higher=3.342%(dr 0.08485); Lower secondary=1.241%(dr 0.10928); Academic degree=0.053%(dr 0.01829)
OWN_CAR_AGE,True,16,0.0066234,DRIVER,application_train,OWN_CAR_AGE,Float64,Age of client's car,taken directly from application_train (no aggregation),False,65.9908,65.9908,63,12.061091,11.944812,0.0,0.0,5.0,9.0,15.0,64.0,91.0,0.694,0.03761,0.085,False,
PREV_DAYS_LAST_DUE_1ST_VERSION_MAX,True,17,0.00646156,PREV,previous_application,DAYS_LAST_DUE_1ST_VERSION,Float64,The maximum of `DAYS_LAST_DUE_1ST_VERSION` across the customer's previous Home Credit applications. Source column: relative to application date of current application when was the first due of the previous application,previous_application.group_by(SK_ID_CURR).max(DAYS_LAST_DUE_1ST_VERSION),False,6.6638,6.6638,4574,-77.745445,742.808107,-2800.0,-2380.0,-323.0,12.0,290.0,1560.0,2389.0,0.13,0.01105,0.06895,False,
PREV_INST_LATE_RATE_MEAN,True,18,0.00611729,INST,installments_payments,INST_LATE_RATE,Float64,"The average, across the customer's previous Home Credit applications, of a per-loan derived metric: the share of installments paid after their due date (DAYS_ENTRY_PAYMENT > DAYS_INSTALMENT), computed over that loan's installment ledger.",per-SK_ID_PREV `INST_LATE_RATE` (see features.aggregate_installments_by_prev) → .group_by(SK_ID_CURR).mean(),False,5.8902,5.8902,36056,0.067128,0.106371,0.0,0.0,0.0,0.011111,0.1,0.473684,1.0,45.276,0.07512,0.06217,False,
RATIO_ANNUITY_TO_INCOME,True,19,0.00595627,DRIVER_DERIVED,application_train,AMT_ANNUITY,Float64,"Affordability ratio `AMT_ANNUITY` / `AMT_INCOME_TOTAL` — debt-service burden: the share of annual income consumed by this loan's annuity. A tree splits on one column at a time and cannot express a quotient, so this is built explicitly on the driver frame.",application_train: AMT_ANNUITY / AMT_INCOME_TOTAL (null when AMT_INCOME_TOTAL is 0 or null),False,0.0039,0.0039,88812,0.18093,0.094574,0.000224,0.039474,0.114782,0.162833,0.229067,0.483455,1.875965,0.0,0.01427,0.0,False,
BUREAU_DAYS_CREDIT_MEAN,True,20,0.00581576,BUREAU,bureau,DAYS_CREDIT,Float64,The average of `DAYS_CREDIT` across the customer's credit-bureau records (loans at other institutions). Source column: how many days before current application did client apply for Credit Bureau credit,bureau.group_by(SK_ID_CURR).mean(DAYS_CREDIT),False,14.3149,14.3149,64557,-1083.04711,563.327298,-2922.0,-2648.0,-1434.0,-1050.571429,-663.75,-83.0,0.0,0.0,0.08973,0.10125,False,
BUREAU_DAYS_CREDIT_MAX,True,21,0.00578271,BUREAU,bureau,DAYS_CREDIT,Int64,The maximum of `DAYS_CREDIT` across the customer's credit-bureau records (loans at other institutions). Source column: how many days before current application did client apply for Credit Bureau credit,bureau.group_by(SK_ID_CURR).max(DAYS_CREDIT),False,14.3149,14.3149,2924,-489.297817,537.574145,-2922.0,-2605.0,-620.0,-300.0,-143.0,-14.0,0.0,0.001,0.04978,0.10125,False,
PREV_POS_CNT_INSTALMENT_FUTURE_MEAN_MEAN,True,22,0.00542443,POS,POS_CASH_balance,CNT_INSTALMENT_FUTURE,Float64,"Two-level roll-up of `CNT_INSTALMENT_FUTURE` from the POS_CASH_balance ledger — installments left to pay on the previous credit. Step 1: per prior loan, the average of `CNT_INSTALMENT_FUTURE` over that loan's monthly POS/cash records. Step 2: the average of those per-loan values across all of the customer's previous Home Credit applications.",POS_CASH_balance.group_by(SK_ID_PREV).mean(CNT_INSTALMENT_FUTURE) → join onto previous_application → .group_by(SK_ID_CURR).mean(),False,6.6911,6.6911,76927,9.07261,6.361899,0.0,2.0,5.0,7.0,11.375,31.8125,60.0,0.011,0.03284,0.06969,False,
AMT_GOODS_PRICE,True,23,0.0052396,DRIVER,application_train,AMT_GOODS_PRICE,Float64,For consumer loans it is the price of the goods for which the loan is given,taken directly from application_train (no aggregation),False,0.0904,0.0904,1003,538396.207429,369446.46054,40500.0,67500.0,238500.0,450000.0,679500.0,1800000.0,4050000.0,0.0,-0.03965,0.07554,False,
PREV_INST_LATE_RATE_MIN,True,24,0.0048722,INST,installments_payments,INST_LATE_RATE,Float64,"The minimum, across the customer's previous Home Credit applications, of a per-loan derived metric: the share of installments paid after their due date (DAYS_ENTRY_PAYMENT > DAYS_INSTALMENT), computed over that loan's installment ledger.",per-SK_ID_PREV `INST_LATE_RATE` (see features.aggregate_installments_by_prev) → .group_by(SK_ID_CURR).min(),False,5.8902,5.8902,1199,0.026643,0.086798,0.0,0.0,0.0,0.0,0.0,0.444444,1.0,81.477,0.07167,0.06217,False,
DAYS_ID_PUBLISH,True,25,0.00478511,DRIVER,application_train,DAYS_ID_PUBLISH,Int64,How many days before the application did client change the identity document with which he applied for the loan,taken directly from application_train (no aggregation),False,0.0,0.0,6168,-2994.202373,1509.450419,-7197.0,-5447.0,-4299.0,-3254.0,-1720.0,-61.0,0.0,0.005,0.05146,,False,
RATIO_EMPLOYED_TO_AGE,True,26,0.00476089,DRIVER_DERIVED,application_train,DAYS_EMPLOYED,Float64,"Affordability ratio `DAYS_EMPLOYED` / `DAYS_BIRTH` — fraction of life spent in the current job (both inputs are negative day offsets, so the quotient is positive). A tree splits on one column at a time and cannot express a quotient, so this is built explicitly on the driver frame.",application_train: DAYS_EMPLOYED / DAYS_BIRTH (null when DAYS_BIRTH is 0 or null),False,18.0072,18.0072,249435,0.156861,0.133549,-0.0,0.007547,0.056099,0.118733,0.21917,0.590625,0.728811,0.001,-0.06795,0.054,False,
PREV_INST_AMT_PAYMENT_MIN_MAX,True,27,0.00456661,INST,installments_payments,AMT_PAYMENT,Float64,"Two-level roll-up of `AMT_PAYMENT` from the installments_payments ledger — what the client actually paid on previous credit on this installment. Step 1: per prior loan, the minimum of `AMT_PAYMENT` over that loan's monthly installment records. Step 2: the maximum of those per-loan values across all of the customer's previous Home Credit applications.",installments_payments.group_by(SK_ID_PREV).min(AMT_PAYMENT) → join onto previous_application → .group_by(SK_ID_CURR).max(),False,5.8902,5.8902,190672,27500.354929,86160.06473,0.0,3.33,6710.58,12608.19,23369.985,360004.68,3202061.805,0.016,-0.01449,0.06217,False,
BUREAU_L730D_DAYS_CREDIT_MAX,True,28,0.00449018,BUREAU_L730D,bureau,DAYS_CREDIT,Int64,The maximum of `DAYS_CREDIT` over bureau records within the last 730 days (`DAYS_CREDIT` >= -730). Source column: how many days before current application did client apply for Credit Bureau credit,bureau.filter(DAYS_CREDIT >= -730).group_by(SK_ID_CURR).max(DAYS_CREDIT),False,31.8353,31.8353,732,-266.666869,183.490296,-730.0,-710.0,-386.0,-228.0,-117.0,-13.0,0.0,0.001,0.06584,0.07608,False,
PREV_INST_AMT_PAYMENT_MIN_SUM,True,29,0.00434774,INST,installments_payments,AMT_PAYMENT,Float64,"Two-level roll-up of `AMT_PAYMENT` from the installments_payments ledger — what the client actually paid on previous credit on this installment. Step 1: per prior loan, the minimum of `AMT_PAYMENT` over that loan's monthly installment records. Step 2: the total of those per-loan values across all of the customer's previous Home Credit applications.",installments_payments.group_by(SK_ID_PREV).min(AMT_PAYMENT) → join onto previous_application → .group_by(SK_ID_CURR).sum(),True,5.3507,0.0,253807,38783.163278,98895.350333,0.0,0.0,6609.69,17061.75,38590.47,410764.095,4014785.97,5.906,-0.02392,0.05956,False,
AMT_CREDIT,True,30,0.00417304,DRIVER,application_train,AMT_CREDIT,Float64,Credit amount of the loan,taken directly from application_train (no aggregation),False,0.0,0.0,5603,599025.999706,402490.776996,45000.0,76410.0,270000.0,513531.0,808650.0,1854000.0,4050000.0,0.0,-0.03037,,False,
BUREAU_L730D_AMT_CREDIT_SUM_DEBT_MEAN,True,31,0.00404172,BUREAU_L730D,bureau,AMT_CREDIT_SUM_DEBT,Float64,The average of `AMT_CREDIT_SUM_DEBT` over bureau records within the last 730 days (`DAYS_CREDIT` >= -730). Source column: current debt on Credit Bureau credit,bureau.filter(DAYS_CREDIT >= -730).group_by(SK_ID_CURR).mean(AMT_CREDIT_SUM_DEBT),False,35.5457,35.5457,135865,292462.708639,835697.834536,-2089184.31,0.0,10791.0,83242.53,258304.5,3411717.0,59637690.0,13.605,-0.00929,0.07591,False,
BUREAU_DAYS_CREDIT_ENDDATE_MAX,True,32,0.0040091,BUREAU,bureau,DAYS_CREDIT_ENDDATE,Float64,The maximum of `DAYS_CREDIT_ENDDATE` across the customer's credit-bureau records (loans at other institutions). Source column: remaining duration of CB credit (in days) at the time of application in Home Credit,bureau.group_by(SK_ID_CURR).max(DAYS_CREDIT_ENDDATE),False,15.0463,15.0463,13031,4433.041953,9350.942497,-41875.0,-2162.0,125.0,909.0,1683.0,31171.0,31199.0,0.04,0.03659,0.10143,False,
BUREAU_AMT_CREDIT_SUM_DEBT_MEAN,True,33,0.00393792,BUREAU,bureau,AMT_CREDIT_SUM_DEBT,Float64,The average of `AMT_CREDIT_SUM_DEBT` across the customer's credit-bureau records (loans at other institutions). Source column: current debt on Credit Bureau credit,bureau.group_by(SK_ID_CURR).mean(AMT_CREDIT_SUM_DEBT),False,16.7083,16.7083,169334,160390.076973,526650.079017,-1083614.67,0.0,0.0,44208.035,142137.0,1935000.0,43650000.0,22.662,-0.00064,0.09636,False,
POS_L12M_CNT_INSTALMENT_FUTURE_MEAN,True,34,0.00377302,POS_L12M,POS_CASH_balance,CNT_INSTALMENT_FUTURE,Float64,The average of `CNT_INSTALMENT_FUTURE` over POS_CASH_balance records within the last 12 months (`MONTHS_BALANCE` >= -12). Source column: installments left to pay on the previous credit,POS_CASH_balance.filter(MONTHS_BALANCE >= -12).group_by(SK_ID_CURR).mean(CNT_INSTALMENT_FUTURE),False,32.8141,32.8141,8524,11.243752,10.717493,0.0,0.0,4.0,7.5,15.0,49.384615,70.0,2.725,0.02454,0.0802,False,
BUREAU_AMT_CREDIT_SUM_MAX,True,35,0.00363468,BUREAU,bureau,AMT_CREDIT_SUM,Float64,The maximum of `AMT_CREDIT_SUM` across the customer's credit-bureau records (loans at other institutions). Source column: current credit amount for the Credit Bureau credit,bureau.group_by(SK_ID_CURR).max(AMT_CREDIT_SUM),False,14.3153,14.3153,65161,976004.148724,2087565.905193,0.0,19350.0,180000.0,450000.0,1044000.0,8550000.0,396000000.0,0.352,-0.01974,0.10125,False,
PREV_CNT_PAYMENT_MEAN,True,36,0.00339644,PREV,previous_application,CNT_PAYMENT,Float64,The average of `CNT_PAYMENT` across the customer's previous Home Credit applications. Source column: term of previous credit at application of the previous application,previous_application.group_by(SK_ID_CURR).mean(CNT_PAYMENT),False,5.4857,5.4857,2839,14.530822,8.419878,0.0,3.0,9.0,12.0,18.0,42.0,72.0,0.675,0.02774,0.0594,False,
BUREAU_AMT_CREDIT_SUM_MEAN,True,37,0.003395,BUREAU,bureau,AMT_CREDIT_SUM,Float64,The average of `AMT_CREDIT_SUM` across the customer's credit-bureau records (loans at other institutions). Source column: current credit amount for the Credit Bureau credit,bureau.group_by(SK_ID_CURR).mean(AMT_CREDIT_SUM),False,14.3153,14.3153,209605,378080.200789,891673.116209,0.0,17433.0,103500.0,195507.368182,394116.306,2973499.5,198072344.25,0.352,-0.01996,0.10125,False,
BUREAU_DAYS_ENDDATE_FACT_MAX,True,38,0.00333922,BUREAU,bureau,DAYS_ENDDATE_FACT,Float64,The maximum of `DAYS_ENDDATE_FACT` across the customer's credit-bureau records (loans at other institutions). Source column: days since CB credit ended at the time of application in Home Credit (only for closed credit),bureau.group_by(SK_ID_CURR).max(DAYS_ENDDATE_FACT),False,25.0905,25.0905,2808,-526.985948,533.890268,-2887.0,-2418.0,-717.0,-345.0,-153.0,-11.0,0.0,0.009,0.01964,0.10503,False,
PREV_NAME_YIELD_GROUP_high_RATE,True,39,0.00330623,PREV,previous_application,NAME_YIELD_GROUP,Float64,"Share of the customer's previous Home Credit applications whose `NAME_YIELD_GROUP` equals ""high"" (0 = never, 1 = always). Source column: grouped interest rate into small medium and high of the previous application",previous_application.group_by(SK_ID_CURR).mean(NAME_YIELD_GROUP == 'high'),True,5.3507,0.0,342,0.225055,0.289862,0.0,0.0,0.0,0.111111,0.333333,1.0,1.0,46.722,0.03757,0.05956,False,
BUREAU_AMT_CREDIT_MAX_OVERDUE_MEAN,True,40,0.0032626,BUREAU,bureau,AMT_CREDIT_MAX_OVERDUE,Float64,The average of `AMT_CREDIT_MAX_OVERDUE` across the customer's credit-bureau records (loans at other institutions). Source column: maximal amount overdue on the Credit Bureau credit so far (at application date of loan in our sample),bureau.group_by(SK_ID_CURR).mean(AMT_CREDIT_MAX_OVERDUE),False,40.2018,40.2018,55319,5242.425046,306408.249624,0.0,0.0,0.0,0.0,2124.0,41269.5,115987185.0,36.892,0.00243,0.08414,False,
PREV_AMT_DOWN_PAYMENT_MAX,True,41,0.00323213,PREV,previous_application,AMT_DOWN_PAYMENT,Float64,The maximum of `AMT_DOWN_PAYMENT` across the customer's previous Home Credit applications. Source column: down payment on the previous application,previous_application.group_by(SK_ID_CURR).max(AMT_DOWN_PAYMENT),False,11.0259,11.0259,21522,11681.062017,28603.165755,0.0,0.0,0.0,5850.0,13500.0,90000.0,3060045.0,25.025,-0.02529,0.08296,False,
PREV_DAYS_LAST_DUE_MAX,True,42,0.00315321,PREV,previous_application,DAYS_LAST_DUE,Float64,The maximum of `DAYS_LAST_DUE` across the customer's previous Home Credit applications. Source column: relative to application date of current application when was the last due date of the previous application,previous_application.group_by(SK_ID_CURR).max(DAYS_LAST_DUE),False,12.487,12.487,2817,-559.990602,583.948433,-2889.0,-2454.0,-716.0,-346.0,-162.0,-9.0,-2.0,0.0,0.00106,0.08607,False,
PREV_CC_CNT_DRAWINGS_ATM_CURRENT_MEAN_MEAN,True,43,0.00314894,CC,credit_card_balance,CNT_DRAWINGS_ATM_CURRENT,Float64,"Two-level roll-up of `CNT_DRAWINGS_ATM_CURRENT` from the credit_card_balance ledger — number of drawings at ATM during this month on the previous credit. Step 1: per prior loan, the average of `CNT_DRAWINGS_ATM_CURRENT` over that loan's monthly credit-card records. Step 2: the average of those per-loan values across all of the customer's previous Home Credit applications.",credit_card_balance.group_by(SK_ID_PREV).mean(CNT_DRAWINGS_ATM_CURRENT) → join onto previous_application → .group_by(SK_ID_CURR).mean(),False,82.7876,82.7876,3326,0.630731,0.928054,0.0,0.0,0.083333,0.32967,0.833333,4.0,35.0,2.602,0.10292,0.07516,False,
BUREAU_CREDIT_ACTIVE_Closed_RATE,True,44,0.00314639,BUREAU,bureau,CREDIT_ACTIVE,Float64,"Share of the customer's credit-bureau records (loans at other institutions) whose `CREDIT_ACTIVE` equals ""Closed"" (0 = never, 1 = always). Source column: status of the Credit Bureau (CB) reported credits",bureau.group_by(SK_ID_CURR).mean(CREDIT_ACTIVE == 'Closed'),True,14.3149,0.0,305,0.49964,0.351212,0.0,0.0,0.0,0.521739,0.75,1.0,1.0,25.152,-0.07937,0.10125,False,
PREV_AMT_DOWN_PAYMENT_SUM,True,45,0.00312558,PREV,previous_application,AMT_DOWN_PAYMENT,Float64,The total of `AMT_DOWN_PAYMENT` across the customer's previous Home Credit applications. Source column: down payment on the previous application,previous_application.group_by(SK_ID_CURR).sum(AMT_DOWN_PAYMENT),True,5.3507,0.0,37690,14374.126833,38778.289069,-0.45,0.0,0.0,5152.5,16740.0,121504.185,4037849.595,36.05,-0.027,0.05956,False,
DAYS_REGISTRATION,True,46,0.00309708,DRIVER,application_train,DAYS_REGISTRATION,Float64,How many days before the application did client change his registration,taken directly from application_train (no aggregation),False,0.0,0.0,15688,-4986.120328,3522.886321,-24672.0,-13879.0,-7479.0,-4504.0,-2010.0,-50.0,0.0,0.026,0.04197,,False,
BUREAU_L730D_AMT_CREDIT_SUM_MAX,True,47,0.00304641,BUREAU_L730D,bureau,AMT_CREDIT_SUM,Float64,The maximum of `AMT_CREDIT_SUM` over bureau records within the last 730 days (`DAYS_CREDIT` >= -730). Source column: current credit amount for the Credit Bureau credit,bureau.filter(DAYS_CREDIT >= -730).group_by(SK_ID_CURR).max(AMT_CREDIT_SUM),False,31.8359,31.8359,55255,797226.570168,1542057.303865,0.0,13500.0,135792.0,337500.0,877500.0,7500001.5,135000000.0,0.419,-0.01,0.07608,False,
NAME_FAMILY_STATUS,True,48,0.00298628,DRIVER,application_train,NAME_FAMILY_STATUS,String,Family status of the client,taken directly from application_train (no aggregation),False,0.0,0.0,6,,,,,,,,,,,,,False,Married=63.878%(dr 0.0756); Single / not married=14.778%(dr 0.09808); Civil marriage=9.683%(dr 0.09945); Separated=6.429%(dr 0.08194); Widow=5.232%(dr 0.05824); Unknown=0.001%(dr 0.0)
BUREAU_ACTIVE_COUNT,True,49,0.00292179,BUREAU,bureau,CREDIT_ACTIVE,UInt32,"Count of the customer's credit-bureau records (loans at other institutions) with `CREDIT_ACTIVE` = ""Active"".",bureau.group_by(SK_ID_CURR).sum(CREDIT_ACTIVE == 'Active'),True,14.3149,0.0,24,1.762275,1.804891,0.0,0.0,0.0,1.0,3.0,8.0,32.0,29.385,0.06713,0.10125,False,
PREV_DAYS_LAST_DUE_1ST_VERSION_MEAN,True,50,0.00283082,PREV,previous_application,DAYS_LAST_DUE_1ST_VERSION,Float64,The average of `DAYS_LAST_DUE_1ST_VERSION` across the customer's previous Home Credit applications. Source column: relative to application date of current application when was the first due of the previous application,previous_application.group_by(SK_ID_CURR).mean(DAYS_LAST_DUE_1ST_VERSION),False,6.6638,6.6638,33555,-608.405915,651.501686,-2800.0,-2402.0,-998.0,-515.0,-127.5,655.0,1797.0,0.06,0.04139,0.06895,False,
BUREAU_L730D_AMT_CREDIT_SUM_DEBT_MAX,True,51,0.0027566,BUREAU_L730D,bureau,AMT_CREDIT_SUM_DEBT,Float64,The maximum of `AMT_CREDIT_SUM_DEBT` over bureau records within the last 730 days (`DAYS_CREDIT` >= -730). Source column: current debt on Credit Bureau credit,bureau.filter(DAYS_CREDIT >= -730).group_by(SK_ID_CURR).max(AMT_CREDIT_SUM_DEBT),False,35.5457,35.5457,119447,526420.872845,1282657.747982,-2089184.31,0.0,19948.905,151087.5,515079.0,6107814.0,64570243.5,13.647,0.00027,0.07591,False,
RATIO_CREDIT_TO_INCOME,True,52,0.00274095,DRIVER_DERIVED,application_train,AMT_CREDIT,Float64,"Affordability ratio `AMT_CREDIT` / `AMT_INCOME_TOTAL` — leverage: how many years of gross income the loan principal represents. A tree splits on one column at a time and cannot express a quotient, so this is built explicitly on the driver frame.",application_train: AMT_CREDIT / AMT_INCOME_TOTAL (null when AMT_INCOME_TOTAL is 0 or null),False,0.0,0.0,48697,3.95757,2.689728,0.004808,0.595323,2.018667,3.265067,5.15988,13.027368,84.736842,0.0,-0.00773,,False,
DAYS_LAST_PHONE_CHANGE,True,53,0.00272046,DRIVER,application_train,DAYS_LAST_PHONE_CHANGE,Float64,How many days before application did client change phone,taken directly from application_train (no aggregation),False,0.0003,0.0003,3774,-962.858788,826.808487,-4292.0,-3149.0,-1570.0,-757.0,-274.0,0.0,0.0,12.251,0.05522,0.0,False,
REGION_POPULATION_RELATIVE,True,54,0.00264508,DRIVER,application_train,REGION_POPULATION_RELATIVE,Float64,Normalized population of region where client lives (higher number means the client lives in more populated region),taken directly from application_train (no aggregation),False,0.0,0.0,81,0.020868,0.013831,0.00029,0.002134,0.010006,0.01885,0.028663,0.072508,0.072508,0.0,-0.03723,,False,
BUREAU_L730D_AMT_CREDIT_SUM_DEBT_SUM,True,55,0.0025555,BUREAU_L730D,bureau,AMT_CREDIT_SUM_DEBT,Float64,The total of `AMT_CREDIT_SUM_DEBT` over bureau records within the last 730 days (`DAYS_CREDIT` >= -730). Source column: current debt on Credit Bureau credit,bureau.filter(DAYS_CREDIT >= -730).group_by(SK_ID_CURR).sum(AMT_CREDIT_SUM_DEBT),True,31.8353,0.0,128548,399054.291977,1179605.656043,-2089184.31,0.0,0.0,8383.5,327762.0,5280916.5,64570243.5,49.151,0.01063,0.07608,False,
PREV_INST_AMT_PAYMENT_SUM_SUM,True,56,0.00247566,INST,installments_payments,AMT_PAYMENT,Float64,"Two-level roll-up of `AMT_PAYMENT` from the installments_payments ledger — what the client actually paid on previous credit on this installment. Step 1: per prior loan, the total of `AMT_PAYMENT` over that loan's monthly installment records. Step 2: the total of those per-loan values across all of the customer's previous Home Credit applications.",installments_payments.group_by(SK_ID_PREV).sum(AMT_PAYMENT) → join onto previous_application → .group_by(SK_ID_CURR).sum(),True,5.3507,0.0,285519,627702.065119,888355.726726,0.0,0.0,107697.555,279961.965,764257.86,4201667.37,25537053.78,5.89,-0.02343,0.05956,False,
BUREAU_L730D_AMT_CREDIT_SUM_SUM,True,57,0.0024574,BUREAU_L730D,bureau,AMT_CREDIT_SUM,Float64,The total of `AMT_CREDIT_SUM` over bureau records within the last 730 days (`DAYS_CREDIT` >= -730). Source column: current credit amount for the Credit Bureau credit,bureau.filter(DAYS_CREDIT >= -730).group_by(SK_ID_CURR).sum(AMT_CREDIT_SUM),True,31.8353,0.0,121950,780526.028309,1800897.086618,0.0,0.0,0.0,205753.5,842592.735,8051790.6,270000000.0,32.255,0.00382,0.07608,False,
BUREAU_AMT_CREDIT_MAX_OVERDUE_MAX,True,58,0.00245579,BUREAU,bureau,AMT_CREDIT_MAX_OVERDUE,Float64,The maximum of `AMT_CREDIT_MAX_OVERDUE` across the customer's credit-bureau records (loans at other institutions). Source column: maximal amount overdue on the Credit Bureau credit so far (at application date of loan in our sample),bureau.group_by(SK_ID_CURR).max(AMT_CREDIT_MAX_OVERDUE),False,40.2018,40.2018,44799,9396.225567,367963.574345,0.0,0.0,0.0,0.0,5928.795,75627.0,115987185.0,36.892,0.00254,0.08414,False,
REGION_RATING_CLIENT_W_CITY,True,59,0.00245504,DRIVER,application_train,REGION_RATING_CLIENT_W_CITY,Int64,"Our rating of the region where client lives with taking city into account (1,2,3)",taken directly from application_train (no aggregation),False,0.0,0.0,3,2.031521,0.502737,1.0,1.0,2.0,2.0,2.0,3.0,3.0,0.0,0.06089,,False,
FLAG_DOCUMENT_3,True,60,0.00243141,DRIVER,application_train,FLAG_DOCUMENT_3,Int64,Did client provide document 3,taken directly from application_train (no aggregation),False,0.0,0.0,2,0.710023,0.453752,0.0,0.0,0.0,1.0,1.0,1.0,1.0,28.998,0.04435,,False,
PREV_HOUR_APPR_PROCESS_START_MEAN,True,61,0.00239556,PREV,previous_application,HOUR_APPR_PROCESS_START,Float64,The average of `HOUR_APPR_PROCESS_START` across the customer's previous Home Credit applications. Source column: approximately at what day hour did the client apply for the previous application,previous_application.group_by(SK_ID_CURR).mean(HOUR_APPR_PROCESS_START),False,5.3507,5.3507,2559,12.661586,2.775574,0.0,5.5,11.0,12.75,14.5,19.0,23.0,0.002,-0.03593,0.05956,False,
BUREAU_L730D_DAYS_CREDIT_MEAN,True,62,0.00238262,BUREAU_L730D,bureau,DAYS_CREDIT,Float64,The average of `DAYS_CREDIT` over bureau records within the last 730 days (`DAYS_CREDIT` >= -730). Source column: how many days before current application did client apply for Credit Bureau credit,bureau.filter(DAYS_CREDIT >= -730).group_by(SK_ID_CURR).mean(DAYS_CREDIT),False,31.8353,31.8353,11365,-370.56504,157.046893,-730.0,-711.0,-477.166667,-372.333333,-262.0,-36.0,0.0,0.001,0.05408,0.07608,False,
BUREAU_AMT_CREDIT_SUM_MIN,True,63,0.00230472,BUREAU,bureau,AMT_CREDIT_SUM,Float64,The minimum of `AMT_CREDIT_SUM` across the customer's credit-bureau records (loans at other institutions). Source column: current credit amount for the Credit Bureau credit,bureau.group_by(SK_ID_CURR).min(AMT_CREDIT_SUM),False,14.3153,14.3153,55802,119631.420884,580089.205461,0.0,0.0,16116.12,39534.84,90000.0,1447200.0,142290000.0,14.009,-0.01076,0.10125,False,
PREV_DAYS_LAST_DUE_1ST_VERSION_SUM,True,64,0.00230412,PREV,previous_application,DAYS_LAST_DUE_1ST_VERSION,Float64,The total of `DAYS_LAST_DUE_1ST_VERSION` across the customer's previous Home Credit applications. Source column: relative to application date of current application when was the first due of the previous application,previous_application.group_by(SK_ID_CURR).sum(DAYS_LAST_DUE_1ST_VERSION),True,5.3507,0.0,14186,-1692.299895,2261.073016,-35733.0,-9704.0,-2542.0,-983.0,-73.0,1232.0,6379.0,6.723,0.0519,0.05956,False,
PREV_DAYS_DECISION_MEAN,True,65,0.00230303,PREV,previous_application,DAYS_DECISION,Float64,The average of `DAYS_DECISION` across the customer's previous Home Credit applications. Source column: relative to current application when was the decision about previous application made,previous_application.group_by(SK_ID_CURR).mean(DAYS_DECISION),False,5.3507,5.3507,60030,-919.574157,577.765937,-2922.0,-2635.0,-1247.0,-789.0,-466.8,-139.0,-2.0,0.0,0.04686,0.05956,False,
BUREAU_DAYS_CREDIT_ENDDATE_MEAN,True,66,0.00230218,BUREAU,bureau,DAYS_CREDIT_ENDDATE,Float64,The average of `DAYS_CREDIT_ENDDATE` across the customer's credit-bureau records (loans at other institutions). Source column: remaining duration of CB credit (in days) at the time of application in Home Credit,bureau.group_by(SK_ID_CURR).mean(DAYS_CREDIT_ENDDATE),False,15.0463,15.0463,97904,651.807511,3281.717201,-41875.0,-2233.333333,-703.5,-135.555556,602.5,15265.5,31198.0,0.02,0.04698,0.10143,False,
BUREAU_AMT_CREDIT_SUM_SUM,True,67,0.00227938,BUREAU,bureau,AMT_CREDIT_SUM,Float64,The total of `AMT_CREDIT_SUM` across the customer's credit-bureau records (loans at other institutions). Source column: current credit amount for the Credit Bureau credit,bureau.group_by(SK_ID_CURR).sum(AMT_CREDIT_SUM),True,14.3149,0.0,205645,1675834.143059,3858106.108171,0.0,0.0,153949.5,711000.0,1971000.0,13279518.0,1017957917.385,14.667,-0.01406,0.10125,False,
PREV_INST_DAYS_LATE_MEAN_MIN,True,68,0.00224241,INST,installments_payments,INST_DAYS_LATE_MEAN,Float64,"The minimum, across the customer's previous Home Credit applications, of a per-loan derived metric: the average days late per installment (DAYS_ENTRY_PAYMENT - DAYS_INSTALMENT; negative = paid early), computed over that loan's installment ledger.",per-SK_ID_PREV `INST_DAYS_LATE_MEAN` (see features.aggregate_installments_by_prev) → .group_by(SK_ID_CURR).min(),False,5.8902,5.8902,17273,-18.389493,15.500549,-1600.0,-70.083333,-23.8,-15.25,-9.7,0.0,1974.047619,0.162,0.03057,0.06217,False,
BUREAU_L730D_COUNT,True,69,0.00223723,BUREAU_L730D,bureau,,UInt32,Number of bureau records within the last 730 days (`DAYS_CREDIT` >= -730) — a recent-activity volume signal.,bureau.filter(DAYS_CREDIT >= -730).group_by(SK_ID_CURR).len(),True,31.8353,0.0,42,1.831817,2.124422,0.0,0.0,0.0,1.0,3.0,9.0,96.0,31.835,0.07193,0.07608,False,
POS_L12M_CNT_INSTALMENT_FUTURE_MAX,True,70,0.00223487,POS_L12M,POS_CASH_balance,CNT_INSTALMENT_FUTURE,Float64,The maximum of `CNT_INSTALMENT_FUTURE` over POS_CASH_balance records within the last 12 months (`MONTHS_BALANCE` >= -12). Source column: installments left to pay on the previous credit,POS_CASH_balance.filter(MONTHS_BALANCE >= -12).group_by(SK_ID_CURR).max(CNT_INSTALMENT_FUTURE),False,32.8141,32.8141,65,17.172034,13.999142,0.0,0.0,8.0,12.0,24.0,60.0,84.0,2.725,0.02302,0.0802,False,
PREV_INST_AMT_PAYMENT_SUM_MAX,True,71,0.0022283,INST,installments_payments,AMT_PAYMENT,Float64,"Two-level roll-up of `AMT_PAYMENT` from the installments_payments ledger — what the client actually paid on previous credit on this installment. Step 1: per prior loan, the total of `AMT_PAYMENT` over that loan's monthly installment records. Step 2: the maximum of those per-loan values across all of the customer's previous Home Credit applications.",installments_payments.group_by(SK_ID_PREV).sum(AMT_PAYMENT) → join onto previous_application → .group_by(SK_ID_CURR).max(),False,5.8876,5.8876,269379,396692.178332,512648.481713,0.0,21654.54,96641.64,191283.975,486595.62,2361638.79,19347594.795,0.003,-0.02466,0.06214,False,
BUREAU_DAYS_CREDIT_UPDATE_MEAN,True,72,0.00218095,BUREAU,bureau,DAYS_CREDIT_UPDATE,Float64,The average of `DAYS_CREDIT_UPDATE` across the customer's credit-bureau records (loans at other institutions). Source column: how many days before loan application did last information about the Credit Bureau credit come,bureau.group_by(SK_ID_CURR).mean(DAYS_CREDIT_UPDATE),False,14.3149,14.3149,55039,-546.632499,453.747949,-41890.0,-2030.5,-779.0,-481.833333,-208.4,-7.0,14.0,0.005,0.06893,0.10125,False,
PREV_INST_AMT_PAYMENT_SUM_MEAN,True,73,0.00207602,INST,installments_payments,AMT_PAYMENT,Float64,"Two-level roll-up of `AMT_PAYMENT` from the installments_payments ledger — what the client actually paid on previous credit on this installment. Step 1: per prior loan, the total of `AMT_PAYMENT` over that loan's monthly installment records. Step 2: the average of those per-loan values across all of the customer's previous Home Credit applications.",installments_payments.group_by(SK_ID_PREV).sum(AMT_PAYMENT) → join onto previous_application → .group_by(SK_ID_CURR).mean(),False,5.8876,5.8876,285548,214212.80111,247759.067651,0.0,20701.98,74829.5325,133511.31,261542.25,1126290.69,15824490.975,0.003,-0.02283,0.06214,False,
PREV_RATE_DOWN_PAYMENT_MAX,True,74,0.00205022,PREV,previous_application,RATE_DOWN_PAYMENT,Float64,The maximum of `RATE_DOWN_PAYMENT` across the customer's previous Home Credit applications. Source column: down payment rate normalized on previous credit,previous_application.group_by(SK_ID_CURR).max(RATE_DOWN_PAYMENT),False,11.0259,11.0259,118255,0.128002,0.131108,0.0,0.0,0.0,0.105282,0.194572,0.564791,1.0,25.025,-0.0401,0.08296,False,
PREV_CC_CNT_DRAWINGS_ATM_CURRENT_MEAN_SUM,True,75,0.00201899,CC,credit_card_balance,CNT_DRAWINGS_ATM_CURRENT,Float64,"Two-level roll-up of `CNT_DRAWINGS_ATM_CURRENT` from the credit_card_balance ledger — number of drawings at ATM during this month on the previous credit. Step 1: per prior loan, the average of `CNT_DRAWINGS_ATM_CURRENT` over that loan's monthly credit-card records. Step 2: the total of those per-loan values across all of the customer's previous Home Credit applications.",credit_card_balance.group_by(SK_ID_PREV).mean(CNT_DRAWINGS_ATM_CURRENT) → join onto previous_application → .group_by(SK_ID_CURR).sum(),True,5.3507,0.0,3319,0.108765,0.453342,0.0,0.0,0.0,0.0,0.0,2.111111,35.0,85.39,0.06529,0.05956,False,
PREV_POS_CNT_INSTALMENT_FUTURE_MEAN_MAX,True,76,0.00199229,POS,POS_CASH_balance,CNT_INSTALMENT_FUTURE,Float64,"Two-level roll-up of `CNT_INSTALMENT_FUTURE` from the POS_CASH_balance ledger — installments left to pay on the previous credit. Step 1: per prior loan, the average of `CNT_INSTALMENT_FUTURE` over that loan's monthly POS/cash records. Step 2: the maximum of those per-loan values across all of the customer's previous Home Credit applications.",POS_CASH_balance.group_by(SK_ID_PREV).mean(CNT_INSTALMENT_FUTURE) → join onto previous_application → .group_by(SK_ID_CURR).max(),False,6.6911,6.6911,6237,14.111188,12.272658,0.0,2.0,6.0,9.0,18.0,56.5,82.0,0.011,0.01837,0.06969,False,
BUREAU_DAYS_CREDIT_UPDATE_MAX,True,77,0.00199006,BUREAU,bureau,DAYS_CREDIT_UPDATE,Int64,The maximum of `DAYS_CREDIT_UPDATE` across the customer's credit-bureau records (loans at other institutions). Source column: how many days before loan application did last information about the Credit Bureau credit come,bureau.group_by(SK_ID_CURR).max(DAYS_CREDIT_UPDATE),False,14.3149,14.3149,2664,-140.993347,348.822827,-41890.0,-1883.0,-50.0,-19.0,-9.0,-1.0,372.0,0.112,0.02823,0.10125,False,
DEF_30_CNT_SOCIAL_CIRCLE,True,78,0.0019759,DRIVER,application_train,DEF_30_CNT_SOCIAL_CIRCLE,Float64,How many observation of client's social surroundings defaulted on 30 DPD (days past due),taken directly from application_train (no aggregation),False,0.332,0.332,11,0.143421,0.446698,0.0,0.0,0.0,0.0,0.0,2.0,34.0,88.232,0.03225,0.03526,False,
PREV_POS_CNT_INSTALMENT_FUTURE_MIN_MEAN,True,79,0.00195817,POS,POS_CASH_balance,CNT_INSTALMENT_FUTURE,Float64,"Two-level roll-up of `CNT_INSTALMENT_FUTURE` from the POS_CASH_balance ledger — installments left to pay on the previous credit. Step 1: per prior loan, the minimum of `CNT_INSTALMENT_FUTURE` over that loan's monthly POS/cash records. Step 2: the average of those per-loan values across all of the customer's previous Home Credit applications.",POS_CASH_balance.group_by(SK_ID_PREV).min(CNT_INSTALMENT_FUTURE) → join onto previous_application → .group_by(SK_ID_CURR).mean(),False,6.6911,6.6911,761,2.288974,4.518689,0.0,0.0,0.0,0.0,2.75,21.0,60.0,47.378,0.01936,0.06969,False,
PREV_INST_DAYS_ENTRY_PAYMENT_MAX_MAX,True,80,0.00194896,INST,installments_payments,DAYS_ENTRY_PAYMENT,Float64,"Two-level roll-up of `DAYS_ENTRY_PAYMENT` from the installments_payments ledger — when was the installments of previous credit paid actually (relative to application date of current loan). Step 1: per prior loan, the maximum of `DAYS_ENTRY_PAYMENT` over that loan's monthly installment records. Step 2: the maximum of those per-loan values across all of the customer's previous Home Credit applications.",installments_payments.group_by(SK_ID_PREV).max(DAYS_ENTRY_PAYMENT) → join onto previous_application → .group_by(SK_ID_CURR).max(),False,5.8902,5.8902,2789,-323.662036,517.741402,-2888.0,-2349.0,-387.0,-70.0,-27.0,-4.0,-1.0,0.0,-0.00018,0.06217,False,
PREV_INST_AMT_INSTALMENT_MIN_MIN,True,81,0.00193304,INST,installments_payments,AMT_INSTALMENT,Float64,"Two-level roll-up of `AMT_INSTALMENT` from the installments_payments ledger — what was the prescribed installment amount of previous credit on this installment. Step 1: per prior loan, the minimum of `AMT_INSTALMENT` over that loan's monthly installment records. Step 2: the minimum of those per-loan values across all of the customer's previous Home Credit applications.",installments_payments.group_by(SK_ID_PREV).min(AMT_INSTALMENT) → join onto previous_application → .group_by(SK_ID_CURR).min(),False,5.8876,5.8876,163989,7417.855189,15457.300657,0.0,0.855,2371.185,5171.76,9375.255,41643.0,2504589.66,0.01,-0.02133,0.06214,False,
PREV_INST_AMT_PAYMENT_MIN_MIN,True,82,0.00192509,INST,installments_payments,AMT_PAYMENT,Float64,"Two-level roll-up of `AMT_PAYMENT` from the installments_payments ledger — what the client actually paid on previous credit on this installment. Step 1: per prior loan, the minimum of `AMT_PAYMENT` over that loan's monthly installment records. Step 2: the minimum of those per-loan values across all of the customer's previous Home Credit applications.",installments_payments.group_by(SK_ID_PREV).min(AMT_PAYMENT) → join onto previous_application → .group_by(SK_ID_CURR).min(),False,5.8902,5.8902,137321,5542.470642,15547.319648,0.0,0.135,49.32,2743.335,7496.685,38785.77,2504589.66,0.195,-0.02622,0.06217,False,
PREV_DAYS_TERMINATION_MAX,True,83,0.00191935,PREV,previous_application,DAYS_TERMINATION,Float64,The maximum of `DAYS_TERMINATION` across the customer's previous Home Credit applications. Source column: relative to application date of current application when was the expected termination of the previous application,previous_application.group_by(SK_ID_CURR).max(DAYS_TERMINATION),False,13.1693,13.1693,2745,-554.629401,587.031129,-2852.0,-2468.0,-710.0,-337.0,-154.0,-8.0,-2.0,0.0,0.00177,0.08615,False,
PREV_INST_DAYS_LATE_MEAN_MAX,True,84,0.00189825,INST,installments_payments,INST_DAYS_LATE_MEAN,Float64,"The maximum, across the customer's previous Home Credit applications, of a per-loan derived metric: the average days late per installment (DAYS_ENTRY_PAYMENT - DAYS_INSTALMENT; negative = paid early), computed over that loan's installment ledger.",per-SK_ID_PREV `INST_DAYS_LATE_MEAN` (see features.aggregate_installments_by_prev) → .group_by(SK_ID_CURR).max(),False,5.8902,5.8902,24323,-7.047159,13.683508,-295.0,-39.833333,-10.8,-5.8,-2.4,19.384615,1974.047619,2.754,0.01272,0.06217,False,
PREV_CC_UTILIZATION_MEAN_MAX,True,85,0.00189293,CC,credit_card_balance,CC_UTILIZATION_MEAN,Float64,"The maximum, across the customer's previous Home Credit applications, of a per-loan derived metric: the average credit-card utilisation (AMT_BALANCE / AMT_CREDIT_LIMIT_ACTUAL, months with a zero/negative limit excluded as null), computed over that loan's credit-card ledger.",per-SK_ID_PREV `CC_UTILIZATION_MEAN` (see features.aggregate_credit_card_by_prev) → .group_by(SK_ID_CURR).max(),False,74.9404,74.9404,51200,0.327736,0.333208,-0.084848,0.0,0.0,0.244555,0.609967,1.008122,1.564907,8.3,0.14407,0.07761,False,
PREV_INST_NUM_INSTALMENT_VERSION_SUM_MEAN,True,86,0.00188663,INST,installments_payments,NUM_INSTALMENT_VERSION,Float64,"Two-level roll-up of `NUM_INSTALMENT_VERSION` from the installments_payments ledger — version of installment calendar (0 is for credit card) of previous credit. Change of installment version from month to month signifies that some parameter of payment calendar has changed. Step 1: per prior loan, the total of `NUM_INSTALMENT_VERSION` over that loan's monthly installment records. Step 2: the average of those per-loan values across all of the customer's previous Home Credit applications.",installments_payments.group_by(SK_ID_PREV).sum(NUM_INSTALMENT_VERSION) → join onto previous_application → .group_by(SK_ID_CURR).mean(),False,5.8876,5.8876,2174,11.82309,12.074055,0.0,1.0,7.0,10.0,13.444444,47.0,1128.0,0.821,-0.01262,0.06214,False,
INST_L365D_UNDERPAY_RATE,True,87,0.00188254,INST_L365D,installments_payments,,Float64,Share of installments due in the last 365 days that were paid short of the scheduled amount.,installments_payments.filter(DAYS_INSTALMENT >= -365).group_by(SK_ID_CURR).mean(AMT_PAYMENT < AMT_INSTALMENT),True,29.278,0.0,692,0.042627,0.131256,0.0,0.0,0.0,0.0,0.0,0.666667,1.0,84.687,0.0725,0.07854,False,
PREV_NAME_YIELD_GROUP_low_action_RATE,True,88,0.00188128,PREV,previous_application,NAME_YIELD_GROUP,Float64,"Share of the customer's previous Home Credit applications whose `NAME_YIELD_GROUP` equals ""low_action"" (0 = never, 1 = always). Source column: grouped interest rate into small medium and high of the previous application",previous_application.group_by(SK_ID_CURR).mean(NAME_YIELD_GROUP == 'low_action'),True,5.3507,0.0,231,0.064858,0.179904,0.0,0.0,0.0,0.0,0.0,1.0,1.0,81.296,-0.02934,0.05956,False,
PREV_INST_AMT_INSTALMENT_MIN_SUM,True,89,0.00183155,INST,installments_payments,AMT_INSTALMENT,Float64,"Two-level roll-up of `AMT_INSTALMENT` from the installments_payments ledger — what was the prescribed installment amount of previous credit on this installment. Step 1: per prior loan, the minimum of `AMT_INSTALMENT` over that loan's monthly installment records. Step 2: the total of those per-loan values across all of the customer's previous Home Credit applications.",installments_payments.group_by(SK_ID_PREV).min(AMT_INSTALMENT) → join onto previous_application → .group_by(SK_ID_CURR).sum(),True,5.3507,0.0,261912,44782.878872,99773.358356,0.0,0.0,9597.105,22082.22,47442.105,410183.415,4014785.97,5.889,-0.02073,0.05956,False,
PREV_AMT_DOWN_PAYMENT_MEAN,True,90,0.00183048,PREV,previous_application,AMT_DOWN_PAYMENT,Float64,The average of `AMT_DOWN_PAYMENT` across the customer's previous Home Credit applications. Source column: down payment on the previous application,previous_application.group_by(SK_ID_CURR).mean(AMT_DOWN_PAYMENT),False,11.0259,11.0259,54130,7080.503289,18421.798359,-0.225,0.0,0.0,3375.0,8282.25,57375.0,2025000.0,25.024,-0.02462,0.08296,False,
PREV_CC_CNT_DRAWINGS_ATM_CURRENT_MEAN_MAX,True,91,0.00182355,CC,credit_card_balance,CNT_DRAWINGS_ATM_CURRENT,Float64,"Two-level roll-up of `CNT_DRAWINGS_ATM_CURRENT` from the credit_card_balance ledger — number of drawings at ATM during this month on the previous credit. Step 1: per prior loan, the average of `CNT_DRAWINGS_ATM_CURRENT` over that loan's monthly credit-card records. Step 2: the maximum of those per-loan values across all of the customer's previous Home Credit applications.",credit_card_balance.group_by(SK_ID_PREV).mean(CNT_DRAWINGS_ATM_CURRENT) → join onto previous_application → .group_by(SK_ID_CURR).max(),False,82.7876,82.7876,3252,0.631473,0.928754,0.0,0.0,0.083333,0.333333,0.833333,4.0,35.0,2.602,0.103,0.07516,False,
BUREAU_DAYS_CREDIT_MIN,True,92,0.00174357,BUREAU,bureau,DAYS_CREDIT,Int64,The minimum of `DAYS_CREDIT` across the customer's credit-bureau records (loans at other institutions). Source column: how many days before current application did client apply for Credit Bureau credit,bureau.group_by(SK_ID_CURR).min(DAYS_CREDIT),False,14.3149,14.3149,2923,-1762.374882,863.862181,-2922.0,-2912.0,-2583.0,-1827.0,-1035.0,-88.0,0.0,0.0,0.07525,0.10125,False,
PREV_INST_SHORTFALL_MEAN_MEAN,True,93,0.00165928,INST,installments_payments,INST_SHORTFALL_MEAN,Float64,"The average, across the customer's previous Home Credit applications, of a per-loan derived metric: the average payment shortfall per installment (AMT_INSTALMENT - AMT_PAYMENT; negative = overpaid), computed over that loan's installment ledger.",per-SK_ID_PREV `INST_SHORTFALL_MEAN` (see features.aggregate_installments_by_prev) → .group_by(SK_ID_CURR).mean(),False,5.8902,5.8902,134265,-537.927761,5915.232218,-409002.771094,-23287.4975,0.0,0.0,393.113571,5571.194423,146145.9,48.296,0.02523,0.06217,False,
PREV_INST_DAYS_LATE_MEAN_MEAN,True,94,0.00163444,INST,installments_payments,INST_DAYS_LATE_MEAN,Float64,"The average, across the customer's previous Home Credit applications, of a per-loan derived metric: the average days late per installment (DAYS_ENTRY_PAYMENT - DAYS_INSTALMENT; negative = paid early), computed over that loan's installment ledger.",per-SK_ID_PREV `INST_DAYS_LATE_MEAN` (see features.aggregate_installments_by_prev) → .group_by(SK_ID_CURR).mean(),False,5.8902,5.8902,141547,-12.289827,11.108653,-534.453561,-44.5,-15.875,-10.731966,-6.966667,4.75,1974.047619,0.147,0.02758,0.06217,False,
PREV_INST_AMT_INSTALMENT_MIN_MEAN,True,95,0.00163172,INST,installments_payments,AMT_INSTALMENT,Float64,"Two-level roll-up of `AMT_INSTALMENT` from the installments_payments ledger — what was the prescribed installment amount of previous credit on this installment. Step 1: per prior loan, the minimum of `AMT_INSTALMENT` over that loan's monthly installment records. Step 2: the average of those per-loan values across all of the customer's previous Home Credit applications.",installments_payments.group_by(SK_ID_PREV).min(AMT_INSTALMENT) → join onto previous_application → .group_by(SK_ID_CURR).mean(),False,5.8876,5.8876,263101,15507.377199,29915.485508,0.0,420.615,6538.095,10285.02,16297.476923,111513.5625,2504589.66,0.001,-0.01839,0.06214,False,
BUREAU_L730D_AMT_CREDIT_SUM_MEAN,True,96,0.00161574,BUREAU_L730D,bureau,AMT_CREDIT_SUM,Float64,The average of `AMT_CREDIT_SUM` over bureau records within the last 730 days (`DAYS_CREDIT` >= -730). Source column: current credit amount for the Credit Bureau credit,bureau.filter(DAYS_CREDIT >= -730).group_by(SK_ID_CURR).mean(AMT_CREDIT_SUM),False,31.8359,31.8359,124482,476458.906083,1027895.222025,0.0,12510.0,105772.5,218094.75,472500.0,4387500.0,135000000.0,0.419,-0.02159,0.07608,False,
PREV_AMT_ANNUITY_MEAN,True,97,0.00159728,PREV,previous_application,AMT_ANNUITY,Float64,The average of `AMT_ANNUITY` across the customer's previous Home Credit applications. Source column: annuity of previous application,previous_application.group_by(SK_ID_CURR).mean(AMT_ANNUITY),False,5.4863,5.4863,268979,14532.052781,10007.483472,0.0,2700.315,7835.99625,11984.355,18330.285,50077.53,300425.445,0.0,-0.03487,0.05939,False,
INST_L365D_AMT_INSTALMENT_MAX,True,98,0.00158001,INST_L365D,installments_payments,AMT_INSTALMENT,Float64,The maximum of `AMT_INSTALMENT` over installments_payments records within the last 365 days (`DAYS_INSTALMENT` >= -365). Source column: what was the prescribed installment amount of previous credit on this installment,installments_payments.filter(DAYS_INSTALMENT >= -365).group_by(SK_ID_CURR).max(AMT_INSTALMENT),False,29.2682,29.2682,165501,108044.575223,220077.144226,0.045,121.185,11942.505,25996.365,79762.32,1101250.26,3771487.845,0.0,0.00616,0.07846,False,
BUREAU_DAYS_ENDDATE_FACT_MIN,True,99,0.00157367,BUREAU,bureau,DAYS_ENDDATE_FACT,Float64,The minimum of `DAYS_ENDDATE_FACT` across the customer's credit-bureau records (loans at other institutions). Source column: days since CB credit ended at the time of application in Home Credit (only for closed credit),bureau.group_by(SK_ID_CURR).min(DAYS_ENDDATE_FACT),False,25.0905,25.0905,2917,-1467.338777,792.310701,-42023.0,-2735.0,-2211.0,-1452.0,-809.0,-51.0,0.0,0.001,0.05589,0.10503,False,
INST_L365D_AMT_PAYMENT_MAX,True,100,0.00155548,INST_L365D,installments_payments,AMT_PAYMENT,Float64,The maximum of `AMT_PAYMENT` over installments_payments records within the last 365 days (`DAYS_INSTALMENT` >= -365). Source column: what the client actually paid on previous credit on this installment,installments_payments.filter(DAYS_INSTALMENT >= -365).group_by(SK_ID_CURR).max(AMT_PAYMENT),False,29.278,29.278,159206,109618.226695,222043.511863,0.045,121.095,12028.455,26341.785,82179.0,1115403.39,3771487.845,0.0,0.00538,0.07854,False,
PREV_CNT_PAYMENT_MAX,True,101,0.0015523,PREV,previous_application,CNT_PAYMENT,Float64,The maximum of `CNT_PAYMENT` across the customer's previous Home Credit applications. Source column: term of previous credit at application of the previous application,previous_application.group_by(SK_ID_CURR).max(CNT_PAYMENT),False,5.4857,5.4857,44,24.09499,16.72187,0.0,4.0,12.0,18.0,36.0,60.0,84.0,0.675,0.02944,0.0594,False,
PREV_SELLERPLACE_AREA_MEAN,True,102,0.00154221,PREV,previous_application,SELLERPLACE_AREA,Float64,The average of `SELLERPLACE_AREA` across the customer's previous Home Credit applications. Source column: selling area of seller place of the previous application,previous_application.group_by(SK_ID_CURR).mean(SELLERPLACE_AREA),False,5.3507,5.3507,39426,413.112737,10722.704687,-1.0,-1.0,23.0,79.0,350.0,3333.0,4000000.0,0.404,-0.00243,0.05956,False,
POS_L12M_SK_DPD_DEF_MEAN,True,103,0.00154138,POS_L12M,POS_CASH_balance,SK_DPD_DEF,Float64,The average of `SK_DPD_DEF` over POS_CASH_balance records within the last 12 months (`MONTHS_BALANCE` >= -12). Source column: dPD during the month with tolerance (debts with low loan amounts are ignored) of the previous credit,POS_CASH_balance.filter(MONTHS_BALANCE >= -12).group_by(SK_ID_CURR).mean(SK_DPD_DEF),False,32.7188,32.7188,656,0.30945,23.309504,0.0,0.0,0.0,0.0,0.0,0.727273,2900.25,65.003,0.0066,0.08014,False,
PREV_INST_AMT_PAYMENT_MEAN_MIN,True,104,0.00154029,INST,installments_payments,AMT_PAYMENT,Float64,"Two-level roll-up of `AMT_PAYMENT` from the installments_payments ledger — what the client actually paid on previous credit on this installment. Step 1: per prior loan, the average of `AMT_PAYMENT` over that loan's monthly installment records. Step 2: the minimum of those per-loan values across all of the customer's previous Home Credit applications.",installments_payments.group_by(SK_ID_PREV).mean(AMT_PAYMENT) → join onto previous_application → .group_by(SK_ID_CURR).min(),False,5.8902,5.8902,270686,10788.899585,21140.515669,0.45,1418.530794,4177.285714,6743.3225,11581.695,69364.38375,2504589.66,0.0,-0.01459,0.06217,False,
PREV_CC_CNT_DRAWINGS_ATM_CURRENT_MEAN_MIN,True,105,0.00151911,CC,credit_card_balance,CNT_DRAWINGS_ATM_CURRENT,Float64,"Two-level roll-up of `CNT_DRAWINGS_ATM_CURRENT` from the credit_card_balance ledger — number of drawings at ATM during this month on the previous credit. Step 1: per prior loan, the average of `CNT_DRAWINGS_ATM_CURRENT` over that loan's monthly credit-card records. Step 2: the minimum of those per-loan values across all of the customer's previous Home Credit applications.",credit_card_balance.group_by(SK_ID_PREV).mean(CNT_DRAWINGS_ATM_CURRENT) → join onto previous_application → .group_by(SK_ID_CURR).min(),False,82.7876,82.7876,3254,0.62999,0.928011,0.0,0.0,0.083333,0.328767,0.833333,4.0,35.0,2.614,0.10277,0.07516,False,
PREV_DAYS_DECISION_MAX,True,106,0.00150694,PREV,previous_application,DAYS_DECISION,Int64,The maximum of `DAYS_DECISION` across the customer's previous Home Credit applications. Source column: relative to current application when was the decision about previous application made,previous_application.group_by(SK_ID_CURR).max(DAYS_DECISION),False,5.3507,5.3507,2923,-480.816819,540.186089,-2922.0,-2590.0,-595.0,-299.0,-147.0,-5.0,-1.0,0.0,0.0164,0.05956,False,
RATIO_INCOME_PER_PERSON,True,107,0.00150556,DRIVER_DERIVED,application_train,AMT_INCOME_TOTAL,Float64,"Affordability ratio `AMT_INCOME_TOTAL` / `CNT_FAM_MEMBERS` — household income per family member. A tree splits on one column at a time and cannot express a quotient, so this is built explicitly on the driver frame.",application_train: AMT_INCOME_TOTAL / CNT_FAM_MEMBERS (null when CNT_FAM_MEMBERS is 0 or null),False,0.0007,0.0007,3065,93105.879645,101373.363394,2812.5,18000.0,47250.0,75000.0,112500.0,337500.0,39000000.0,0.0,-0.00657,0.0,False,
TOTALAREA_MODE,True,108,0.00149111,DRIVER,application_train,TOTALAREA_MODE,Float64,"Normalized information about building where the client lives, What is average (_AVG suffix), modus (_MODE suffix), median (_MEDI suffix) apartment size, common area, living area, age of building, number of elevators, number of entrances, state of the building, number of floor",taken directly from application_train (no aggregation),False,48.2685,48.2685,5117,0.102547,0.107462,0.0,0.0016,0.0412,0.0688,0.1276,0.5258,1.0,0.189,-0.0326,0.09234,False,
BUREAU_AMT_CREDIT_MAX_OVERDUE_SUM,True,109,0.00148098,BUREAU,bureau,AMT_CREDIT_MAX_OVERDUE,Float64,The total of `AMT_CREDIT_MAX_OVERDUE` across the customer's credit-bureau records (loans at other institutions). Source column: maximal amount overdue on the Credit Bureau credit so far (at application date of loan in our sample),bureau.group_by(SK_ID_CURR).sum(AMT_CREDIT_MAX_OVERDUE),True,14.3149,0.0,50284,6626.062576,285740.772119,0.0,0.0,0.0,0.0,0.0,72463.5,115987185.0,77.094,0.00249,0.10125,False,
BUREAU_AMT_CREDIT_SUM_DEBT_MAX,True,110,0.00147544,BUREAU,bureau,AMT_CREDIT_SUM_DEBT,Float64,The maximum of `AMT_CREDIT_SUM_DEBT` across the customer's credit-bureau records (loans at other institutions). Source column: current debt on Credit Bureau credit,bureau.group_by(SK_ID_CURR).max(AMT_CREDIT_SUM_DEBT),False,16.7083,16.7083,138944,521627.494041,1343224.438618,-25959.645,0.0,0.0,149458.5,495000.0,6277815.0,170100000.0,23.039,-0.00217,0.09636,False,
PREV_AMT_ANNUITY_MIN,True,111,0.00144167,PREV,previous_application,AMT_ANNUITY,Float64,The minimum of `AMT_ANNUITY` across the customer's previous Home Credit applications. Source column: annuity of previous application,previous_application.group_by(SK_ID_CURR).min(AMT_ANNUITY),False,5.4863,5.4863,145163,7864.303564,7488.132807,0.0,1583.82,3499.47,5721.975,9490.725,38250.0,300425.445,0.391,-0.03225,0.05939,False,
PREV_RATE_DOWN_PAYMENT_MEAN,True,112,0.00141854,PREV,previous_application,RATE_DOWN_PAYMENT,Float64,The average of `RATE_DOWN_PAYMENT` across the customer's previous Home Credit applications. Source column: down payment rate normalized on previous credit,previous_application.group_by(SK_ID_CURR).mean(RATE_DOWN_PAYMENT),False,11.0259,11.0259,166521,0.081924,0.089517,-7e-06,0.0,0.0,0.066315,0.108914,0.423081,0.98974,25.024,-0.0336,0.08296,False,
BUREAU_DAYS_CREDIT_ENDDATE_SUM,True,113,0.00141569,BUREAU,bureau,DAYS_CREDIT_ENDDATE,Float64,The total of `DAYS_CREDIT_ENDDATE` across the customer's credit-bureau records (loans at other institutions). Source column: remaining duration of CB credit (in days) at the time of application in Home Credit,bureau.group_by(SK_ID_CURR).sum(DAYS_CREDIT_ENDDATE),True,14.3149,0.0,45665,2206.951433,11670.110723,-155271.0,-14198.0,-2331.0,0.0,1167.0,54598.0,214193.0,15.066,0.05373,0.10125,False,
PREV_CC_UTILIZATION_MEAN_SUM,True,114,0.00139978,CC,credit_card_balance,CC_UTILIZATION_MEAN,Float64,"The total, across the customer's previous Home Credit applications, of a per-loan derived metric: the average credit-card utilisation (AMT_BALANCE / AMT_CREDIT_LIMIT_ACTUAL, months with a zero/negative limit excluded as null), computed over that loan's credit-card ledger.",per-SK_ID_PREV `CC_UTILIZATION_MEAN` (see features.aggregate_credit_card_by_prev) → .group_by(SK_ID_CURR).sum(),True,5.3507,0.0,51201,0.082224,0.219423,-0.084848,0.0,0.0,0.0,0.0,0.945327,1.818344,83.24,0.07059,0.05956,False,
PREV_CC_UTILIZATION_MEAN_MEAN,True,115,0.00139407,CC,credit_card_balance,CC_UTILIZATION_MEAN,Float64,"The average, across the customer's previous Home Credit applications, of a per-loan derived metric: the average credit-card utilisation (AMT_BALANCE / AMT_CREDIT_LIMIT_ACTUAL, months with a zero/negative limit excluded as null), computed over that loan's credit-card ledger.",per-SK_ID_PREV `CC_UTILIZATION_MEAN` (see features.aggregate_credit_card_by_prev) → .group_by(SK_ID_CURR).mean(),False,74.9404,74.9404,51203,0.327186,0.332938,-0.084848,0.0,0.0,0.243299,0.608917,1.007987,1.564907,8.3,0.14384,0.07761,False,
PREV_POS_CNT_INSTALMENT_FUTURE_MIN_SUM,True,116,0.0013844,POS,POS_CASH_balance,CNT_INSTALMENT_FUTURE,Float64,"Two-level roll-up of `CNT_INSTALMENT_FUTURE` from the POS_CASH_balance ledger — installments left to pay on the previous credit. Step 1: per prior loan, the minimum of `CNT_INSTALMENT_FUTURE` over that loan's monthly POS/cash records. Step 2: the total of those per-loan values across all of the customer's previous Home Credit applications.",POS_CASH_balance.group_by(SK_ID_PREV).min(CNT_INSTALMENT_FUTURE) → join onto previous_application → .group_by(SK_ID_CURR).sum(),True,5.3507,0.0,121,5.84117,11.68714,0.0,0.0,0.0,0.0,6.0,55.0,132.0,54.069,0.00895,0.05956,False,
BUREAU_DAYS_ENDDATE_FACT_MEAN,True,117,0.00138372,BUREAU,bureau,DAYS_ENDDATE_FACT,Float64,The average of `DAYS_ENDDATE_FACT` across the customer's credit-bureau records (loans at other institutions). Source column: days since CB credit ended at the time of application in Home Credit (only for closed credit),bureau.group_by(SK_ID_CURR).mean(DAYS_ENDDATE_FACT),False,25.0905,25.0905,42357,-970.304531,535.629765,-8376.5,-2445.5,-1296.166667,-928.4,-572.0,-49.0,0.0,0.001,0.0532,0.10503,False,
PREV_CODE_REJECT_REASON_HC_RATE,True,118,0.00135715,PREV,previous_application,CODE_REJECT_REASON,Float64,"Share of the customer's previous Home Credit applications whose `CODE_REJECT_REASON` equals ""HC"" (0 = never, 1 = always). Source column: why was the previous application rejected",previous_application.group_by(SK_ID_CURR).mean(CODE_REJECT_REASON == 'HC'),True,5.3507,0.0,389,0.056507,0.130579,0.0,0.0,0.0,0.0,0.0,0.594595,1.0,78.528,0.05453,0.05956,False,
POS_L12M_COUNT,True,119,0.00135428,POS_L12M,POS_CASH_balance,,UInt32,Number of POS_CASH_balance records within the last 12 months (`MONTHS_BALANCE` >= -12) — a recent-activity volume signal.,POS_CASH_balance.filter(MONTHS_BALANCE >= -12).group_by(SK_ID_CURR).len(),True,32.7188,0.0,51,6.56172,6.634836,0.0,0.0,0.0,6.0,11.0,27.0,51.0,32.719,-0.01883,0.08014,False,
INST_L365D_AMT_PAYMENT_SUM,True,120,0.00135087,INST_L365D,installments_payments,AMT_PAYMENT,Float64,The total of `AMT_PAYMENT` over installments_payments records within the last 365 days (`DAYS_INSTALMENT` >= -365). Source column: what the client actually paid on previous credit on this installment,installments_payments.filter(DAYS_INSTALMENT >= -365).group_by(SK_ID_CURR).sum(AMT_PAYMENT),True,29.2682,0.0,206232,231074.349675,405626.420517,0.0,0.0,0.0,83957.4,270000.0,1972913.535,15092871.12,29.278,-0.01465,0.07846,False,
PREV_INST_NUM_INSTALMENT_VERSION_MEAN_MAX,True,121,0.00134888,INST,installments_payments,NUM_INSTALMENT_VERSION,Float64,"Two-level roll-up of `NUM_INSTALMENT_VERSION` from the installments_payments ledger — version of installment calendar (0 is for credit card) of previous credit. Change of installment version from month to month signifies that some parameter of payment calendar has changed. Step 1: per prior loan, the average of `NUM_INSTALMENT_VERSION` over that loan's monthly installment records. Step 2: the maximum of those per-loan values across all of the customer's previous Home Credit applications.",installments_payments.group_by(SK_ID_PREV).mean(NUM_INSTALMENT_VERSION) → join onto previous_application → .group_by(SK_ID_CURR).max(),False,5.8876,5.8876,2974,1.404432,0.935473,0.0,1.0,1.0,1.125,1.333333,5.238095,89.5,0.821,-0.02481,0.06214,False,
PREV_SELLERPLACE_AREA_MAX,True,122,0.00134753,PREV,previous_application,SELLERPLACE_AREA,Int64,The maximum of `SELLERPLACE_AREA` across the customer's previous Home Credit applications. Source column: selling area of seller place of the previous application,previous_application.group_by(SK_ID_CURR).max(SELLERPLACE_AREA),False,5.3507,5.3507,2045,967.979413,16839.498344,-1.0,-1.0,50.0,158.0,1168.0,6000.0,4000000.0,0.853,-0.00313,0.05956,False,
FLAG_WORK_PHONE,True,123,0.00133329,DRIVER,application_train,FLAG_WORK_PHONE,Int64,"Did client provide home phone (1=YES, 0=NO)",taken directly from application_train (no aggregation),False,0.0,0.0,2,0.199368,0.399526,0.0,0.0,0.0,0.0,0.0,1.0,1.0,80.063,0.02852,,False,
PREV_NAME_PRODUCT_TYPE_walk_in_RATE,True,124,0.00131117,PREV,previous_application,NAME_PRODUCT_TYPE,Float64,"Share of the customer's previous Home Credit applications whose `NAME_PRODUCT_TYPE` equals ""walk-in"" (0 = never, 1 = always). Source column: was the previous application x-sell o walk-in",previous_application.group_by(SK_ID_CURR).mean(NAME_PRODUCT_TYPE == 'walk-in'),True,5.3507,0.0,334,0.076242,0.179383,0.0,0.0,0.0,0.0,0.0,1.0,1.0,76.371,0.05741,0.05956,False,
BUREAU_DAYS_CREDIT_UPDATE_MIN,True,125,0.00131057,BUREAU,bureau,DAYS_CREDIT_UPDATE,Int64,The minimum of `DAYS_CREDIT_UPDATE` across the customer's credit-bureau records (loans at other institutions). Source column: how many days before loan application did last information about the Credit Bureau credit come,bureau.group_by(SK_ID_CURR).min(DAYS_CREDIT_UPDATE),False,14.3149,14.3149,2970,-1181.361048,1118.149908,-41947.0,-2709.0,-1902.0,-1055.0,-474.0,-7.0,14.0,0.005,0.04286,0.10125,False,
INST_L365D_AMT_PAYMENT_MEAN,True,126,0.0013103,INST_L365D,installments_payments,AMT_PAYMENT,Float64,The average of `AMT_PAYMENT` over installments_payments records within the last 365 days (`DAYS_INSTALMENT` >= -365). Source column: what the client actually paid on previous credit on this installment,installments_payments.filter(DAYS_INSTALMENT >= -365).group_by(SK_ID_CURR).mean(AMT_PAYMENT),False,29.278,29.278,205896,31339.701029,69811.097509,0.045,115.74,8315.061429,14824.665,29124.855,292162.887,2504589.66,0.0,-0.01323,0.07854,False,
CC_L12M_AMT_DRAWINGS_CURRENT_MEAN,True,127,0.00130882,CC_L12M,credit_card_balance,AMT_DRAWINGS_CURRENT,Float64,The average of `AMT_DRAWINGS_CURRENT` over credit_card_balance records within the last 12 months (`MONTHS_BALANCE` >= -12). Source column: amount drawing during the month of the previous credit,credit_card_balance.filter(MONTHS_BALANCE >= -12).group_by(SK_ID_CURR).mean(AMT_DRAWINGS_CURRENT),False,71.7392,71.7392,30304,11895.467698,27625.712739,0.0,0.0,0.0,0.0,14445.54375,115972.19625,1125000.0,15.773,0.05444,0.07838,False,
BUREAU_DAYS_CREDIT_ENDDATE_MIN,True,128,0.00130566,BUREAU,bureau,DAYS_CREDIT_ENDDATE,Float64,The minimum of `DAYS_CREDIT_ENDDATE` across the customer's credit-bureau records (loans at other institutions). Source column: remaining duration of CB credit (in days) at the time of application in Home Credit,bureau.group_by(SK_ID_CURR).min(DAYS_CREDIT_ENDDATE),False,15.0463,15.0463,6829,-1029.578131,2640.338801,-42060.0,-2701.0,-2132.0,-1268.0,-449.0,3710.0,31198.0,0.023,0.03428,0.10143,False,
PREV_INST_AMT_INSTALMENT_MEAN_MIN,True,129,0.00130341,INST,installments_payments,AMT_INSTALMENT,Float64,"Two-level roll-up of `AMT_INSTALMENT` from the installments_payments ledger — what was the prescribed installment amount of previous credit on this installment. Step 1: per prior loan, the average of `AMT_INSTALMENT` over that loan's monthly installment records. Step 2: the minimum of those per-loan values across all of the customer's previous Home Credit applications.",installments_payments.group_by(SK_ID_PREV).mean(AMT_INSTALMENT) → join onto previous_application → .group_by(SK_ID_CURR).min(),False,5.8876,5.8876,269344,10902.51504,20293.269791,0.0,1556.196429,4392.882,7015.024286,11912.9175,65780.73,2504589.66,0.003,-0.01215,0.06214,False,
PREV_AMT_GOODS_PRICE_MIN,True,130,0.00128654,PREV,previous_application,AMT_GOODS_PRICE,Float64,The minimum of `AMT_GOODS_PRICE` across the customer's previous Home Credit applications. Source column: goods price of good that client asked for (if applicable) on the previous application,previous_application.group_by(SK_ID_CURR).min(AMT_GOODS_PRICE),False,5.6678,5.6678,47006,79415.467424,110415.404975,0.0,0.0,29205.0,45630.0,90000.0,512550.0,4050000.0,1.534,-0.02081,0.05938,False,
PREV_POS_COUNT_SUM,True,131,0.00128345,POS,POS_CASH_balance,,UInt32,"The total, across the customer's previous Home Credit applications, of the number of monthly POS/cash ledger records a prior loan has. A null means the customer has no prior loan with any POS/cash history.",POS_CASH_balance.group_by(SK_ID_PREV).len() → join onto previous_application → .group_by(SK_ID_CURR).sum(),True,5.3507,0.0,225,26.834012,23.808168,0.0,0.0,11.0,20.0,37.0,111.0,285.0,6.681,-0.03585,0.05956,False,
PREV_RATE_DOWN_PAYMENT_SUM,True,132,0.00126539,PREV,previous_application,RATE_DOWN_PAYMENT,Float64,The total of `RATE_DOWN_PAYMENT` across the customer's previous Home Credit applications. Source column: down payment rate normalized on previous credit,previous_application.group_by(SK_ID_CURR).sum(RATE_DOWN_PAYMENT),True,5.3507,0.0,156895,0.173161,0.233314,-1.5e-05,0.0,0.0,0.103982,0.222345,1.051306,4.476351,36.05,-0.04169,0.05956,False,
PREV_INST_DAYS_LATE_MEAN_SUM,True,133,0.0012585,INST,installments_payments,INST_DAYS_LATE_MEAN,Float64,"The total, across the customer's previous Home Credit applications, of a per-loan derived metric: the average days late per installment (DAYS_ENTRY_PAYMENT - DAYS_INSTALMENT; negative = paid early), computed over that loan's installment ledger.",per-SK_ID_PREV `INST_DAYS_LATE_MEAN` (see features.aggregate_installments_by_prev) → .group_by(SK_ID_CURR).sum(),True,5.3507,0.0,136068,-31.731709,34.335534,-1603.360684,-149.935714,-43.5,-23.237762,-10.857143,6.928571,1974.047619,6.037,0.04048,0.05956,False,
CC_L12M_AMT_BALANCE_MEAN,True,134,0.00124171,CC_L12M,credit_card_balance,AMT_BALANCE,Float64,The average of `AMT_BALANCE` over credit_card_balance records within the last 12 months (`MONTHS_BALANCE` >= -12). Source column: balance during the month of previous credit,credit_card_balance.filter(MONTHS_BALANCE >= -12).group_by(SK_ID_CURR).mean(AMT_BALANCE),False,71.7392,71.7392,37904,66949.367301,126174.912277,0.0,0.0,0.0,0.0,87863.61,579681.33,949339.35,15.844,0.08508,0.07838,False,
PREV_INST_LATE_RATE_MAX,True,135,0.00123908,INST,installments_payments,INST_LATE_RATE,Float64,"The maximum, across the customer's previous Home Credit applications, of a per-loan derived metric: the share of installments paid after their due date (DAYS_ENTRY_PAYMENT > DAYS_INSTALMENT), computed over that loan's installment ledger.",per-SK_ID_PREV `INST_LATE_RATE` (see features.aggregate_installments_by_prev) → .group_by(SK_ID_CURR).max(),False,5.8902,5.8902,1911,0.131806,0.178265,0.0,0.0,0.0,0.04,0.222222,0.7,1.0,45.276,0.05068,0.06217,False,
DEF_60_CNT_SOCIAL_CIRCLE,True,136,0.00123313,DRIVER,application_train,DEF_60_CNT_SOCIAL_CIRCLE,Float64,How many observation of client's social surroundings defaulted on 60 (days past due) DPD,taken directly from application_train (no aggregation),False,0.332,0.332,10,0.100049,0.362291,0.0,0.0,0.0,0.0,0.0,2.0,24.0,91.288,0.03128,0.03526,False,
PREV_NAME_YIELD_GROUP_low_normal_RATE,True,137,0.00122715,PREV,previous_application,NAME_YIELD_GROUP,Float64,"Share of the customer's previous Home Credit applications whose `NAME_YIELD_GROUP` equals ""low_normal"" (0 = never, 1 = always). Source column: grouped interest rate into small medium and high of the previous application",previous_application.group_by(SK_ID_CURR).mean(NAME_YIELD_GROUP == 'low_normal'),True,5.3507,0.0,327,0.19879,0.272215,0.0,0.0,0.0,0.071429,0.333333,1.0,1.0,49.339,-0.04113,0.05956,False,
POS_L12M_SK_DPD_MEAN,True,138,0.00122128,POS_L12M,POS_CASH_balance,SK_DPD,Float64,The average of `SK_DPD` over POS_CASH_balance records within the last 12 months (`MONTHS_BALANCE` >= -12). Source column: dPD (days past due) during the month of previous credit,POS_CASH_balance.filter(MONTHS_BALANCE >= -12).group_by(SK_ID_CURR).mean(SK_DPD),False,32.7188,32.7188,1737,6.413805,112.266349,0.0,0.0,0.0,0.0,0.0,2.25,4064.166667,64.158,0.0072,0.08014,False,
PREV_INST_AMT_INSTALMENT_SUM_MEAN,True,139,0.00121212,INST,installments_payments,AMT_INSTALMENT,Float64,"Two-level roll-up of `AMT_INSTALMENT` from the installments_payments ledger — what was the prescribed installment amount of previous credit on this installment. Step 1: per prior loan, the total of `AMT_INSTALMENT` over that loan's monthly installment records. Step 2: the average of those per-loan values across all of the customer's previous Home Credit applications.",installments_payments.group_by(SK_ID_PREV).sum(AMT_INSTALMENT) → join onto previous_application → .group_by(SK_ID_CURR).mean(),False,5.8876,5.8876,285947,212416.243743,231694.348594,0.0,21148.425,77200.335,137116.695,264779.9175,1046747.745,15945256.665,0.001,-0.01591,0.06214,False,
PREV_CC_OVERLIMIT_MONTHS_MEAN,True,140,0.00119872,CC,credit_card_balance,CC_OVERLIMIT_MONTHS,Float64,"The average, across the customer's previous Home Credit applications, of a per-loan derived metric: the number of months the card balance exceeded the credit limit, computed over that loan's credit-card ledger.",per-SK_ID_PREV `CC_OVERLIMIT_MONTHS` (see features.aggregate_credit_card_by_prev) → .group_by(SK_ID_CURR).mean(),False,74.6565,74.6565,92,3.062123,6.80534,0.0,0.0,0.0,0.0,3.0,34.0,84.0,14.725,0.04542,0.07745,False,
PREV_INST_AMT_INSTALMENT_SUM_MIN,True,141,0.00119685,INST,installments_payments,AMT_INSTALMENT,Float64,"Two-level roll-up of `AMT_INSTALMENT` from the installments_payments ledger — what was the prescribed installment amount of previous credit on this installment. Step 1: per prior loan, the total of `AMT_INSTALMENT` over that loan's monthly installment records. Step 2: the minimum of those per-loan values across all of the customer's previous Home Credit applications.",installments_payments.group_by(SK_ID_PREV).sum(AMT_INSTALMENT) → join onto previous_application → .group_by(SK_ID_CURR).min(),False,5.8876,5.8876,265431,101878.410119,167334.365842,0.0,7514.64,33067.08,58569.75,111622.86,750280.095,15945256.665,0.003,-0.00626,0.06214,False,
PREV_INST_NUM_INSTALMENT_VERSION_SUM_SUM,True,142,0.00119393,INST,installments_payments,NUM_INSTALMENT_VERSION,Float64,"Two-level roll-up of `NUM_INSTALMENT_VERSION` from the installments_payments ledger — version of installment calendar (0 is for credit card) of previous credit. Change of installment version from month to month signifies that some parameter of payment calendar has changed. Step 1: per prior loan, the total of `NUM_INSTALMENT_VERSION` over that loan's monthly installment records. Step 2: the total of those per-loan values across all of the customer's previous Home Credit applications.",installments_payments.group_by(SK_ID_PREV).sum(NUM_INSTALMENT_VERSION) → join onto previous_application → .group_by(SK_ID_CURR).sum(),True,5.3507,0.0,555,31.60724,36.564188,0.0,0.0,10.0,21.0,41.0,158.0,1419.0,6.709,-0.02946,0.05956,False,
PREV_APPROVED_RATE,True,143,0.0011913,PREV,previous_application,NAME_CONTRACT_STATUS,Float64,"Share of the customer's previous Home Credit applications with `NAME_CONTRACT_STATUS` = ""Approved"".",previous_application.group_by(SK_ID_CURR).mean(NAME_CONTRACT_STATUS == 'Approved'),True,5.3507,0.0,363,0.708786,0.305837,0.0,0.0,0.5,0.75,1.0,1.0,1.0,5.673,-0.06352,0.05956,False,
PREV_CNT_PAYMENT_SUM,True,144,0.00118269,PREV,previous_application,CNT_PAYMENT,Float64,The total of `CNT_PAYMENT` across the customer's previous Home Credit applications. Source column: term of previous credit at application of the previous application,previous_application.group_by(SK_ID_CURR).sum(CNT_PAYMENT),True,5.3507,0.0,728,57.758178,73.584183,0.0,0.0,12.0,34.0,72.0,352.0,1788.0,6.161,0.02772,0.05956,False,
PREV_INST_AMT_INSTALMENT_MAX_MIN,True,145,0.00117446,INST,installments_payments,AMT_INSTALMENT,Float64,"Two-level roll-up of `AMT_INSTALMENT` from the installments_payments ledger — what was the prescribed installment amount of previous credit on this installment. Step 1: per prior loan, the maximum of `AMT_INSTALMENT` over that loan's monthly installment records. Step 2: the minimum of those per-loan values across all of the customer's previous Home Credit applications.",installments_payments.group_by(SK_ID_PREV).max(AMT_INSTALMENT) → join onto previous_application → .group_by(SK_ID_CURR).min(),False,5.8876,5.8876,194931,21737.620134,66270.01383,0.0,1977.57,5222.205,8978.625,16804.665,246081.69,3771487.845,0.003,0.00182,0.06214,False,
AMT_INCOME_TOTAL,True,146,0.00116029,DRIVER,application_train,AMT_INCOME_TOTAL,Float64,Income of the client,taken directly from application_train (no aggregation),False,0.0,0.0,2548,168797.919297,237123.146279,25650.0,45000.0,112500.0,147150.0,202500.0,472500.0,117000000.0,0.0,-0.00398,,False,
PREV_L365D_CNT_PAYMENT_MEAN,True,147,0.00115924,PREV_L365D,previous_application,CNT_PAYMENT,Float64,The average of `CNT_PAYMENT` over previous_application records within the last 365 days (`DAYS_DECISION` >= -365). Source column: term of previous credit at application of the previous application,previous_application.filter(DAYS_DECISION >= -365).group_by(SK_ID_CURR).mean(CNT_PAYMENT),False,54.1018,54.1018,696,18.699925,16.061041,0.0,0.0,7.0,12.0,24.0,60.0,84.0,2.832,0.02212,0.07485,False,
BUREAU_L730D_DAYS_CREDIT_SUM,True,148,0.00115515,BUREAU_L730D,bureau,DAYS_CREDIT,Int64,The total of `DAYS_CREDIT` over bureau records within the last 730 days (`DAYS_CREDIT` >= -730). Source column: how many days before current application did client apply for Credit Bureau credit,bureau.filter(DAYS_CREDIT >= -730).group_by(SK_ID_CURR).sum(DAYS_CREDIT),True,31.8353,0.0,5251,-682.605396,840.828675,-27563.0,-3620.0,-1041.0,-447.0,0.0,0.0,0.0,31.836,-0.03583,0.07608,False,
CC_L12M_AMT_BALANCE_MAX,True,149,0.00114437,CC_L12M,credit_card_balance,AMT_BALANCE,Float64,The maximum of `AMT_BALANCE` over credit_card_balance records within the last 12 months (`MONTHS_BALANCE` >= -12). Source column: balance during the month of previous credit,credit_card_balance.filter(MONTHS_BALANCE >= -12).group_by(SK_ID_CURR).max(AMT_BALANCE),False,71.7392,71.7392,37273,101402.241402,172371.718032,0.0,0.0,0.0,0.0,151392.87,793831.68,1354829.265,15.844,0.08427,0.07838,False,
BUREAU_DAYS_CREDIT_SUM,True,150,0.00113613,BUREAU,bureau,DAYS_CREDIT,Int64,The total of `DAYS_CREDIT` across the customer's credit-bureau records (loans at other institutions). Source column: how many days before current application did client apply for Credit Bureau credit,bureau.group_by(SK_ID_CURR).sum(DAYS_CREDIT),True,14.3149,0.0,26449,-5449.386448,6044.135305,-80050.0,-26535.0,-8018.0,-3541.0,-879.0,0.0,0.0,14.315,0.042,0.10125,False,
INST_L365D_AMT_INSTALMENT_MEAN,True,151,0.00113596,INST_L365D,installments_payments,AMT_INSTALMENT,Float64,The average of `AMT_INSTALMENT` over installments_payments records within the last 365 days (`DAYS_INSTALMENT` >= -365). Source column: what was the prescribed installment amount of previous credit on this installment,installments_payments.filter(DAYS_INSTALMENT >= -365).group_by(SK_ID_CURR).mean(AMT_INSTALMENT),False,29.2682,29.2682,203619,30165.232573,67399.732548,0.045,116.01,8543.4255,15063.03,28901.7,275320.674,2504589.66,0.0,-0.00958,0.07846,False,
BUREAU_AMT_CREDIT_SUM_LIMIT_MEAN,True,152,0.00113319,BUREAU,bureau,AMT_CREDIT_SUM_LIMIT,Float64,The average of `AMT_CREDIT_SUM_LIMIT` across the customer's credit-bureau records (loans at other institutions). Source column: current credit limit of credit card reported in Credit Bureau,bureau.group_by(SK_ID_CURR).mean(AMT_CREDIT_SUM_LIMIT),False,21.1599,21.1599,38951,5901.475578,30091.656347,-97891.66125,0.0,0.0,0.0,0.0,112818.5,4500000.0,62.954,-0.01145,0.09462,False,
PREV_POS_SK_DPD_DEF_MAX_MEAN,True,153,0.00113153,POS,POS_CASH_balance,SK_DPD_DEF,Float64,"Two-level roll-up of `SK_DPD_DEF` from the POS_CASH_balance ledger — dPD during the month with tolerance (debts with low loan amounts are ignored) of the previous credit. Step 1: per prior loan, the maximum of `SK_DPD_DEF` over that loan's monthly POS/cash records. Step 2: the average of those per-loan values across all of the customer's previous Home Credit applications.",POS_CASH_balance.group_by(SK_ID_PREV).max(SK_DPD_DEF) → join onto previous_application → .group_by(SK_ID_CURR).mean(),False,6.6807,6.6807,521,0.438091,2.276598,0.0,0.0,0.0,0.0,0.0,9.0,558.5,80.91,0.04857,0.06946,False,
PREV_INST_AMT_PAYMENT_MAX_MIN,True,154,0.00113036,INST,installments_payments,AMT_PAYMENT,Float64,"Two-level roll-up of `AMT_PAYMENT` from the installments_payments ledger — what the client actually paid on previous credit on this installment. Step 1: per prior loan, the maximum of `AMT_PAYMENT` over that loan's monthly installment records. Step 2: the minimum of those per-loan values across all of the customer's previous Home Credit applications.",installments_payments.group_by(SK_ID_PREV).max(AMT_PAYMENT) → join onto previous_application → .group_by(SK_ID_CURR).min(),False,5.8902,5.8902,193964,22001.5901,66915.105222,0.45,1976.85,5229.855,8996.085,16956.765,250193.07,3771487.845,0.0,0.00149,0.06217,False,
PREV_POS_COUNT_MEAN,True,155,0.0011281,POS,POS_CASH_balance,,Float64,"The average, across the customer's previous Home Credit applications, of the number of monthly POS/cash ledger records a prior loan has. A null means the customer has no prior loan with any POS/cash history.",POS_CASH_balance.group_by(SK_ID_PREV).len() → join onto previous_application → .group_by(SK_ID_CURR).mean(),False,6.6807,6.6807,1117,10.76515,5.268831,1.0,3.5,7.5,10.0,13.0,26.0,94.0,0.0,-0.00451,0.06946,False,
PREV_POS_MONTHS_BALANCE_SUM_MIN,True,156,0.00112428,POS,POS_CASH_balance,MONTHS_BALANCE,Int64,"Two-level roll-up of `MONTHS_BALANCE` from the POS_CASH_balance ledger — month of balance relative to application date (-1 means the information to the freshest monthly snapshot, 0 means the information at application - often it will be the same as -1 as many banks are not updating the information to Credit Bureau regularly ). Step 1: per prior loan, the total of `MONTHS_BALANCE` over that loan's monthly POS/cash records. Step 2: the minimum of those per-loan values across all of the customer's previous Home Credit applications.",POS_CASH_balance.group_by(SK_ID_PREV).sum(MONTHS_BALANCE) → join onto previous_application → .group_by(SK_ID_CURR).min(),False,6.6807,6.6807,2037,-518.701955,438.404991,-4656.0,-1980.0,-767.0,-440.0,-175.0,-20.0,-1.0,0.0,0.03691,0.06946,False,
POS_L12M_SK_DPD_DEF_MAX,True,157,0.00110027,POS_L12M,POS_CASH_balance,SK_DPD_DEF,Int64,The maximum of `SK_DPD_DEF` over POS_CASH_balance records within the last 12 months (`MONTHS_BALANCE` >= -12). Source column: dPD during the month with tolerance (debts with low loan amounts are ignored) of the previous credit,POS_CASH_balance.filter(MONTHS_BALANCE >= -12).group_by(SK_ID_CURR).max(SK_DPD_DEF),False,32.7188,32.7188,129,0.618366,34.675004,0.0,0.0,0.0,0.0,0.0,5.0,3373.0,65.003,0.00896,0.08014,False,
PREV_INST_AMT_PAYMENT_SUM_MIN,True,158,0.00109441,INST,installments_payments,AMT_PAYMENT,Float64,"Two-level roll-up of `AMT_PAYMENT` from the installments_payments ledger — what the client actually paid on previous credit on this installment. Step 1: per prior loan, the total of `AMT_PAYMENT` over that loan's monthly installment records. Step 2: the minimum of those per-loan values across all of the customer's previous Home Credit applications.",installments_payments.group_by(SK_ID_PREV).sum(AMT_PAYMENT) → join onto previous_application → .group_by(SK_ID_CURR).min(),False,5.8876,5.8876,262380,100286.813928,175397.540682,0.0,7364.16,32122.44,56842.065,108536.49,754875.18,15824490.975,0.02,-0.01046,0.06214,False,
PREV_INST_AMT_INSTALMENT_MIN_MAX,True,159,0.00109364,INST,installments_payments,AMT_INSTALMENT,Float64,"Two-level roll-up of `AMT_INSTALMENT` from the installments_payments ledger — what was the prescribed installment amount of previous credit on this installment. Step 1: per prior loan, the minimum of `AMT_INSTALMENT` over that loan's monthly installment records. Step 2: the maximum of those per-loan values across all of the customer's previous Home Credit applications.",installments_payments.group_by(SK_ID_PREV).min(AMT_INSTALMENT) → join onto previous_application → .group_by(SK_ID_CURR).max(),False,5.8876,5.8876,189227,29380.21025,85098.800379,0.0,442.8,8607.24,14584.005,25986.96,346804.155,3202061.805,0.001,-0.01135,0.06214,False,
PREV_DAYS_FIRST_DRAWING_MEAN,True,160,0.00108723,PREV,previous_application,DAYS_FIRST_DRAWING,Float64,The average of `DAYS_FIRST_DRAWING` across the customer's previous Home Credit applications. Source column: relative to application date of current application when was the first disbursement of the previous application,previous_application.group_by(SK_ID_CURR).mean(DAYS_FIRST_DRAWING),False,82.6504,82.6504,2861,-1052.851489,933.560268,-2922.0,-2874.0,-2066.0,-632.0,-297.0,-33.0,-2.0,0.0,0.09612,0.07505,False,
PREV_INST_SHORTFALL_MEAN_SUM,True,161,0.00107437,INST,installments_payments,INST_SHORTFALL_MEAN,Float64,"The total, across the customer's previous Home Credit applications, of a per-loan derived metric: the average payment shortfall per installment (AMT_INSTALMENT - AMT_PAYMENT; negative = overpaid), computed over that loan's installment ledger.",per-SK_ID_PREV `INST_SHORTFALL_MEAN` (see features.aggregate_installments_by_prev) → .group_by(SK_ID_CURR).sum(),True,5.3507,0.0,131821,-1731.220297,17514.590545,-936049.8732,-73506.524211,0.0,0.0,934.714286,16671.2385,447199.965631,54.186,0.02092,0.05956,False,
POS_L12M_CNT_INSTALMENT_FUTURE_SUM,True,162,0.00107322,POS_L12M,POS_CASH_balance,CNT_INSTALMENT_FUTURE,Float64,The total of `CNT_INSTALMENT_FUTURE` over POS_CASH_balance records within the last 12 months (`MONTHS_BALANCE` >= -12). Source column: installments left to pay on the previous credit,POS_CASH_balance.filter(MONTHS_BALANCE >= -12).group_by(SK_ID_CURR).sum(CNT_INSTALMENT_FUTURE),True,32.7188,0.0,1066,83.636517,132.928031,0.0,0.0,0.0,27.0,105.0,605.0,1622.0,35.54,0.01356,0.08014,False,
PREV_HOUR_APPR_PROCESS_START_MAX,True,163,0.00107152,PREV,previous_application,HOUR_APPR_PROCESS_START,Int64,The maximum of `HOUR_APPR_PROCESS_START` across the customer's previous Home Credit applications. Source column: approximately at what day hour did the client apply for the previous application,previous_application.group_by(SK_ID_CURR).max(HOUR_APPR_PROCESS_START),False,5.3507,5.3507,25,14.768344,3.182893,0.0,7.0,13.0,15.0,17.0,21.0,23.0,0.002,-0.03085,0.05956,False,
PREV_POS_MONTHS_BALANCE_MAX_MAX,True,164,0.00106736,POS,POS_CASH_balance,MONTHS_BALANCE,Int64,"Two-level roll-up of `MONTHS_BALANCE` from the POS_CASH_balance ledger — month of balance relative to application date (-1 means the information to the freshest monthly snapshot, 0 means the information at application - often it will be the same as -1 as many banks are not updating the information to Credit Bureau regularly ). Step 1: per prior loan, the maximum of `MONTHS_BALANCE` over that loan's monthly POS/cash records. Step 2: the maximum of those per-loan values across all of the customer's previous Home Credit applications.",POS_CASH_balance.group_by(SK_ID_PREV).max(MONTHS_BALANCE) → join onto previous_application → .group_by(SK_ID_CURR).max(),False,6.6807,6.6807,94,-11.989406,17.49193,-93.0,-78.0,-14.0,-4.0,-2.0,-1.0,-1.0,0.0,-0.0042,0.06946,False,
PREV_HAS_POS_RATE,True,165,0.0010646,PREV,previous_application,,Float64,Share of the customer's previous Home Credit applications that have any POS/cash ledger history attached (a mix of product type and data coverage).,HAS_POS = per-loan flag that the POS/cash join matched → .group_by(SK_ID_CURR).mean(),True,5.3507,0.0,354,0.633439,0.317502,0.0,0.0,0.4,0.666667,1.0,1.0,1.0,6.681,-0.06293,0.05956,False,
PREV_POS_CNT_INSTALMENT_FUTURE_MIN_MAX,True,166,0.00105271,POS,POS_CASH_balance,CNT_INSTALMENT_FUTURE,Float64,"Two-level roll-up of `CNT_INSTALMENT_FUTURE` from the POS_CASH_balance ledger — installments left to pay on the previous credit. Step 1: per prior loan, the minimum of `CNT_INSTALMENT_FUTURE` over that loan's monthly POS/cash records. Step 2: the maximum of those per-loan values across all of the customer's previous Home Credit applications.",POS_CASH_balance.group_by(SK_ID_PREV).min(CNT_INSTALMENT_FUTURE) → join onto previous_application → .group_by(SK_ID_CURR).max(),False,6.6911,6.6911,67,5.781142,10.930228,0.0,0.0,0.0,0.0,7.0,53.0,80.0,47.378,0.00899,0.06969,False,
PREV_SELLERPLACE_AREA_SUM,True,167,0.00104358,PREV,previous_application,SELLERPLACE_AREA,Int64,The total of `SELLERPLACE_AREA` across the customer's previous Home Credit applications. Source column: selling area of seller place of the previous application,previous_application.group_by(SK_ID_CURR).sum(SELLERPLACE_AREA),True,5.3507,0.0,12824,1448.073672,16854.548454,-39.0,-7.0,49.0,227.0,1448.0,12840.0,4002296.0,5.755,-0.00413,0.05956,False,
PREV_POS_SK_DPD_DEF_MEAN_MEAN,True,168,0.00103768,POS,POS_CASH_balance,SK_DPD_DEF,Float64,"Two-level roll-up of `SK_DPD_DEF` from the POS_CASH_balance ledger — dPD during the month with tolerance (debts with low loan amounts are ignored) of the previous credit. Step 1: per prior loan, the average of `SK_DPD_DEF` over that loan's monthly POS/cash records. Step 2: the average of those per-loan values across all of the customer's previous Home Credit applications.",POS_CASH_balance.group_by(SK_ID_PREV).mean(SK_DPD_DEF) → join onto previous_application → .group_by(SK_ID_CURR).mean(),False,6.6807,6.6807,7242,0.058539,0.395506,0.0,0.0,0.0,0.0,0.0,1.281739,118.230337,80.91,0.03879,0.06946,False,
PREV_INST_DAYS_INSTALMENT_MAX_MAX,True,169,0.00103636,INST,installments_payments,DAYS_INSTALMENT,Float64,"Two-level roll-up of `DAYS_INSTALMENT` from the installments_payments ledger — when the installment of previous credit was supposed to be paid (relative to application date of current loan). Step 1: per prior loan, the maximum of `DAYS_INSTALMENT` over that loan's monthly installment records. Step 2: the maximum of those per-loan values across all of the customer's previous Home Credit applications.",installments_payments.group_by(SK_ID_PREV).max(DAYS_INSTALMENT) → join onto previous_application → .group_by(SK_ID_CURR).max(),False,5.8876,5.8876,2788,-315.122209,520.199037,-2883.0,-2344.0,-376.0,-54.0,-19.0,-3.0,-1.0,0.0,-0.00121,0.06214,False,
PREV_INST_AMT_INSTALMENT_SUM_MAX,True,170,0.00102493,INST,installments_payments,AMT_INSTALMENT,Float64,"Two-level roll-up of `AMT_INSTALMENT` from the installments_payments ledger — what was the prescribed installment amount of previous credit on this installment. Step 1: per prior loan, the total of `AMT_INSTALMENT` over that loan's monthly installment records. Step 2: the maximum of those per-loan values across all of the customer's previous Home Credit applications.",installments_payments.group_by(SK_ID_PREV).sum(AMT_INSTALMENT) → join onto previous_application → .group_by(SK_ID_CURR).max(),False,5.8876,5.8876,272966,385038.643661,465908.585159,0.0,22214.34,99448.065,197527.5,491605.695,2027840.355,19347594.795,0.001,-0.01798,0.06214,False,
PREV_INST_NUM_INSTALMENT_NUMBER_MAX_MAX,True,171,0.0010202,INST,installments_payments,NUM_INSTALMENT_NUMBER,Int64,"Two-level roll-up of `NUM_INSTALMENT_NUMBER` from the installments_payments ledger — on which installment we observe payment. Step 1: per prior loan, the maximum of `NUM_INSTALMENT_NUMBER` over that loan's monthly installment records. Step 2: the maximum of those per-loan values across all of the customer's previous Home Credit applications.",installments_payments.group_by(SK_ID_PREV).max(NUM_INSTALMENT_NUMBER) → join onto previous_application → .group_by(SK_ID_CURR).max(),False,5.8876,5.8876,197,21.688137,25.396965,1.0,3.0,9.0,12.0,22.0,112.0,277.0,0.0,0.01862,0.06214,False,
PREV_INST_AMT_PAYMENT_MEAN_MAX,True,172,0.00100783,INST,installments_payments,AMT_PAYMENT,Float64,"Two-level roll-up of `AMT_PAYMENT` from the installments_payments ledger — what the client actually paid on previous credit on this installment. Step 1: per prior loan, the average of `AMT_PAYMENT` over that loan's monthly installment records. Step 2: the maximum of those per-loan values across all of the customer's previous Home Credit applications.",installments_payments.group_by(SK_ID_PREV).mean(AMT_PAYMENT) → join onto previous_application → .group_by(SK_ID_CURR).max(),False,5.8902,5.8902,266326,47628.649272,102780.214531,15.9,2649.4125,10202.859844,18644.22,41915.6925,492497.37,3202061.805,0.0,-0.01024,0.06217,False,
BUREAU_AMT_CREDIT_SUM_OVERDUE_MEAN,True,173,0.00100137,BUREAU,bureau,AMT_CREDIT_SUM_OVERDUE,Float64,The average of `AMT_CREDIT_SUM_OVERDUE` across the customer's credit-bureau records (loans at other institutions). Source column: current amount overdue on Credit Bureau credit,bureau.group_by(SK_ID_CURR).mean(AMT_CREDIT_SUM_OVERDUE),False,14.3149,14.3149,1874,49.549302,5291.734571,0.0,0.0,0.0,0.0,0.0,4.5,1617403.5,84.601,0.00715,0.10125,False,
BUREAU_AMT_CREDIT_SUM_OVERDUE_MAX,True,174,0.00100055,BUREAU,bureau,AMT_CREDIT_SUM_OVERDUE,Float64,The maximum of `AMT_CREDIT_SUM_OVERDUE` across the customer's credit-bureau records (loans at other institutions). Source column: current amount overdue on Credit Bureau credit,bureau.group_by(SK_ID_CURR).max(AMT_CREDIT_SUM_OVERDUE),False,14.3149,14.3149,1204,184.970193,14388.240179,0.0,0.0,0.0,0.0,0.0,31.5,3756681.0,84.601,0.01061,0.10125,False,
PREV_INST_AMT_INSTALMENT_MAX_MEAN,True,175,0.00099612,INST,installments_payments,AMT_INSTALMENT,Float64,"Two-level roll-up of `AMT_INSTALMENT` from the installments_payments ledger — what was the prescribed installment amount of previous credit on this installment. Step 1: per prior loan, the maximum of `AMT_INSTALMENT` over that loan's monthly installment records. Step 2: the average of those per-loan values across all of the customer's previous Home Credit applications.",installments_payments.group_by(SK_ID_PREV).max(AMT_INSTALMENT) → join onto previous_application → .group_by(SK_ID_CURR).mean(),False,5.8876,5.8876,274733,62582.790815,107419.91023,0.0,3155.67,11245.365,23334.33,64337.373,500886.465,3771487.845,0.001,0.00432,0.06214,False,
PREV_POS_CNT_INSTALMENT_FUTURE_MEAN_SUM,True,176,0.00099446,POS,POS_CASH_balance,CNT_INSTALMENT_FUTURE,Float64,"Two-level roll-up of `CNT_INSTALMENT_FUTURE` from the POS_CASH_balance ledger — installments left to pay on the previous credit. Step 1: per prior loan, the average of `CNT_INSTALMENT_FUTURE` over that loan's monthly POS/cash records. Step 2: the total of those per-loan values across all of the customer's previous Home Credit applications.",POS_CASH_balance.group_by(SK_ID_PREV).mean(CNT_INSTALMENT_FUTURE) → join onto previous_application → .group_by(SK_ID_CURR).sum(),True,5.3507,0.0,69897,23.612445,25.777461,0.0,0.0,6.416667,14.785714,31.5,119.575758,348.426587,6.702,0.00133,0.05956,False,
BUREAU_AMT_CREDIT_SUM_DEBT_MIN,True,177,0.00099364,BUREAU,bureau,AMT_CREDIT_SUM_DEBT,Float64,The minimum of `AMT_CREDIT_SUM_DEBT` across the customer's credit-bureau records (loans at other institutions). Source column: current debt on Credit Bureau credit,bureau.group_by(SK_ID_CURR).min(AMT_CREDIT_SUM_DEBT),False,16.7083,16.7083,28603,39806.261952,404700.278367,-4705600.32,-385.065,0.0,0.0,0.0,744700.5,43650000.0,72.318,0.00024,0.09636,False,
WEEKDAY_APPR_PROCESS_START,True,178,0.0009934,DRIVER,application_train,WEEKDAY_APPR_PROCESS_START,String,On which day of the week did the client apply for the loan,taken directly from application_train (no aggregation),False,0.0,0.0,7,,,,,,,,,,,,,False,TUESDAY=17.528%(dr 0.0835); WEDNESDAY=16.889%(dr 0.0816); MONDAY=16.492%(dr 0.07757); THURSDAY=16.452%(dr 0.081); FRIDAY=16.369%(dr 0.08147); SATURDAY=11.008%(dr 0.07887); SUNDAY=5.262%(dr 0.07929)
CC_L12M_AMT_DRAWINGS_CURRENT_MAX,True,179,0.00099244,CC_L12M,credit_card_balance,AMT_DRAWINGS_CURRENT,Float64,The maximum of `AMT_DRAWINGS_CURRENT` over credit_card_balance records within the last 12 months (`MONTHS_BALANCE` >= -12). Source column: amount drawing during the month of the previous credit,credit_card_balance.filter(MONTHS_BALANCE >= -12).group_by(SK_ID_CURR).max(AMT_DRAWINGS_CURRENT),False,71.7392,71.7392,22493,49520.704256,98486.551984,0.0,0.0,0.0,0.0,67023.0,450000.0,2060030.16,15.773,0.06852,0.07838,False,
PREV_INST_AMT_PAYMENT_MEAN_MEAN,True,180,0.00098415,INST,installments_payments,AMT_PAYMENT,Float64,"Two-level roll-up of `AMT_PAYMENT` from the installments_payments ledger — what the client actually paid on previous credit on this installment. Step 1: per prior loan, the average of `AMT_PAYMENT` over that loan's monthly installment records. Step 2: the average of those per-loan values across all of the customer's previous Home Credit applications.",installments_payments.group_by(SK_ID_PREV).mean(AMT_PAYMENT) → join onto previous_application → .group_by(SK_ID_CURR).mean(),False,5.8902,5.8902,286250,23922.194682,39186.194443,15.9,2579.6175,8170.074469,13430.282785,24648.71625,179793.8025,2504589.66,0.0,-0.01491,0.06217,False,
PREV_NAME_CLIENT_TYPE_New_RATE,True,181,0.00097894,PREV,previous_application,NAME_CLIENT_TYPE,Float64,"Share of the customer's previous Home Credit applications whose `NAME_CLIENT_TYPE` equals ""New"" (0 = never, 1 = always). Source column: was the client old or new client when applying for the previous application",previous_application.group_by(SK_ID_CURR).mean(NAME_CLIENT_TYPE == 'New'),True,5.3507,0.0,162,0.331659,0.341694,0.0,0.0,0.071429,0.2,0.5,1.0,1.0,22.896,0.0213,0.05956,False,
PREV_INST_UNDERPAY_RATE_MEAN,True,182,0.00096871,INST,installments_payments,INST_UNDERPAY_RATE,Float64,"The average, across the customer's previous Home Credit applications, of a per-loan derived metric: the share of installments paid short (AMT_PAYMENT < AMT_INSTALMENT), computed over that loan's installment ledger.",per-SK_ID_PREV `INST_UNDERPAY_RATE` (see features.aggregate_installments_by_prev) → .group_by(SK_ID_CURR).mean(),False,5.8902,5.8902,24413,0.073004,0.134203,0.0,0.0,0.0,0.0,0.095238,0.642857,1.0,54.695,0.06833,0.06217,False,
REG_CITY_NOT_LIVE_CITY,True,183,0.00096857,DRIVER,application_train,REG_CITY_NOT_LIVE_CITY,Int64,"Flag if client's permanent address does not match contact address (1=different, 0=same, at city level)",taken directly from application_train (no aggregation),False,0.0,0.0,2,0.078173,0.268444,0.0,0.0,0.0,0.0,0.0,1.0,1.0,92.183,0.0444,,False,
BUREAU_AMT_CREDIT_SUM_DEBT_SUM,True,184,0.00096538,BUREAU,bureau,AMT_CREDIT_SUM_DEBT,Float64,The total of `AMT_CREDIT_SUM_DEBT` across the customer's credit-bureau records (loans at other institutions). Source column: current debt on Credit Bureau credit,bureau.group_by(SK_ID_CURR).sum(AMT_CREDIT_SUM_DEBT),True,14.3149,0.0,155005,548941.588336,1529047.33708,-6981558.21,0.0,0.0,87583.5,534856.5,6525900.0,334498331.205,39.371,0.00714,0.10125,False,
BUREAU_AMT_CREDIT_SUM_LIMIT_MAX,True,185,0.00095117,BUREAU,bureau,AMT_CREDIT_SUM_LIMIT,Float64,The maximum of `AMT_CREDIT_SUM_LIMIT` across the customer's credit-bureau records (loans at other institutions). Source column: current credit limit of credit card reported in Credit Bureau,bureau.group_by(SK_ID_CURR).max(AMT_CREDIT_SUM_LIMIT),False,21.1599,21.1599,34312,22280.638261,85261.270033,-1747.035,0.0,0.0,0.0,0.0,424352.61,4705600.32,62.973,-0.01063,0.09462,False,
PREV_CODE_REJECT_REASON_XAP_RATE,True,186,0.00094551,PREV,previous_application,CODE_REJECT_REASON,Float64,"Share of the customer's previous Home Credit applications whose `CODE_REJECT_REASON` equals ""XAP"" (0 = never, 1 = always). Source column: why was the previous application rejected",previous_application.group_by(SK_ID_CURR).mean(CODE_REJECT_REASON == 'XAP'),True,5.3507,0.0,395,0.827215,0.272932,0.0,0.0,0.727273,1.0,1.0,1.0,1.0,5.548,-0.07393,0.05956,False,
PREV_INST_NUM_INSTALMENT_VERSION_MEAN_MEAN,True,187,0.00094268,INST,installments_payments,NUM_INSTALMENT_VERSION,Float64,"Two-level roll-up of `NUM_INSTALMENT_VERSION` from the installments_payments ledger — version of installment calendar (0 is for credit card) of previous credit. Change of installment version from month to month signifies that some parameter of payment calendar has changed. Step 1: per prior loan, the average of `NUM_INSTALMENT_VERSION` over that loan's monthly installment records. Step 2: the average of those per-loan values across all of the customer's previous Home Credit applications.",installments_payments.group_by(SK_ID_PREV).mean(NUM_INSTALMENT_VERSION) → join onto previous_application → .group_by(SK_ID_CURR).mean(),False,5.8876,5.8876,34088,1.125174,0.485409,0.0,0.5,1.0,1.037037,1.166667,2.875,39.0,0.821,-0.03163,0.06214,False,
INST_L365D_COUNT,True,188,0.00093892,INST_L365D,installments_payments,,UInt32,Number of installments_payments records within the last 365 days (`DAYS_INSTALMENT` >= -365) — a recent-activity volume signal.,installments_payments.filter(DAYS_INSTALMENT >= -365).group_by(SK_ID_CURR).len(),True,29.2682,0.0,94,9.598457,10.369486,0.0,0.0,0.0,7.0,13.0,43.0,135.0,29.268,0.0317,0.07846,False,
PREV_POS_MONTHS_BALANCE_SUM_MEAN,True,189,0.00093783,POS,POS_CASH_balance,MONTHS_BALANCE,Float64,"Two-level roll-up of `MONTHS_BALANCE` from the POS_CASH_balance ledger — month of balance relative to application date (-1 means the information to the freshest monthly snapshot, 0 means the information at application - often it will be the same as -1 as many banks are not updating the information to Credit Bureau regularly ). Step 1: per prior loan, the total of `MONTHS_BALANCE` over that loan's monthly POS/cash records. Step 2: the average of those per-loan values across all of the customer's previous Home Credit applications.",POS_CASH_balance.group_by(SK_ID_PREV).sum(MONTHS_BALANCE) → join onto previous_application → .group_by(SK_ID_CURR).mean(),False,6.6807,6.6807,18137,-332.272462,276.242535,-4653.0,-1161.0,-457.5,-281.0,-135.0,-18.0,-1.0,0.0,0.02464,0.06946,False,
PREV_INST_LATE_RATE_SUM,True,190,0.0009302,INST,installments_payments,INST_LATE_RATE,Float64,"The total, across the customer's previous Home Credit applications, of a per-loan derived metric: the share of installments paid after their due date (DAYS_ENTRY_PAYMENT > DAYS_INSTALMENT), computed over that loan's installment ledger.",per-SK_ID_PREV `INST_LATE_RATE` (see features.aggregate_installments_by_prev) → .group_by(SK_ID_CURR).sum(),True,5.3507,0.0,29107,0.181855,0.313389,0.0,0.0,0.0,0.0,0.25,1.426332,6.625743,51.166,0.04024,0.05956,False,
PREV_POS_SK_DPD_DEF_SUM_MEAN,True,191,0.00092178,POS,POS_CASH_balance,SK_DPD_DEF,Float64,"Two-level roll-up of `SK_DPD_DEF` from the POS_CASH_balance ledger — dPD during the month with tolerance (debts with low loan amounts are ignored) of the previous credit. Step 1: per prior loan, the total of `SK_DPD_DEF` over that loan's monthly POS/cash records. Step 2: the average of those per-loan values across all of the customer's previous Home Credit applications.",POS_CASH_balance.group_by(SK_ID_PREV).sum(SK_DPD_DEF) → join onto previous_application → .group_by(SK_ID_CURR).mean(),False,6.6807,6.6807,898,0.803231,20.209756,0.0,0.0,0.0,0.0,0.0,16.666667,10522.5,80.91,0.00981,0.06946,False,
LIVINGAREA_AVG,True,192,0.0009117,DRIVER,application_train,LIVINGAREA_AVG,Float64,"Normalized information about building where the client lives, What is average (_AVG suffix), modus (_MODE suffix), median (_MEDI suffix) apartment size, common area, living area, age of building, number of elevators, number of entrances, state of the building, number of floor",taken directly from application_train (no aggregation),False,50.1933,50.1933,5200,0.107399,0.110565,0.0,0.0022,0.0453,0.0745,0.1299,0.5509,1.0,0.092,-0.033,0.09142,False,
PREV_L365D_AMT_ANNUITY_MEAN,True,193,0.00091152,PREV_L365D,previous_application,AMT_ANNUITY,Float64,The average of `AMT_ANNUITY` over previous_application records within the last 365 days (`DAYS_DECISION` >= -365). Source column: annuity of previous application,previous_application.filter(DAYS_DECISION >= -365).group_by(SK_ID_CURR).mean(AMT_ANNUITY),False,54.1018,54.1018,107299,17578.520579,14070.347267,0.0,2250.0,8028.045,13500.0,23038.4475,66406.365,300425.445,0.002,-0.04148,0.07485,False,
PREV_INST_AMT_INSTALMENT_SUM_SUM,True,194,0.00091085,INST,installments_payments,AMT_INSTALMENT,Float64,"Two-level roll-up of `AMT_INSTALMENT` from the installments_payments ledger — what was the prescribed installment amount of previous credit on this installment. Step 1: per prior loan, the total of `AMT_INSTALMENT` over that loan's monthly installment records. Step 2: the total of those per-loan values across all of the customer's previous Home Credit applications.",installments_payments.group_by(SK_ID_PREV).sum(AMT_INSTALMENT) → join onto previous_application → .group_by(SK_ID_CURR).sum(),True,5.3507,0.0,285917,621374.831913,852660.931252,0.0,0.0,110886.93,288986.49,773753.04,4028207.265,23274726.93,5.888,-0.01871,0.05956,False,
NAME_INCOME_TYPE,True,195,0.00091049,DRIVER,application_train,NAME_INCOME_TYPE,String,"Clients income type (businessman, working, maternity leave, )",taken directly from application_train (no aggregation),False,0.0,0.0,8,,,,,,,,,,,,,False,Working=51.632%(dr 0.09588); Commercial associate=23.289%(dr 0.07484); Pensioner=18.003%(dr 0.05386); State servant=7.058%(dr 0.05755); Unemployed=0.007%(dr 0.36364); Student=0.006%(dr 0.0); Businessman=0.003%(dr 0.0); Maternity leave=0.002%(dr 0.4)
PREV_AMT_ANNUITY_MAX,True,196,0.00090882,PREV,previous_application,AMT_ANNUITY,Float64,The maximum of `AMT_ANNUITY` across the customer's previous Home Credit applications. Source column: annuity of previous application,previous_application.group_by(SK_ID_CURR).max(AMT_ANNUITY),False,5.4863,5.4863,145951,23722.738537,19169.492722,0.0,2826.945,10389.78,17907.75,31505.76,90224.19,418058.145,0.0,-0.02897,0.05939,False,
PREV_CC_UTILIZATION_MEAN_MIN,True,197,0.0009071,CC,credit_card_balance,CC_UTILIZATION_MEAN,Float64,"The minimum, across the customer's previous Home Credit applications, of a per-loan derived metric: the average credit-card utilisation (AMT_BALANCE / AMT_CREDIT_LIMIT_ACTUAL, months with a zero/negative limit excluded as null), computed over that loan's credit-card ledger.",per-SK_ID_PREV `CC_UTILIZATION_MEAN` (see features.aggregate_credit_card_by_prev) → .group_by(SK_ID_CURR).min(),False,74.9404,74.9404,51062,0.326639,0.33311,-0.084848,0.0,0.0,0.241759,0.608699,1.007987,1.564907,8.344,0.14342,0.07761,False,
PREV_INST_NUM_INSTALMENT_NUMBER_MAX_MEAN,True,198,0.00090679,INST,installments_payments,NUM_INSTALMENT_NUMBER,Float64,"Two-level roll-up of `NUM_INSTALMENT_NUMBER` from the installments_payments ledger — on which installment we observe payment. Step 1: per prior loan, the maximum of `NUM_INSTALMENT_NUMBER` over that loan's monthly installment records. Step 2: the average of those per-loan values across all of the customer's previous Home Credit applications.",installments_payments.group_by(SK_ID_PREV).max(NUM_INSTALMENT_NUMBER) → join onto previous_application → .group_by(SK_ID_CURR).mean(),False,5.8876,5.8876,1941,13.065143,12.579796,1.0,3.0,7.0,10.0,14.0,70.5,184.0,0.0,0.03414,0.06214,False,
PREV_AMT_CREDIT_MEAN,True,199,0.00089121,PREV,previous_application,AMT_CREDIT,Float64,"The average of `AMT_CREDIT` across the customer's previous Home Credit applications. Source column: final credit amount on the previous application. This differs from AMT_APPLICATION in a way that the AMT_APPLICATION is the amount for which the client initially applied for, but during our approval process he could have received different amount - AMT_CREDIT",previous_application.group_by(SK_ID_CURR).mean(AMT_CREDIT),False,5.3507,5.3507,210635,170070.018811,165737.178398,0.0,16812.0,66849.428571,117450.0,216072.0,787617.0,4050000.0,0.074,-0.01611,0.05956,False,
PREV_L365D_AMT_ANNUITY_MAX,True,200,0.00088809,PREV_L365D,previous_application,AMT_ANNUITY,Float64,The maximum of `AMT_ANNUITY` over previous_application records within the last 365 days (`DAYS_DECISION` >= -365). Source column: annuity of previous application,previous_application.filter(DAYS_DECISION >= -365).group_by(SK_ID_CURR).max(AMT_ANNUITY),False,54.1018,54.1018,76399,20844.956164,16766.058855,0.0,2250.0,9071.55,15884.775,27558.27,78112.215,300425.445,0.002,-0.03425,0.07485,False,
PREV_INST_AMT_PAYMENT_MAX_MEAN,False,201,0.000882,INST,installments_payments,AMT_PAYMENT,Float64,"Two-level roll-up of `AMT_PAYMENT` from the installments_payments ledger — what the client actually paid on previous credit on this installment. Step 1: per prior loan, the maximum of `AMT_PAYMENT` over that loan's monthly installment records. Step 2: the average of those per-loan values across all of the customer's previous Home Credit applications.",installments_payments.group_by(SK_ID_PREV).max(AMT_PAYMENT) → join onto previous_application → .group_by(SK_ID_CURR).mean(),False,5.8902,5.8902,273782,63443.194738,108463.012506,45.0,3156.165,11299.275,23659.785,65604.726,504738.4725,3771487.845,0.0,0.00357,0.06217,False,
PREV_POS_CNT_INSTALMENT_FUTURE_MAX_MEAN,False,202,0.00087581,POS,POS_CASH_balance,CNT_INSTALMENT_FUTURE,Float64,"Two-level roll-up of `CNT_INSTALMENT_FUTURE` from the POS_CASH_balance ledger — installments left to pay on the previous credit. Step 1: per prior loan, the maximum of `CNT_INSTALMENT_FUTURE` over that loan's monthly POS/cash records. Step 2: the average of those per-loan values across all of the customer's previous Home Credit applications.",POS_CASH_balance.group_by(SK_ID_PREV).max(CNT_INSTALMENT_FUTURE) → join onto previous_application → .group_by(SK_ID_CURR).mean(),False,6.6911,6.6911,1505,14.433986,7.847412,0.0,4.0,9.333333,12.0,18.0,41.5,72.0,0.011,0.02881,0.06969,False,
PREV_INST_SHORTFALL_MEAN_MAX,False,203,0.00087241,INST,installments_payments,INST_SHORTFALL_MEAN,Float64,"The maximum, across the customer's previous Home Credit applications, of a per-loan derived metric: the average payment shortfall per installment (AMT_INSTALMENT - AMT_PAYMENT; negative = overpaid), computed over that loan's installment ledger.",per-SK_ID_PREV `INST_SHORTFALL_MEAN` (see features.aggregate_installments_by_prev) → .group_by(SK_ID_CURR).max(),False,5.8902,5.8902,113298,975.542882,4330.437725,-337496.805,-3535.714286,0.0,0.0,1224.235862,12223.755,447126.3675,54.177,0.02243,0.06217,False,
PREV_AMT_GOODS_PRICE_MEAN,False,204,0.0008701,PREV,previous_application,AMT_GOODS_PRICE,Float64,The average of `AMT_GOODS_PRICE` across the customer's previous Home Credit applications. Source column: goods price of good that client asked for (if applicable) on the previous application,previous_application.group_by(SK_ID_CURR).mean(AMT_GOODS_PRICE),False,5.6678,5.6678,185850,193895.909739,192576.056985,0.0,21126.15,73557.0,128595.0,244902.3825,914600.25,4050000.0,0.013,-0.01585,0.05938,False,
NAME_CONTRACT_TYPE,False,205,0.00086895,DRIVER,application_train,NAME_CONTRACT_TYPE,String,Identification if loan is cash or revolving,taken directly from application_train (no aggregation),False,0.0,0.0,2,,,,,,,,,,,,,False,Cash loans=90.479%(dr 0.08346); Revolving loans=9.521%(dr 0.05478)
YEARS_BEGINEXPLUATATION_MEDI,False,206,0.00086671,DRIVER,application_train,YEARS_BEGINEXPLUATATION_MEDI,Float64,"Normalized information about building where the client lives, What is average (_AVG suffix), modus (_MODE suffix), median (_MEDI suffix) apartment size, common area, living area, age of building, number of elevators, number of entrances, state of the building, number of floor",taken directly from application_train (no aggregation),False,48.781,48.781,246,0.977752,0.059897,0.0,0.9493,0.9767,0.9816,0.9866,0.999,1.0,0.178,-0.00999,0.09205,False,
PREV_DAYS_LAST_DUE_MEAN,False,207,0.00086577,PREV,previous_application,DAYS_LAST_DUE,Float64,The average of `DAYS_LAST_DUE` across the customer's previous Home Credit applications. Source column: relative to application date of current application when was the last due date of the previous application,previous_application.group_by(SK_ID_CURR).mean(DAYS_LAST_DUE),False,12.487,12.487,25773,-919.604886,593.620681,-2889.0,-2470.0,-1300.333333,-840.428571,-437.0,-26.0,-2.0,0.0,0.03353,0.08607,False,
PREV_INST_COUNT_MEAN,False,208,0.00085613,INST,installments_payments,,Float64,"The average, across the customer's previous Home Credit applications, of the number of monthly installment ledger records a prior loan has. A null means the customer has no prior loan with any installment history.",installments_payments.group_by(SK_ID_PREV).len() → join onto previous_application → .group_by(SK_ID_CURR).mean(),False,5.8876,5.8876,1788,12.604692,9.837957,1.0,3.0,7.2,10.142857,14.5,51.0,189.0,0.0,0.00412,0.06214,False,
YEARS_BEGINEXPLUATATION_MODE,False,209,0.00085051,DRIVER,application_train,YEARS_BEGINEXPLUATATION_MODE,Float64,"Normalized information about building where the client lives, What is average (_AVG suffix), modus (_MODE suffix), median (_MEDI suffix) apartment size, common area, living area, age of building, number of elevators, number of entrances, state of the building, number of floor",taken directly from application_train (no aggregation),False,48.781,48.781,222,0.977065,0.064575,0.0,0.9489,0.9767,0.9816,0.9866,0.999,1.0,0.046,-0.00904,0.09205,False,
PREV_DAYS_LAST_DUE_1ST_VERSION_MIN,False,210,0.00084763,PREV,previous_application,DAYS_LAST_DUE_1ST_VERSION,Float64,The minimum of `DAYS_LAST_DUE_1ST_VERSION` across the customer's previous Home Credit applications. Source column: relative to application date of current application when was the first due of the previous application,previous_application.group_by(SK_ID_CURR).min(DAYS_LAST_DUE_1ST_VERSION),False,6.6638,6.6638,4191,-1153.711747,916.976594,-2801.0,-2692.0,-2007.0,-1107.0,-327.0,524.0,1797.0,0.056,0.05215,0.06895,False,
PREV_INST_DAYS_INSTALMENT_SUM_MIN,False,211,0.0008432,INST,installments_payments,DAYS_INSTALMENT,Float64,"Two-level roll-up of `DAYS_INSTALMENT` from the installments_payments ledger — when the installment of previous credit was supposed to be paid (relative to application date of current loan). Step 1: per prior loan, the total of `DAYS_INSTALMENT` over that loan's monthly installment records. Step 2: the minimum of those per-loan values across all of the customer's previous Home Credit applications.",installments_payments.group_by(SK_ID_PREV).sum(DAYS_INSTALMENT) → join onto previous_application → .group_by(SK_ID_CURR).min(),False,5.8876,5.8876,56092,-21005.876589,29831.015051,-560740.0,-162297.0,-24187.0,-13230.0,-4971.0,-408.0,-3.0,0.0,0.02539,0.06214,False,
PREV_DAYS_TERMINATION_MEAN,False,212,0.00083296,PREV,previous_application,DAYS_TERMINATION,Float64,The average of `DAYS_TERMINATION` across the customer's previous Home Credit applications. Source column: relative to application date of current application when was the expected termination of the previous application,previous_application.group_by(SK_ID_CURR).mean(DAYS_TERMINATION),False,13.1693,13.1693,24294,-907.007199,592.223854,-2852.0,-2476.0,-1282.0,-823.0,-427.0,-25.0,-2.0,0.0,0.03335,0.08615,False,
PREV_INST_DAYS_ENTRY_PAYMENT_SUM_MAX,False,213,0.00083064,INST,installments_payments,DAYS_ENTRY_PAYMENT,Float64,"Two-level roll-up of `DAYS_ENTRY_PAYMENT` from the installments_payments ledger — when was the installments of previous credit paid actually (relative to application date of current loan). Step 1: per prior loan, the total of `DAYS_ENTRY_PAYMENT` over that loan's monthly installment records. Step 2: the maximum of those per-loan values across all of the customer's previous Home Credit applications.",installments_payments.group_by(SK_ID_PREV).sum(DAYS_ENTRY_PAYMENT) → join onto previous_application → .group_by(SK_ID_CURR).max(),False,5.8876,5.8876,28492,-5416.026979,10782.590665,-263567.0,-32819.0,-6183.0,-2499.0,-969.0,-32.0,0.0,0.02,0.00014,0.06214,False,
LIVINGAREA_MEDI,False,214,0.00083014,DRIVER,application_train,LIVINGAREA_MEDI,Float64,"Normalized information about building where the client lives, What is average (_AVG suffix), modus (_MODE suffix), median (_MEDI suffix) apartment size, common area, living area, age of building, number of elevators, number of entrances, state of the building, number of floor",taken directly from application_train (no aggregation),False,50.1933,50.1933,5282,0.108607,0.11226,0.0,0.0022,0.0457,0.0749,0.1303,0.5579,1.0,0.097,-0.03274,0.09142,False,
PREV_DAYS_DECISION_MIN,False,215,0.00083009,PREV,previous_application,DAYS_DECISION,Int64,The minimum of `DAYS_DECISION` across the customer's previous Home Credit applications. Source column: relative to current application when was the decision about previous application made,previous_application.group_by(SK_ID_CURR).min(DAYS_DECISION),False,5.3507,5.3507,2922,-1539.822076,864.664262,-2922.0,-2902.0,-2391.0,-1503.0,-725.0,-172.0,-2.0,0.0,0.05343,0.05956,False,
PREV_POS_CNT_INSTALMENT_FUTURE_MEAN_MIN,False,216,0.00082445,POS,POS_CASH_balance,CNT_INSTALMENT_FUTURE,Float64,"Two-level roll-up of `CNT_INSTALMENT_FUTURE` from the POS_CASH_balance ledger — installments left to pay on the previous credit. Step 1: per prior loan, the average of `CNT_INSTALMENT_FUTURE` over that loan's monthly POS/cash records. Step 2: the minimum of those per-loan values across all of the customer's previous Home Credit applications.",POS_CASH_balance.group_by(SK_ID_PREV).mean(CNT_INSTALMENT_FUTURE) → join onto previous_application → .group_by(SK_ID_CURR).min(),False,6.6911,6.6911,3513,5.5776,4.932021,0.0,0.75,3.0,4.5,6.0,28.0,60.0,0.199,0.0341,0.06969,False,
PREV_INST_DAYS_INSTALMENT_SUM_MEAN,False,217,0.00082145,INST,installments_payments,DAYS_INSTALMENT,Float64,"Two-level roll-up of `DAYS_INSTALMENT` from the installments_payments ledger — when the installment of previous credit was supposed to be paid (relative to application date of current loan). Step 1: per prior loan, the total of `DAYS_INSTALMENT` over that loan's monthly installment records. Step 2: the average of those per-loan values across all of the customer's previous Home Credit applications.",installments_payments.group_by(SK_ID_PREV).sum(DAYS_INSTALMENT) → join onto previous_application → .group_by(SK_ID_CURR).mean(),False,5.8876,5.8876,120117,-11492.483118,14199.401963,-262574.0,-69457.5,-14211.0,-8139.0,-3672.0,-395.0,-3.0,0.0,0.02094,0.06214,False,
PREV_REFUSED_COUNT,False,218,0.00081704,PREV,previous_application,NAME_CONTRACT_STATUS,UInt32,"Count of the customer's previous Home Credit applications with `NAME_CONTRACT_STATUS` = ""Refused"".",previous_application.group_by(SK_ID_CURR).sum(NAME_CONTRACT_STATUS == 'Refused'),True,5.3507,0.0,47,0.797988,1.774843,0.0,0.0,0.0,0.0,1.0,8.0,68.0,67.385,0.06447,0.05956,False,
PREV_POS_CNT_INSTALMENT_MIN_SUM,False,219,0.00081264,POS,POS_CASH_balance,CNT_INSTALMENT,Float64,"Two-level roll-up of `CNT_INSTALMENT` from the POS_CASH_balance ledger — term of previous credit (can change over time). Step 1: per prior loan, the minimum of `CNT_INSTALMENT` over that loan's monthly POS/cash records. Step 2: the total of those per-loan values across all of the customer's previous Home Credit applications.",POS_CASH_balance.group_by(SK_ID_PREV).min(CNT_INSTALMENT) → join onto previous_application → .group_by(SK_ID_CURR).sum(),True,5.3507,0.0,242,29.434404,27.657603,0.0,0.0,10.0,21.0,41.0,126.0,272.0,6.691,-0.02424,0.05956,False,
PREV_INST_AMT_INSTALMENT_MAX_MAX,False,220,0.0008094,INST,installments_payments,AMT_INSTALMENT,Float64,"Two-level roll-up of `AMT_INSTALMENT` from the installments_payments ledger — what was the prescribed installment amount of previous credit on this installment. Step 1: per prior loan, the maximum of `AMT_INSTALMENT` over that loan's monthly installment records. Step 2: the maximum of those per-loan values across all of the customer's previous Home Credit applications.",installments_payments.group_by(SK_ID_PREV).max(AMT_INSTALMENT) → join onto previous_application → .group_by(SK_ID_CURR).max(),False,5.8876,5.8876,236200,136644.650913,246305.569916,0.0,3260.07,14005.035,34958.7,129837.375,1186258.365,3771487.845,0.001,0.00258,0.06214,False,
PREV_L365D_AMT_CREDIT_MEAN,False,221,0.00080775,PREV_L365D,previous_application,AMT_CREDIT,Float64,"The average of `AMT_CREDIT` over previous_application records within the last 365 days (`DAYS_DECISION` >= -365). Source column: final credit amount on the previous application. This differs from AMT_APPLICATION in a way that the AMT_APPLICATION is the amount for which the client initially applied for, but during our approval process he could have received different amount - AMT_CREDIT",previous_application.filter(DAYS_DECISION >= -365).group_by(SK_ID_CURR).mean(AMT_CREDIT),False,45.0475,45.0475,80111,155840.462227,211917.168217,0.0,0.0,36463.5,88265.25,188210.25,1046990.25,3850500.0,8.263,-0.01183,0.073,False,
PREV_CC_CNT_DRAWINGS_CURRENT_MEAN_MEAN,False,222,0.00080167,CC,credit_card_balance,CNT_DRAWINGS_CURRENT,Float64,"Two-level roll-up of `CNT_DRAWINGS_CURRENT` from the credit_card_balance ledger — number of drawings during this month on the previous credit. Step 1: per prior loan, the average of `CNT_DRAWINGS_CURRENT` over that loan's monthly credit-card records. Step 2: the average of those per-loan values across all of the customer's previous Home Credit applications.",credit_card_balance.group_by(SK_ID_PREV).mean(CNT_DRAWINGS_CURRENT) → join onto previous_application → .group_by(SK_ID_CURR).mean(),False,74.6565,74.6565,6457,1.704668,3.878826,0.0,0.0,0.0,0.268817,1.6,18.636364,118.25,8.274,0.08089,0.07745,False,
BUREAU_ACTIVE_RATE,False,223,0.00079863,BUREAU,bureau,CREDIT_ACTIVE,Float64,"Share of the customer's credit-bureau records (loans at other institutions) with `CREDIT_ACTIVE` = ""Active"".",bureau.group_by(SK_ID_CURR).mean(CREDIT_ACTIVE == 'Active'),True,14.3149,0.0,297,0.353855,0.320026,0.0,0.0,0.0,0.333333,0.5,1.0,1.0,29.385,0.07736,0.10125,False,
PREV_INST_UNDERPAY_RATE_MIN,False,224,0.00079454,INST,installments_payments,INST_UNDERPAY_RATE,Float64,"The minimum, across the customer's previous Home Credit applications, of a per-loan derived metric: the share of installments paid short (AMT_PAYMENT < AMT_INSTALMENT), computed over that loan's installment ledger.",per-SK_ID_PREV `INST_UNDERPAY_RATE` (see features.aggregate_installments_by_prev) → .group_by(SK_ID_CURR).min(),False,5.8902,5.8902,886,0.026781,0.1067,0.0,0.0,0.0,0.0,0.0,0.6,1.0,85.985,0.0631,0.06217,False,
PREV_L365D_AMT_APPLICATION_MEAN,False,225,0.00079426,PREV_L365D,previous_application,AMT_APPLICATION,Float64,The average of `AMT_APPLICATION` over previous_application records within the last 365 days (`DAYS_DECISION` >= -365). Source column: for how much credit did client ask on the previous application,previous_application.filter(DAYS_DECISION >= -365).group_by(SK_ID_CURR).mean(AMT_APPLICATION),False,45.0475,45.0475,54003,145795.756307,197227.84474,0.0,0.0,35983.5,84402.0,175500.0,959625.07875,3850500.0,8.33,-0.01635,0.073,False,
PREV_POS_CNT_INSTALMENT_SUM_MIN,False,226,0.00079113,POS,POS_CASH_balance,CNT_INSTALMENT,Float64,"Two-level roll-up of `CNT_INSTALMENT` from the POS_CASH_balance ledger — term of previous credit (can change over time). Step 1: per prior loan, the total of `CNT_INSTALMENT` over that loan's monthly POS/cash records. Step 2: the minimum of those per-loan values across all of the customer's previous Home Credit applications.",POS_CASH_balance.group_by(SK_ID_PREV).sum(CNT_INSTALMENT) → join onto previous_application → .group_by(SK_ID_CURR).min(),False,6.6807,6.6807,960,99.215087,145.649971,0.0,6.0,32.0,50.0,110.0,612.0,5256.0,0.251,0.0163,0.06946,False,
PREV_POS_CNT_INSTALMENT_SUM_MEAN,False,227,0.00079,POS,POS_CASH_balance,CNT_INSTALMENT,Float64,"Two-level roll-up of `CNT_INSTALMENT` from the POS_CASH_balance ledger — term of previous credit (can change over time). Step 1: per prior loan, the total of `CNT_INSTALMENT` over that loan's monthly POS/cash records. Step 2: the average of those per-loan values across all of the customer's previous Home Credit applications.",POS_CASH_balance.group_by(SK_ID_PREV).sum(CNT_INSTALMENT) → join onto previous_application → .group_by(SK_ID_CURR).mean(),False,6.6807,6.6807,13337,179.67999,177.777254,0.0,19.333333,75.0,125.5,226.0,831.0,5256.0,0.01,0.0033,0.06946,False,
PREV_AMT_APPLICATION_MEAN,False,228,0.00078602,PREV,previous_application,AMT_APPLICATION,Float64,The average of `AMT_APPLICATION` across the customer's previous Home Credit applications. Source column: for how much credit did client ask on the previous application,previous_application.group_by(SK_ID_CURR).mean(AMT_APPLICATION),False,5.3507,5.3507,191771,154005.486423,153287.831054,0.0,14265.0,61925.7375,106002.0,191250.0,732375.0,4050000.0,0.33,-0.0218,0.05956,False,
PREV_NAME_TYPE_SUITE_Unaccompanied_RATE,False,229,0.00077212,PREV,previous_application,NAME_TYPE_SUITE,Float64,"Share of the customer's previous Home Credit applications whose `NAME_TYPE_SUITE` equals ""Unaccompanied"" (0 = never, 1 = always). Source column: who accompanied client when applying for the previous application",previous_application.group_by(SK_ID_CURR).mean(NAME_TYPE_SUITE == 'Unaccompanied'),True,20.1362,0.0,182,0.451727,0.423917,0.0,0.0,0.0,0.5,1.0,1.0,1.0,40.409,0.0164,0.08485,False,
BUREAU_BB_MONTHS_COUNT_MEAN,False,230,0.00077133,BUREAU,bureau_balance,BB_MONTHS_COUNT,Float64,"The average, across the customer's credit-bureau records (loans at other institutions), of a per-bureau-credit monthly-history metric: the number of monthly bureau-balance records observed.",bureau_balance.group_by(SK_ID_BUREAU) → `BB_MONTHS_COUNT` → join onto bureau via SK_ID_BUREAU → .group_by(SK_ID_CURR).mean(),False,70.0073,70.0073,5674,27.477237,16.827669,1.0,2.4,15.0,24.75,37.0,82.0,97.0,0.0,-0.08019,0.08043,False,
PREV_RATE_DOWN_PAYMENT_MIN,False,231,0.00076702,PREV,previous_application,RATE_DOWN_PAYMENT,Float64,The minimum of `RATE_DOWN_PAYMENT` across the customer's previous Home Credit applications. Source column: down payment rate normalized on previous credit,previous_application.group_by(SK_ID_CURR).min(RATE_DOWN_PAYMENT),False,11.0259,11.0259,64769,0.047078,0.084942,-1.5e-05,0.0,0.0,0.0,0.100023,0.415564,0.98974,58.184,-0.01478,0.08296,False,
PREV_NAME_YIELD_GROUP_middle_RATE,False,232,0.00076636,PREV,previous_application,NAME_YIELD_GROUP,Float64,"Share of the customer's previous Home Credit applications whose `NAME_YIELD_GROUP` equals ""middle"" (0 = never, 1 = always). Source column: grouped interest rate into small medium and high of the previous application",previous_application.group_by(SK_ID_CURR).mean(NAME_YIELD_GROUP == 'middle'),True,5.3507,0.0,330,0.24127,0.291633,0.0,0.0,0.0,0.166667,0.384615,1.0,1.0,42.603,-0.016,0.05956,False,
YEARS_BEGINEXPLUATATION_AVG,False,233,0.00076396,DRIVER,application_train,YEARS_BEGINEXPLUATATION_AVG,Float64,"Normalized information about building where the client lives, What is average (_AVG suffix), modus (_MODE suffix), median (_MEDI suffix) apartment size, common area, living area, age of building, number of elevators, number of entrances, state of the building, number of floor",taken directly from application_train (no aggregation),False,48.781,48.781,286,0.977735,0.059223,0.0,0.9488,0.9767,0.9816,0.9866,0.999,1.0,0.167,-0.00973,0.09205,False,
PREV_DAYS_FIRST_DRAWING_MAX,False,234,0.00076375,PREV,previous_application,DAYS_FIRST_DRAWING,Float64,The maximum of `DAYS_FIRST_DRAWING` across the customer's previous Home Credit applications. Source column: relative to application date of current application when was the first disbursement of the previous application,previous_application.group_by(SK_ID_CURR).max(DAYS_FIRST_DRAWING),False,82.6504,82.6504,2797,-1050.795453,934.104677,-2922.0,-2874.0,-2066.0,-628.0,-296.0,-32.0,-2.0,0.0,0.09622,0.07505,False,
PREV_DAYS_DECISION_SUM,False,235,0.00076216,PREV,previous_application,DAYS_DECISION,Int64,The total of `DAYS_DECISION` across the customer's previous Home Credit applications. Source column: relative to current application when was the decision about previous application made,previous_application.group_by(SK_ID_CURR).sum(DAYS_DECISION),True,5.3507,0.0,20117,-4047.256075,4236.653183,-83976.0,-19153.0,-5636.0,-2779.0,-1033.0,0.0,0.0,5.351,0.0197,0.05956,False,
PREV_CC_CNT_DRAWINGS_CURRENT_MEAN_MIN,False,236,0.00076143,CC,credit_card_balance,CNT_DRAWINGS_CURRENT,Float64,"Two-level roll-up of `CNT_DRAWINGS_CURRENT` from the credit_card_balance ledger — number of drawings during this month on the previous credit. Step 1: per prior loan, the average of `CNT_DRAWINGS_CURRENT` over that loan's monthly credit-card records. Step 2: the minimum of those per-loan values across all of the customer's previous Home Credit applications.",credit_card_balance.group_by(SK_ID_PREV).mean(CNT_DRAWINGS_CURRENT) → join onto previous_application → .group_by(SK_ID_CURR).min(),False,74.6565,74.6565,6327,1.6989,3.876286,0.0,0.0,0.0,0.265823,1.583333,18.625,118.25,8.325,0.08066,0.07745,False,
PREV_INST_AMT_INSTALMENT_MEAN_MEAN,False,237,0.00075797,INST,installments_payments,AMT_INSTALMENT,Float64,"Two-level roll-up of `AMT_INSTALMENT` from the installments_payments ledger — what was the prescribed installment amount of previous credit on this installment. Step 1: per prior loan, the average of `AMT_INSTALMENT` over that loan's monthly installment records. Step 2: the average of those per-loan values across all of the customer's previous Home Credit applications.",installments_payments.group_by(SK_ID_PREV).mean(AMT_INSTALMENT) → join onto previous_application → .group_by(SK_ID_CURR).mean(),False,5.8876,5.8876,285846,23388.1745,37628.230764,0.0,2779.568571,8464.472813,13692.1275,24442.035,169910.04075,2504589.66,0.001,-0.01159,0.06214,False,
PREV_INST_NUM_INSTALMENT_VERSION_SUM_MAX,False,238,0.00075672,INST,installments_payments,NUM_INSTALMENT_VERSION,Float64,"Two-level roll-up of `NUM_INSTALMENT_VERSION` from the installments_payments ledger — version of installment calendar (0 is for credit card) of previous credit. Change of installment version from month to month signifies that some parameter of payment calendar has changed. Step 1: per prior loan, the total of `NUM_INSTALMENT_VERSION` over that loan's monthly installment records. Step 2: the maximum of those per-loan values across all of the customer's previous Home Credit applications.",installments_payments.group_by(SK_ID_PREV).sum(NUM_INSTALMENT_VERSION) → join onto previous_application → .group_by(SK_ID_CURR).max(),False,5.8876,5.8876,487,18.541157,24.437306,0.0,2.0,10.0,12.0,21.0,100.0,1395.0,0.821,-0.01662,0.06214,False,
BUREAU_DAYS_CREDIT_UPDATE_SUM,False,239,0.00075559,BUREAU,bureau,DAYS_CREDIT_UPDATE,Int64,The total of `DAYS_CREDIT_UPDATE` across the customer's credit-bureau records (loans at other institutions). Source column: how many days before loan application did last information about the Credit Bureau credit come,bureau.group_by(SK_ID_CURR).sum(DAYS_CREDIT_UPDATE),True,14.3149,0.0,17725,-2858.053045,3732.801457,-90065.0,-16319.0,-4141.0,-1561.0,-128.0,0.0,14.0,14.319,0.0414,0.10125,False,
PREV_POS_CNT_INSTALMENT_MIN_MEAN,False,240,0.00075388,POS,POS_CASH_balance,CNT_INSTALMENT,Float64,"Two-level roll-up of `CNT_INSTALMENT` from the POS_CASH_balance ledger — term of previous credit (can change over time). Step 1: per prior loan, the minimum of `CNT_INSTALMENT` over that loan's monthly POS/cash records. Step 2: the average of those per-loan values across all of the customer's previous Home Credit applications.",POS_CASH_balance.group_by(SK_ID_PREV).min(CNT_INSTALMENT) → join onto previous_application → .group_by(SK_ID_CURR).mean(),False,6.6911,6.6911,1266,11.694426,6.53028,1.0,3.0,7.333333,10.0,14.0,36.0,72.0,0.0,0.00746,0.06969,False,
LANDAREA_AVG,False,241,0.00074621,DRIVER,application_train,LANDAREA_AVG,Float64,"Normalized information about building where the client lives, What is average (_AVG suffix), modus (_MODE suffix), median (_MEDI suffix) apartment size, common area, living area, age of building, number of elevators, number of entrances, state of the building, number of floor",taken directly from application_train (no aggregation),False,59.3767,59.3767,3528,0.066333,0.081184,0.0,0.0,0.0187,0.0481,0.0856,0.3746,1.0,5.073,-0.01088,0.0882,False,
PREV_POS_MONTHS_BALANCE_SUM_MAX,False,242,0.00074535,POS,POS_CASH_balance,MONTHS_BALANCE,Int64,"Two-level roll-up of `MONTHS_BALANCE` from the POS_CASH_balance ledger — month of balance relative to application date (-1 means the information to the freshest monthly snapshot, 0 means the information at application - often it will be the same as -1 as many banks are not updating the information to Credit Bureau regularly ). Step 1: per prior loan, the total of `MONTHS_BALANCE` over that loan's monthly POS/cash records. Step 2: the maximum of those per-loan values across all of the customer's previous Home Credit applications.",POS_CASH_balance.group_by(SK_ID_PREV).sum(MONTHS_BALANCE) → join onto previous_application → .group_by(SK_ID_CURR).max(),False,6.6807,6.6807,1379,-179.632372,249.499346,-4653.0,-986.0,-221.0,-95.0,-40.0,-1.0,-1.0,0.0,-0.00358,0.06946,False,
APARTMENTS_MODE,False,243,0.00074174,DRIVER,application_train,APARTMENTS_MODE,Float64,"Normalized information about building where the client lives, What is average (_AVG suffix), modus (_MODE suffix), median (_MEDI suffix) apartment size, common area, living area, age of building, number of elevators, number of entrances, state of the building, number of floor",taken directly from application_train (no aggregation),False,50.7497,50.7497,761,0.114231,0.107936,0.0,0.0021,0.0525,0.084,0.1439,0.541,1.0,0.317,-0.02728,0.09153,False,
BUREAU_BB_CLOSED_MONTHS_MEAN,False,244,0.00073757,BUREAU,bureau_balance,BB_CLOSED_MONTHS,Float64,"The average, across the customer's credit-bureau records (loans at other institutions), of a per-bureau-credit monthly-history metric: the number of months in 'C' (closed) status.",bureau_balance.group_by(SK_ID_BUREAU) → `BB_CLOSED_MONTHS` → join onto bureau via SK_ID_BUREAU → .group_by(SK_ID_CURR).mean(),False,70.0073,70.0073,4746,12.972568,13.936867,0.0,0.0,1.75,9.0,19.5,63.5,96.0,6.045,-0.06295,0.08043,False,
LIVINGAREA_MODE,False,245,0.00073701,DRIVER,application_train,LIVINGAREA_MODE,Float64,"Normalized information about building where the client lives, What is average (_AVG suffix), modus (_MODE suffix), median (_MEDI suffix) apartment size, common area, living area, age of building, number of elevators, number of entrances, state of the building, number of floor",taken directly from application_train (no aggregation),False,50.1933,50.1933,5302,0.105975,0.111845,0.0,0.0019,0.0427,0.0731,0.1252,0.5616,1.0,0.144,-0.03068,0.09142,False,
PREV_INST_DAYS_ENTRY_PAYMENT_MEAN_MAX,False,246,0.00073624,INST,installments_payments,DAYS_ENTRY_PAYMENT,Float64,"Two-level roll-up of `DAYS_ENTRY_PAYMENT` from the installments_payments ledger — when was the installments of previous credit paid actually (relative to application date of current loan). Step 1: per prior loan, the average of `DAYS_ENTRY_PAYMENT` over that loan's monthly installment records. Step 2: the maximum of those per-loan values across all of the customer's previous Home Credit applications.",installments_payments.group_by(SK_ID_PREV).mean(DAYS_ENTRY_PAYMENT) → join onto previous_application → .group_by(SK_ID_CURR).max(),False,5.8902,5.8902,98392,-478.465057,528.277698,-2888.0,-2461.0,-560.483871,-289.444444,-148.375,-29.0,-2.0,0.0,0.00255,0.06217,False,
PREV_AMT_CREDIT_MAX,False,247,0.0007357,PREV,previous_application,AMT_CREDIT,Float64,"The maximum of `AMT_CREDIT` across the customer's previous Home Credit applications. Source column: final credit amount on the previous application. This differs from AMT_APPLICATION in a way that the AMT_APPLICATION is the amount for which the client initially applied for, but during our approval process he could have received different amount - AMT_CREDIT",previous_application.group_by(SK_ID_CURR).max(AMT_CREDIT),False,5.3507,5.3507,58511,413865.566542,457538.382666,0.0,20520.0,104431.5,225000.0,547344.0,2074927.5,4509688.5,0.074,-0.00844,0.05956,False,
BUREAU_BB_DPD_MONTHS_MEAN,False,248,0.00072091,BUREAU,bureau_balance,BB_DPD_MONTHS,Float64,"The average, across the customer's credit-bureau records (loans at other institutions), of a per-bureau-credit monthly-history metric: the number of months in days-past-due status (STATUS in 1..5).",bureau_balance.group_by(SK_ID_BUREAU) → `BB_DPD_MONTHS` → join onto bureau via SK_ID_BUREAU → .group_by(SK_ID_CURR).mean(),False,70.0073,70.0073,908,0.495233,2.037076,0.0,0.0,0.0,0.0,0.272727,7.428571,89.0,19.895,0.03083,0.08043,False,
HOUR_APPR_PROCESS_START,False,249,0.00071769,DRIVER,application_train,HOUR_APPR_PROCESS_START,Int64,Approximately at what hour did the client apply for the loan,taken directly from application_train (no aggregation),False,0.0,0.0,24,12.063419,3.265832,0.0,4.0,10.0,12.0,14.0,19.0,23.0,0.013,-0.02417,,False,
PREV_INST_NUM_INSTALMENT_NUMBER_SUM_MEAN,False,250,0.00071667,INST,installments_payments,NUM_INSTALMENT_NUMBER,Float64,"Two-level roll-up of `NUM_INSTALMENT_NUMBER` from the installments_payments ledger — on which installment we observe payment. Step 1: per prior loan, the total of `NUM_INSTALMENT_NUMBER` over that loan's monthly installment records. Step 2: the average of those per-loan values across all of the customer's previous Home Credit applications.",installments_payments.group_by(SK_ID_PREV).sum(NUM_INSTALMENT_NUMBER) → join onto previous_application → .group_by(SK_ID_CURR).mean(),False,5.8876,5.8876,20775,180.623874,504.875693,1.0,6.0,33.0,62.5,128.5,2310.333333,17668.0,0.0,-0.00476,0.06214,False,
PREV_CC_CNT_DRAWINGS_CURRENT_MEAN_MAX,False,251,0.00071239,CC,credit_card_balance,CNT_DRAWINGS_CURRENT,Float64,"Two-level roll-up of `CNT_DRAWINGS_CURRENT` from the credit_card_balance ledger — number of drawings during this month on the previous credit. Step 1: per prior loan, the average of `CNT_DRAWINGS_CURRENT` over that loan's monthly credit-card records. Step 2: the maximum of those per-loan values across all of the customer's previous Home Credit applications.",credit_card_balance.group_by(SK_ID_PREV).mean(CNT_DRAWINGS_CURRENT) → join onto previous_application → .group_by(SK_ID_CURR).max(),False,74.6565,74.6565,6326,1.710436,3.889995,0.0,0.0,0.0,0.269231,1.6,18.666667,118.25,8.274,0.08093,0.07745,False,
PREV_HOUR_APPR_PROCESS_START_SUM,False,252,0.00071114,PREV,previous_application,HOUR_APPR_PROCESS_START,Int64,The total of `HOUR_APPR_PROCESS_START` across the customer's previous Home Credit applications. Source column: approximately at what day hour did the client apply for the previous application,previous_application.group_by(SK_ID_CURR).sum(HOUR_APPR_PROCESS_START),True,5.3507,0.0,574,57.368598,53.105553,0.0,0.0,20.0,43.0,78.0,248.0,915.0,5.352,0.01064,0.05956,False,
APARTMENTS_AVG,False,253,0.00070963,DRIVER,application_train,APARTMENTS_AVG,Float64,"Normalized information about building where the client lives, What is average (_AVG suffix), modus (_MODE suffix), median (_MEDI suffix) apartment size, common area, living area, age of building, number of elevators, number of entrances, state of the building, number of floor",taken directly from application_train (no aggregation),False,50.7497,50.7497,2340,0.11744,0.10824,0.0,0.0021,0.0577,0.0876,0.1485,0.5454,1.0,0.244,-0.0295,0.09153,False,
BUREAU_BB_MONTHS_BALANCE_MIN_MEAN,False,254,0.00070342,BUREAU,bureau_balance,BB_MONTHS_BALANCE_MIN,Float64,"The average, across the customer's credit-bureau records (loans at other institutions), of a per-bureau-credit monthly-history metric: the oldest observed month offset (min MONTHS_BALANCE, i.e. how far back the history goes).",bureau_balance.group_by(SK_ID_BUREAU) → `BB_MONTHS_BALANCE_MIN` → join onto bureau via SK_ID_BUREAU → .group_by(SK_ID_CURR).mean(),False,70.0073,70.0073,5716,-34.223424,17.815248,-96.0,-86.0,-45.222222,-33.0,-21.0,-2.5,0.0,0.06,0.08904,0.08043,False,
PREV_POS_CNT_INSTALMENT_FUTURE_SUM_MEAN,False,255,0.00068537,POS,POS_CASH_balance,CNT_INSTALMENT_FUTURE,Float64,"Two-level roll-up of `CNT_INSTALMENT_FUTURE` from the POS_CASH_balance ledger — installments left to pay on the previous credit. Step 1: per prior loan, the total of `CNT_INSTALMENT_FUTURE` over that loan's monthly POS/cash records. Step 2: the average of those per-loan values across all of the customer's previous Home Credit applications.",POS_CASH_balance.group_by(SK_ID_PREV).sum(CNT_INSTALMENT_FUTURE) → join onto previous_application → .group_by(SK_ID_CURR).mean(),False,6.6807,6.6807,10739,110.465854,115.408455,0.0,10.0,43.5,72.0,143.5,555.666667,2621.0,0.021,0.0107,0.06946,False,
PREV_INST_DAYS_ENTRY_PAYMENT_SUM_MIN,False,256,0.00068396,INST,installments_payments,DAYS_ENTRY_PAYMENT,Float64,"Two-level roll-up of `DAYS_ENTRY_PAYMENT` from the installments_payments ledger — when was the installments of previous credit paid actually (relative to application date of current loan). Step 1: per prior loan, the total of `DAYS_ENTRY_PAYMENT` over that loan's monthly installment records. Step 2: the minimum of those per-loan values across all of the customer's previous Home Credit applications.",installments_payments.group_by(SK_ID_PREV).sum(DAYS_ENTRY_PAYMENT) → join onto previous_application → .group_by(SK_ID_CURR).min(),False,5.8876,5.8876,61544,-21145.992295,29872.043047,-562629.0,-162702.0,-24322.0,-13375.0,-5115.0,-470.0,0.0,0.003,0.02549,0.06214,False,
PREV_POS_COUNT_MAX,False,257,0.00068329,POS,POS_CASH_balance,,UInt32,"The maximum, across the customer's previous Home Credit applications, of the number of monthly POS/cash ledger records a prior loan has. A null means the customer has no prior loan with any POS/cash history.",POS_CASH_balance.group_by(SK_ID_PREV).len() → join onto previous_application → .group_by(SK_ID_CURR).max(),False,6.6807,6.6807,97,14.177846,7.951321,1.0,4.0,9.0,13.0,18.0,39.0,96.0,0.0,-0.01874,0.06946,False,
PREV_HAS_INST_RATE,False,258,0.00068124,PREV,previous_application,,Float64,Share of the customer's previous Home Credit applications that have any installment ledger history attached (a mix of product type and data coverage).,HAS_INST = per-loan flag that the installment join matched → .group_by(SK_ID_CURR).mean(),True,5.3507,0.0,366,0.669028,0.310697,0.0,0.0,0.5,0.666667,1.0,1.0,1.0,5.888,-0.05516,0.05956,False,
LANDAREA_MODE,False,259,0.00068108,DRIVER,application_train,LANDAREA_MODE,Float64,"Normalized information about building where the client lives, What is average (_AVG suffix), modus (_MODE suffix), median (_MEDI suffix) apartment size, common area, living area, age of building, number of elevators, number of entrances, state of the building, number of floor",taken directly from application_train (no aggregation),False,59.3767,59.3767,3564,0.064958,0.08175,0.0,0.0,0.0166,0.0458,0.0841,0.379,1.0,5.676,-0.01017,0.0882,False,
PREV_INST_DAYS_ENTRY_PAYMENT_SUM_MEAN,False,260,0.00067672,INST,installments_payments,DAYS_ENTRY_PAYMENT,Float64,"Two-level roll-up of `DAYS_ENTRY_PAYMENT` from the installments_payments ledger — when was the installments of previous credit paid actually (relative to application date of current loan). Step 1: per prior loan, the total of `DAYS_ENTRY_PAYMENT` over that loan's monthly installment records. Step 2: the average of those per-loan values across all of the customer's previous Home Credit applications.",installments_payments.group_by(SK_ID_PREV).sum(DAYS_ENTRY_PAYMENT) → join onto previous_application → .group_by(SK_ID_CURR).mean(),False,5.8876,5.8876,126056,-11613.030354,14209.490495,-263567.0,-69616.5,-14337.75,-8262.0,-3791.0,-455.0,0.0,0.003,0.02118,0.06214,False,
BUREAU_DAYS_ENDDATE_FACT_SUM,False,261,0.00067502,BUREAU,bureau,DAYS_ENDDATE_FACT,Float64,The total of `DAYS_ENDDATE_FACT` across the customer's credit-bureau records (loans at other institutions). Source column: days since CB credit ended at the time of application in Home Credit (only for closed credit),bureau.group_by(SK_ID_CURR).sum(DAYS_ENDDATE_FACT),True,14.3149,0.0,18827,-3062.039751,3972.245873,-74646.0,-17626.0,-4488.0,-1661.0,0.0,0.0,0.0,25.091,0.04885,0.10125,False,
PREV_L365D_AMT_CREDIT_MAX,False,262,0.00067106,PREV_L365D,previous_application,AMT_CREDIT,Float64,"The maximum of `AMT_CREDIT` over previous_application records within the last 365 days (`DAYS_DECISION` >= -365). Source column: final credit amount on the previous application. This differs from AMT_APPLICATION in a way that the AMT_APPLICATION is the amount for which the client initially applied for, but during our approval process he could have received different amount - AMT_CREDIT",previous_application.filter(DAYS_DECISION >= -365).group_by(SK_ID_CURR).max(AMT_CREDIT),False,45.0475,45.0475,37584,328685.626966,434435.040731,0.0,0.0,49774.5,145075.14,450000.0,1971072.0,4104351.0,8.263,-0.00394,0.073,False,
FLOORSMAX_AVG,False,263,0.00066871,DRIVER,application_train,FLOORSMAX_AVG,Float64,"Normalized information about building where the client lives, What is average (_AVG suffix), modus (_MODE suffix), median (_MEDI suffix) apartment size, common area, living area, age of building, number of elevators, number of entrances, state of the building, number of floor",taken directly from application_train (no aggregation),False,49.7608,49.7608,404,0.226282,0.144641,0.0,0.0,0.1667,0.1667,0.3333,0.6667,1.0,0.955,-0.044,0.09191,False,
PREV_WEEKDAY_APPR_PROCESS_START_FRIDAY_RATE,False,264,0.00066351,PREV,previous_application,WEEKDAY_APPR_PROCESS_START,Float64,"Share of the customer's previous Home Credit applications whose `WEEKDAY_APPR_PROCESS_START` equals ""FRIDAY"" (0 = never, 1 = always). Source column: on which day of the week did the client apply for previous application",previous_application.group_by(SK_ID_CURR).mean(WEEKDAY_APPR_PROCESS_START == 'FRIDAY'),True,5.3507,0.0,314,0.139408,0.232829,0.0,0.0,0.0,0.0,0.222222,1.0,1.0,61.044,0.00481,0.05956,False,
PREV_POS_CNT_INSTALMENT_MAX_MEAN,False,265,0.0006601,POS,POS_CASH_balance,CNT_INSTALMENT,Float64,"Two-level roll-up of `CNT_INSTALMENT` from the POS_CASH_balance ledger — term of previous credit (can change over time). Step 1: per prior loan, the maximum of `CNT_INSTALMENT` over that loan's monthly POS/cash records. Step 2: the average of those per-loan values across all of the customer's previous Home Credit applications.",POS_CASH_balance.group_by(SK_ID_PREV).max(CNT_INSTALMENT) → join onto previous_application → .group_by(SK_ID_CURR).mean(),False,6.6911,6.6911,1491,14.505565,7.857434,1.0,4.0,9.5,12.0,18.0,42.0,72.0,0.0,0.02856,0.06969,False,
PREV_INST_NUM_INSTALMENT_NUMBER_MEAN_SUM,False,266,0.00065935,INST,installments_payments,NUM_INSTALMENT_NUMBER,Float64,"Two-level roll-up of `NUM_INSTALMENT_NUMBER` from the installments_payments ledger — on which installment we observe payment. Step 1: per prior loan, the average of `NUM_INSTALMENT_NUMBER` over that loan's monthly installment records. Step 2: the total of those per-loan values across all of the customer's previous Home Credit applications.",installments_payments.group_by(SK_ID_PREV).mean(NUM_INSTALMENT_NUMBER) → join onto previous_application → .group_by(SK_ID_CURR).sum(),True,5.3507,0.0,61398,17.902922,18.053579,0.0,0.0,5.818182,12.0,23.571429,83.30303,213.719309,5.888,-0.01309,0.05956,False,
PREV_POS_CNT_INSTALMENT_SUM_MAX,False,267,0.00065688,POS,POS_CASH_balance,CNT_INSTALMENT,Float64,"Two-level roll-up of `CNT_INSTALMENT` from the POS_CASH_balance ledger — term of previous credit (can change over time). Step 1: per prior loan, the total of `CNT_INSTALMENT` over that loan's monthly POS/cash records. Step 2: the maximum of those per-loan values across all of the customer's previous Home Credit applications.",POS_CASH_balance.group_by(SK_ID_PREV).sum(CNT_INSTALMENT) → join onto previous_application → .group_by(SK_ID_CURR).max(),False,6.6807,6.6807,1754,301.470653,334.420486,0.0,20.0,104.0,156.0,408.0,1536.0,5256.0,0.01,-0.00836,0.06946,False,
PREV_CHANNEL_TYPE_AP_Cash_loan_RATE,False,268,0.00065336,PREV,previous_application,CHANNEL_TYPE,Float64,"Share of the customer's previous Home Credit applications whose `CHANNEL_TYPE` equals ""AP+ (Cash loan)"" (0 = never, 1 = always). Source column: through which channel we acquired the client on the previous application",previous_application.group_by(SK_ID_CURR).mean(CHANNEL_TYPE == 'AP+ (Cash loan)'),True,5.3507,0.0,262,0.028176,0.120862,0.0,0.0,0.0,0.0,0.0,0.666667,1.0,92.562,0.03483,0.05956,False,
PREV_HOUR_APPR_PROCESS_START_MIN,False,269,0.00065328,PREV,previous_application,HOUR_APPR_PROCESS_START,Int64,The minimum of `HOUR_APPR_PROCESS_START` across the customer's previous Home Credit applications. Source column: approximately at what day hour did the client apply for the previous application,previous_application.group_by(SK_ID_CURR).min(HOUR_APPR_PROCESS_START),False,5.3507,5.3507,25,10.728266,3.093174,0.0,3.0,9.0,10.0,12.0,19.0,23.0,0.028,-0.03143,0.05956,False,
PREV_POS_CNT_INSTALMENT_MEAN_MEAN,False,270,0.00065236,POS,POS_CASH_balance,CNT_INSTALMENT,Float64,"Two-level roll-up of `CNT_INSTALMENT` from the POS_CASH_balance ledger — term of previous credit (can change over time). Step 1: per prior loan, the average of `CNT_INSTALMENT` over that loan's monthly POS/cash records. Step 2: the average of those per-loan values across all of the customer's previous Home Credit applications.",POS_CASH_balance.group_by(SK_ID_PREV).mean(CNT_INSTALMENT) → join onto previous_application → .group_by(SK_ID_CURR).mean(),False,6.6911,6.6911,52381,13.892361,7.426648,1.0,4.0,9.0,12.0,17.444444,37.642754,72.0,0.0,0.02558,0.06969,False,
PREV_CHANNEL_TYPE_Credit_and_cash_offices_RATE,False,271,0.00065078,PREV,previous_application,CHANNEL_TYPE,Float64,"Share of the customer's previous Home Credit applications whose `CHANNEL_TYPE` equals ""Credit and cash offices"" (0 = never, 1 = always). Source column: through which channel we acquired the client on the previous application",previous_application.group_by(SK_ID_CURR).mean(CHANNEL_TYPE == 'Credit and cash offices'),True,5.3507,0.0,415,0.27973,0.328018,0.0,0.0,0.0,0.0,0.533333,1.0,1.0,50.2,0.01036,0.05956,False,
PREV_INST_DAYS_INSTALMENT_SUM_MAX,False,272,0.00064287,INST,installments_payments,DAYS_INSTALMENT,Float64,"Two-level roll-up of `DAYS_INSTALMENT` from the installments_payments ledger — when the installment of previous credit was supposed to be paid (relative to application date of current loan). Step 1: per prior loan, the total of `DAYS_INSTALMENT` over that loan's monthly installment records. Step 2: the maximum of those per-loan values across all of the customer's previous Home Credit applications.",installments_payments.group_by(SK_ID_PREV).sum(DAYS_INSTALMENT) → join onto previous_application → .group_by(SK_ID_CURR).max(),False,5.8876,5.8876,23658,-5314.627088,10771.199735,-262574.0,-32700.0,-6040.0,-2387.0,-896.0,-21.0,-2.0,0.0,-0.00016,0.06214,False,
PREV_WEEKDAY_APPR_PROCESS_START_THURSDAY_RATE,False,273,0.000641,PREV,previous_application,WEEKDAY_APPR_PROCESS_START,Float64,"Share of the customer's previous Home Credit applications whose `WEEKDAY_APPR_PROCESS_START` equals ""THURSDAY"" (0 = never, 1 = always). Source column: on which day of the week did the client apply for previous application",previous_application.group_by(SK_ID_CURR).mean(WEEKDAY_APPR_PROCESS_START == 'THURSDAY'),True,5.3507,0.0,320,0.137376,0.231792,0.0,0.0,0.0,0.0,0.205882,1.0,1.0,61.528,0.00326,0.05956,False,
PREV_AMT_ANNUITY_SUM,False,274,0.00063483,PREV,previous_application,AMT_ANNUITY,Float64,The total of `AMT_ANNUITY` across the customer's previous Home Credit applications. Source column: annuity of previous application,previous_application.group_by(SK_ID_CURR).sum(AMT_ANNUITY),True,5.3507,0.0,268977,56985.20026,72172.403695,0.0,0.0,13395.06,33300.495,73445.49,343125.045,2051102.655,5.487,-0.00674,0.05956,False,
POS_L12M_SK_DPD_MAX,False,275,0.00063276,POS_L12M,POS_CASH_balance,SK_DPD,Int64,The maximum of `SK_DPD` over POS_CASH_balance records within the last 12 months (`MONTHS_BALANCE` >= -12). Source column: dPD (days past due) during the month of previous credit,POS_CASH_balance.filter(MONTHS_BALANCE >= -12).group_by(SK_ID_CURR).max(SK_DPD),False,32.7188,32.7188,887,9.299743,147.860035,0.0,0.0,0.0,0.0,0.0,14.0,4231.0,64.158,0.00772,0.08014,False,
PREV_CC_CNT_DRAWINGS_CURRENT_MAX_MEAN,False,276,0.00062974,CC,credit_card_balance,CNT_DRAWINGS_CURRENT,Float64,"Two-level roll-up of `CNT_DRAWINGS_CURRENT` from the credit_card_balance ledger — number of drawings during this month on the previous credit. Step 1: per prior loan, the maximum of `CNT_DRAWINGS_CURRENT` over that loan's monthly credit-card records. Step 2: the average of those per-loan values across all of the customer's previous Home Credit applications.",credit_card_balance.group_by(SK_ID_PREV).max(CNT_DRAWINGS_CURRENT) → join onto previous_application → .group_by(SK_ID_CURR).mean(),False,74.6565,74.6565,147,7.187118,10.995464,0.0,0.0,0.0,4.0,9.0,52.0,165.0,8.274,0.10096,0.07745,False,
PREV_INST_AMT_PAYMENT_MAX_MAX,False,277,0.00062887,INST,installments_payments,AMT_PAYMENT,Float64,"Two-level roll-up of `AMT_PAYMENT` from the installments_payments ledger — what the client actually paid on previous credit on this installment. Step 1: per prior loan, the maximum of `AMT_PAYMENT` over that loan's monthly installment records. Step 2: the maximum of those per-loan values across all of the customer's previous Home Credit applications.",installments_payments.group_by(SK_ID_PREV).max(AMT_PAYMENT) → join onto previous_application → .group_by(SK_ID_CURR).max(),False,5.8902,5.8902,229146,138506.044144,248622.435363,45.0,3258.855,14090.76,35626.815,132761.7,1193385.825,3771487.845,0.0,0.0018,0.06217,False,
PREV_AMT_APPLICATION_MAX,False,278,0.00062696,PREV,previous_application,AMT_APPLICATION,Float64,The maximum of `AMT_APPLICATION` across the customer's previous Home Credit applications. Source column: for how much credit did client ask on the previous application,previous_application.group_by(SK_ID_CURR).max(AMT_APPLICATION),False,5.3507,5.3507,48663,374590.465842,421995.134959,0.0,19935.0,98311.5,202500.0,454500.0,1935000.0,5850000.0,0.33,-0.01261,0.05956,False,
APARTMENTS_MEDI,False,279,0.00062574,DRIVER,application_train,APARTMENTS_MEDI,Float64,"Normalized information about building where the client lives, What is average (_AVG suffix), modus (_MODE suffix), median (_MEDI suffix) apartment size, common area, living area, age of building, number of elevators, number of entrances, state of the building, number of floor",taken directly from application_train (no aggregation),False,50.7497,50.7497,1149,0.11785,0.109076,0.0,0.0021,0.0583,0.0864,0.1489,0.5506,1.0,0.251,-0.02918,0.09153,False,
PREV_AMT_CREDIT_MIN,False,280,0.0006174,PREV,previous_application,AMT_CREDIT,Float64,"The minimum of `AMT_CREDIT` across the customer's previous Home Credit applications. Source column: final credit amount on the previous application. This differs from AMT_APPLICATION in a way that the AMT_APPLICATION is the amount for which the client initially applied for, but during our approval process he could have received different amount - AMT_CREDIT",previous_application.group_by(SK_ID_CURR).min(AMT_CREDIT),False,5.3507,5.3507,38545,48690.782262,96674.142749,0.0,0.0,0.0,23805.0,58905.0,429196.5,4050000.0,36.984,-0.01942,0.05956,False,
PREV_WEEKDAY_APPR_PROCESS_START_MONDAY_RATE,False,281,0.00061375,PREV,previous_application,WEEKDAY_APPR_PROCESS_START,Float64,"Share of the customer's previous Home Credit applications whose `WEEKDAY_APPR_PROCESS_START` equals ""MONDAY"" (0 = never, 1 = always). Source column: on which day of the week did the client apply for previous application",previous_application.group_by(SK_ID_CURR).mean(WEEKDAY_APPR_PROCESS_START == 'MONDAY'),True,5.3507,0.0,305,0.137747,0.232043,0.0,0.0,0.0,0.0,0.217391,1.0,1.0,61.683,0.00578,0.05956,False,
PREV_SELLERPLACE_AREA_MIN,False,282,0.00061214,PREV,previous_application,SELLERPLACE_AREA,Int64,The minimum of `SELLERPLACE_AREA` across the customer's previous Home Credit applications. Source column: selling area of seller place of the previous application,previous_application.group_by(SK_ID_CURR).min(SELLERPLACE_AREA),False,5.3507,5.3507,1525,169.784637,10552.09223,-1.0,-1.0,-1.0,-1.0,30.0,2586.0,4000000.0,2.358,-0.00129,0.05956,False,
PREV_DAYS_TERMINATION_MIN,False,283,0.00061207,PREV,previous_application,DAYS_TERMINATION,Float64,The minimum of `DAYS_TERMINATION` across the customer's previous Home Credit applications. Source column: relative to application date of current application when was the expected termination of the previous application,previous_application.group_by(SK_ID_CURR).min(DAYS_TERMINATION),False,13.1693,13.1693,2809,-1293.491079,818.031092,-2874.0,-2652.0,-2065.0,-1253.0,-531.0,-25.0,-2.0,0.0,0.04819,0.08615,False,
PREV_INST_NUM_INSTALMENT_NUMBER_MEAN_MAX,False,284,0.00061152,INST,installments_payments,NUM_INSTALMENT_NUMBER,Float64,"Two-level roll-up of `NUM_INSTALMENT_NUMBER` from the installments_payments ledger — on which installment we observe payment. Step 1: per prior loan, the average of `NUM_INSTALMENT_NUMBER` over that loan's monthly installment records. Step 2: the maximum of those per-loan values across all of the customer's previous Home Credit applications.",installments_payments.group_by(SK_ID_PREV).mean(NUM_INSTALMENT_NUMBER) → join onto previous_application → .group_by(SK_ID_CURR).max(),False,5.8876,5.8876,15410,10.420753,10.745105,1.0,2.0,5.0,6.5,11.52,56.5,139.911263,0.0,0.0002,0.06214,False,
PREV_INST_SHORTFALL_MEAN_MIN,False,285,0.00061139,INST,installments_payments,INST_SHORTFALL_MEAN,Float64,"The minimum, across the customer's previous Home Credit applications, of a per-loan derived metric: the average payment shortfall per installment (AMT_INSTALMENT - AMT_PAYMENT; negative = overpaid), computed over that loan's installment ledger.",per-SK_ID_PREV `INST_SHORTFALL_MEAN` (see features.aggregate_installments_by_prev) → .group_by(SK_ID_CURR).min(),False,5.8902,5.8902,51587,-2940.329119,16093.531054,-818842.5,-71751.375,0.0,0.0,0.0,3782.550937,146145.9,74.533,0.01821,0.06217,False,
PREV_AMT_DOWN_PAYMENT_MIN,False,286,0.00061066,PREV,previous_application,AMT_DOWN_PAYMENT,Float64,The minimum of `AMT_DOWN_PAYMENT` across the customer's previous Home Credit applications. Source column: down payment on the previous application,previous_application.group_by(SK_ID_CURR).min(AMT_DOWN_PAYMENT),False,11.0259,11.0259,12335,3961.746278,15878.442276,-0.9,0.0,0.0,0.0,3600.0,45765.0,2025000.0,58.184,-0.01695,0.08296,False,
INST_L365D_AMT_INSTALMENT_SUM,False,287,0.00060443,INST_L365D,installments_payments,AMT_INSTALMENT,Float64,The total of `AMT_INSTALMENT` over installments_payments records within the last 365 days (`DAYS_INSTALMENT` >= -365). Source column: what was the prescribed installment amount of previous credit on this installment,installments_payments.filter(DAYS_INSTALMENT >= -365).group_by(SK_ID_CURR).sum(AMT_INSTALMENT),True,29.2682,0.0,207640,221828.795376,364000.13133,0.0,0.0,0.0,85500.0,272552.085,1690616.79,12797871.12,29.268,-0.00637,0.07846,False,
BUREAU_AMT_CREDIT_MAX_OVERDUE_MIN,False,288,0.00060331,BUREAU,bureau,AMT_CREDIT_MAX_OVERDUE,Float64,The minimum of `AMT_CREDIT_MAX_OVERDUE` across the customer's credit-bureau records (loans at other institutions). Source column: maximal amount overdue on the Credit Bureau credit so far (at application date of loan in our sample),bureau.group_by(SK_ID_CURR).min(AMT_CREDIT_MAX_OVERDUE),False,40.2018,40.2018,13755,3004.550935,284757.127785,0.0,0.0,0.0,0.0,0.0,26923.5,115987185.0,54.0,0.00233,0.08414,False,
AMT_REQ_CREDIT_BUREAU_QRT,False,289,0.00060065,DRIVER,application_train,AMT_REQ_CREDIT_BUREAU_QRT,Float64,Number of enquiries to Credit Bureau about the client 3 month before application (excluding one month before application),taken directly from application_train (no aggregation),False,13.5016,13.5016,12,0.265474,0.794056,0.0,0.0,0.0,0.0,0.0,2.0,261.0,70.052,-0.00202,0.10337,False,
POS_L12M_SK_DPD_SUM,False,290,0.0006005,POS_L12M,POS_CASH_balance,SK_DPD,Int64,The total of `SK_DPD` over POS_CASH_balance records within the last 12 months (`MONTHS_BALANCE` >= -12). Source column: dPD (days past due) during the month of previous credit,POS_CASH_balance.filter(MONTHS_BALANCE >= -12).group_by(SK_ID_CURR).sum(SK_DPD),True,32.7188,0.0,1099,53.75756,1154.019277,0.0,0.0,0.0,0.0,0.0,12.0,48770.0,96.877,0.00644,0.08014,False,
BASEMENTAREA_MODE,False,291,0.00060006,DRIVER,application_train,BASEMENTAREA_MODE,Float64,"Normalized information about building where the client lives, What is average (_AVG suffix), modus (_MODE suffix), median (_MEDI suffix) apartment size, common area, living area, age of building, number of elevators, number of entrances, state of the building, number of floor",taken directly from application_train (no aggregation),False,58.516,58.516,3842,0.087543,0.084307,0.0,0.0,0.0407,0.0746,0.1124,0.3962,1.0,5.398,-0.01995,0.08913,False,
PREV_CHANNEL_TYPE_Channel_of_corporate_sales_RATE,False,292,0.00059985,PREV,previous_application,CHANNEL_TYPE,Float64,"Share of the customer's previous Home Credit applications whose `CHANNEL_TYPE` equals ""Channel of corporate sales"" (0 = never, 1 = always). Source column: through which channel we acquired the client on the previous application",previous_application.group_by(SK_ID_CURR).mean(CHANNEL_TYPE == 'Channel of corporate sales'),True,5.3507,0.0,130,0.003517,0.049297,0.0,0.0,0.0,0.0,0.0,0.0,1.0,99.288,-0.00861,0.05956,False,
PREV_INST_AMT_PAYMENT_MEAN_SUM,False,293,0.00059296,INST,installments_payments,AMT_PAYMENT,Float64,"Two-level roll-up of `AMT_PAYMENT` from the installments_payments ledger — what the client actually paid on previous credit on this installment. Step 1: per prior loan, the average of `AMT_PAYMENT` over that loan's monthly installment records. Step 2: the total of those per-loan values across all of the customer's previous Home Credit applications.",installments_payments.group_by(SK_ID_PREV).mean(AMT_PAYMENT) → join onto previous_application → .group_by(SK_ID_CURR).sum(),True,5.3507,0.0,286306,71493.477455,139233.139008,0.0,0.0,11861.717143,28911.696359,71712.524125,671787.625375,4699736.051168,5.89,-0.01515,0.05956,False,
REGION_RATING_CLIENT,False,294,0.00058998,DRIVER,application_train,REGION_RATING_CLIENT,Int64,"Our rating of the region where client lives (1,2,3)",taken directly from application_train (no aggregation),False,0.0,0.0,3,2.052463,0.509034,1.0,1.0,2.0,2.0,2.0,3.0,3.0,0.0,0.0589,,False,
PREV_INST_AMT_INSTALMENT_MEAN_MAX,False,295,0.00058727,INST,installments_payments,AMT_INSTALMENT,Float64,"Two-level roll-up of `AMT_INSTALMENT` from the installments_payments ledger — what was the prescribed installment amount of previous credit on this installment. Step 1: per prior loan, the average of `AMT_INSTALMENT` over that loan's monthly installment records. Step 2: the maximum of those per-loan values across all of the customer's previous Home Credit applications.",installments_payments.group_by(SK_ID_PREV).mean(AMT_INSTALMENT) → join onto previous_application → .group_by(SK_ID_CURR).max(),False,5.8876,5.8876,262647,45723.644588,99293.538081,0.0,2870.652273,10543.57875,18942.639,40960.3725,474006.39,3202061.805,0.001,-0.0076,0.06214,False,
PREV_INST_NUM_INSTALMENT_NUMBER_MEAN_MEAN,False,296,0.00058494,INST,installments_payments,NUM_INSTALMENT_NUMBER,Float64,"Two-level roll-up of `NUM_INSTALMENT_NUMBER` from the installments_payments ledger — on which installment we observe payment. Step 1: per prior loan, the average of `NUM_INSTALMENT_NUMBER` over that loan's monthly installment records. Step 2: the average of those per-loan values across all of the customer's previous Home Credit applications.",installments_payments.group_by(SK_ID_PREV).mean(NUM_INSTALMENT_NUMBER) → join onto previous_application → .group_by(SK_ID_CURR).mean(),False,5.8876,5.8876,66547,6.605623,4.870738,1.0,2.0,4.0,5.5,7.375,26.0,93.481481,0.0,0.01204,0.06214,False,
PREV_INST_NUM_INSTALMENT_VERSION_MEAN_SUM,False,297,0.00058273,INST,installments_payments,NUM_INSTALMENT_VERSION,Float64,"Two-level roll-up of `NUM_INSTALMENT_VERSION` from the installments_payments ledger — version of installment calendar (0 is for credit card) of previous credit. Change of installment version from month to month signifies that some parameter of payment calendar has changed. Step 1: per prior loan, the average of `NUM_INSTALMENT_VERSION` over that loan's monthly installment records. Step 2: the total of those per-loan values across all of the customer's previous Home Credit applications.",installments_payments.group_by(SK_ID_PREV).mean(NUM_INSTALMENT_VERSION) → join onto previous_application → .group_by(SK_ID_CURR).sum(),True,5.3507,0.0,30065,3.007073,2.588976,0.0,0.0,1.052632,2.2,4.090909,12.116667,93.969697,6.709,-0.04004,0.05956,False,
PREV_WEEKDAY_APPR_PROCESS_START_TUESDAY_RATE,False,298,0.0005817,PREV,previous_application,WEEKDAY_APPR_PROCESS_START,Float64,"Share of the customer's previous Home Credit applications whose `WEEKDAY_APPR_PROCESS_START` equals ""TUESDAY"" (0 = never, 1 = always). Source column: on which day of the week did the client apply for previous application",previous_application.group_by(SK_ID_CURR).mean(WEEKDAY_APPR_PROCESS_START == 'TUESDAY'),True,5.3507,0.0,317,0.139135,0.232167,0.0,0.0,0.0,0.0,0.222222,1.0,1.0,61.109,0.00033,0.05956,False,
PREV_CHANNEL_TYPE_Country_wide_RATE,False,299,0.00057763,PREV,previous_application,CHANNEL_TYPE,Float64,"Share of the customer's previous Home Credit applications whose `CHANNEL_TYPE` equals ""Country-wide"" (0 = never, 1 = always). Source column: through which channel we acquired the client on the previous application",previous_application.group_by(SK_ID_CURR).mean(CHANNEL_TYPE == 'Country-wide'),True,5.3507,0.0,349,0.349955,0.359433,0.0,0.0,0.0,0.25,0.571429,1.0,1.0,34.533,-0.00142,0.05956,False,
PREV_CODE_REJECT_REASON_SCOFR_RATE,False,300,0.00057234,PREV,previous_application,CODE_REJECT_REASON,Float64,"Share of the customer's previous Home Credit applications whose `CODE_REJECT_REASON` equals ""SCOFR"" (0 = never, 1 = always). Source column: why was the previous application rejected",previous_application.group_by(SK_ID_CURR).mean(CODE_REJECT_REASON == 'SCOFR'),True,5.3507,0.0,158,0.00532,0.041989,0.0,0.0,0.0,0.0,0.0,0.214286,1.0,97.793,0.05586,0.05956,False,
PREV_INST_UNDERPAY_RATE_MAX,False,301,0.00057116,INST,installments_payments,INST_UNDERPAY_RATE,Float64,"The maximum, across the customer's previous Home Credit applications, of a per-loan derived metric: the share of installments paid short (AMT_PAYMENT < AMT_INSTALMENT), computed over that loan's installment ledger.",per-SK_ID_PREV `INST_UNDERPAY_RATE` (see features.aggregate_installments_by_prev) → .group_by(SK_ID_CURR).max(),False,5.8902,5.8902,1570,0.15415,0.239028,0.0,0.0,0.0,0.0,0.27027,0.909091,1.0,54.695,0.04645,0.06217,False,
PREV_DAYS_LAST_DUE_MIN,False,302,0.00056936,PREV,previous_application,DAYS_LAST_DUE,Float64,The minimum of `DAYS_LAST_DUE` across the customer's previous Home Credit applications. Source column: relative to application date of current application when was the last due date of the previous application,previous_application.group_by(SK_ID_CURR).min(DAYS_LAST_DUE),False,12.487,12.487,2869,-1313.707605,825.386068,-2889.0,-2714.0,-2090.0,-1278.0,-543.0,-26.0,-2.0,0.0,0.04849,0.08607,False,
PREV_INST_NUM_INSTALMENT_VERSION_MAX_MEAN,False,303,0.0005673,INST,installments_payments,NUM_INSTALMENT_VERSION,Float64,"Two-level roll-up of `NUM_INSTALMENT_VERSION` from the installments_payments ledger — version of installment calendar (0 is for credit card) of previous credit. Change of installment version from month to month signifies that some parameter of payment calendar has changed. Step 1: per prior loan, the maximum of `NUM_INSTALMENT_VERSION` over that loan's monthly installment records. Step 2: the average of those per-loan values across all of the customer's previous Home Credit applications.",installments_payments.group_by(SK_ID_PREV).max(NUM_INSTALMENT_VERSION) → join onto previous_application → .group_by(SK_ID_CURR).mean(),False,5.8876,5.8876,387,1.540976,1.001816,0.0,0.5,1.0,1.333333,2.0,5.0,44.0,0.821,-0.01637,0.06214,False,
PREV_NAME_PAYMENT_TYPE_XNA_RATE,False,304,0.00056666,PREV,previous_application,NAME_PAYMENT_TYPE,Float64,"Share of the customer's previous Home Credit applications whose `NAME_PAYMENT_TYPE` equals ""XNA"" (0 = never, 1 = always). Source column: payment method that client chose to pay for the previous application",previous_application.group_by(SK_ID_CURR).mean(NAME_PAYMENT_TYPE == 'XNA'),True,5.3507,0.0,413,0.295009,0.298947,0.0,0.0,0.0,0.25,0.5,1.0,1.0,38.756,0.03495,0.05956,False,
POS_L12M_SK_DPD_DEF_SUM,False,305,0.00056648,POS_L12M,POS_CASH_balance,SK_DPD_DEF,Int64,The total of `SK_DPD_DEF` over POS_CASH_balance records within the last 12 months (`MONTHS_BALANCE` >= -12). Source column: dPD during the month with tolerance (debts with low loan amounts are ignored) of the previous credit,POS_CASH_balance.filter(MONTHS_BALANCE >= -12).group_by(SK_ID_CURR).sum(SK_DPD_DEF),True,32.7188,0.0,194,3.376695,307.15033,0.0,0.0,0.0,0.0,0.0,5.0,38461.0,97.722,0.00598,0.08014,False,
LANDAREA_MEDI,False,306,0.0005658,DRIVER,application_train,LANDAREA_MEDI,Float64,"Normalized information about building where the client lives, What is average (_AVG suffix), modus (_MODE suffix), median (_MEDI suffix) apartment size, common area, living area, age of building, number of elevators, number of entrances, state of the building, number of floor",taken directly from application_train (no aggregation),False,59.3767,59.3767,3561,0.067169,0.082167,0.0,0.0,0.0187,0.0487,0.0868,0.3813,1.0,5.177,-0.01126,0.0882,False,
BUREAU_AMT_ANNUITY_MEAN,False,307,0.00056426,BUREAU,bureau,AMT_ANNUITY,Float64,The average of `AMT_ANNUITY` across the customer's credit-bureau records (loans at other institutions). Source column: annuity of the Credit Bureau credit,bureau.group_by(SK_ID_CURR).mean(AMT_ANNUITY),False,73.9817,73.9817,40579,16052.24733,170501.562645,0.0,0.0,242.763158,6494.162143,15150.015,110524.5,27282428.7525,6.418,-0.00139,0.0801,False,
PREV_WEEKDAY_APPR_PROCESS_START_WEDNESDAY_RATE,False,308,0.00056182,PREV,previous_application,WEEKDAY_APPR_PROCESS_START,Float64,"Share of the customer's previous Home Credit applications whose `WEEKDAY_APPR_PROCESS_START` equals ""WEDNESDAY"" (0 = never, 1 = always). Source column: on which day of the week did the client apply for previous application",previous_application.group_by(SK_ID_CURR).mean(WEEKDAY_APPR_PROCESS_START == 'WEDNESDAY'),True,5.3507,0.0,317,0.139728,0.233126,0.0,0.0,0.0,0.0,0.222222,1.0,1.0,61.013,0.00404,0.05956,False,
PREV_POS_CNT_INSTALMENT_FUTURE_SUM_MIN,False,309,0.0005603,POS,POS_CASH_balance,CNT_INSTALMENT_FUTURE,Float64,"Two-level roll-up of `CNT_INSTALMENT_FUTURE` from the POS_CASH_balance ledger — installments left to pay on the previous credit. Step 1: per prior loan, the total of `CNT_INSTALMENT_FUTURE` over that loan's monthly POS/cash records. Step 2: the minimum of those per-loan values across all of the customer's previous Home Credit applications.",POS_CASH_balance.group_by(SK_ID_PREV).sum(CNT_INSTALMENT_FUTURE) → join onto previous_application → .group_by(SK_ID_CURR).min(),False,6.6807,6.6807,990,58.325706,91.232162,0.0,4.0,19.0,33.0,66.0,435.0,2621.0,0.449,0.01926,0.06946,False,
PREV_INST_UNDERPAY_RATE_SUM,False,310,0.00055977,INST,installments_payments,INST_UNDERPAY_RATE,Float64,"The total, across the customer's previous Home Credit applications, of a per-loan derived metric: the share of installments paid short (AMT_PAYMENT < AMT_INSTALMENT), computed over that loan's installment ledger.",per-SK_ID_PREV `INST_UNDERPAY_RATE` (see features.aggregate_installments_by_prev) → .group_by(SK_ID_CURR).sum(),True,5.3507,0.0,18469,0.198186,0.380949,0.0,0.0,0.0,0.0,0.27619,1.742236,7.38275,60.585,0.0373,0.05956,False,
ENTRANCES_AVG,False,311,0.00055938,DRIVER,application_train,ENTRANCES_AVG,Float64,"Normalized information about building where the client lives, What is average (_AVG suffix), modus (_MODE suffix), median (_MEDI suffix) apartment size, common area, living area, age of building, number of elevators, number of entrances, state of the building, number of floor",taken directly from application_train (no aggregation),False,50.3488,50.3488,286,0.149725,0.100049,0.0,0.0345,0.069,0.1379,0.2069,0.5172,1.0,0.105,-0.01917,0.09179,False,
PREV_POS_CNT_INSTALMENT_FUTURE_SUM_MAX,False,312,0.00055918,POS,POS_CASH_balance,CNT_INSTALMENT_FUTURE,Float64,"Two-level roll-up of `CNT_INSTALMENT_FUTURE` from the POS_CASH_balance ledger — installments left to pay on the previous credit. Step 1: per prior loan, the total of `CNT_INSTALMENT_FUTURE` over that loan's monthly POS/cash records. Step 2: the maximum of those per-loan values across all of the customer's previous Home Credit applications.",POS_CASH_balance.group_by(SK_ID_PREV).sum(CNT_INSTALMENT_FUTURE) → join onto previous_application → .group_by(SK_ID_CURR).max(),False,6.6807,6.6807,1646,191.852004,225.377263,0.0,10.0,55.0,78.0,279.0,1089.0,2623.0,0.021,1e-05,0.06946,False,
PREV_CC_OVERLIMIT_MONTHS_MAX,False,313,0.00055677,CC,credit_card_balance,CC_OVERLIMIT_MONTHS,UInt32,"The maximum, across the customer's previous Home Credit applications, of a per-loan derived metric: the number of months the card balance exceeded the credit limit, computed over that loan's credit-card ledger.",per-SK_ID_PREV `CC_OVERLIMIT_MONTHS` (see features.aggregate_credit_card_by_prev) → .group_by(SK_ID_CURR).max(),False,74.6565,74.6565,80,3.069815,6.8146,0.0,0.0,0.0,0.0,3.0,34.0,84.0,14.725,0.04554,0.07745,False,
PREV_INST_DAYS_INSTALMENT_MEAN_MAX,False,314,0.0005519,INST,installments_payments,DAYS_INSTALMENT,Float64,"Two-level roll-up of `DAYS_INSTALMENT` from the installments_payments ledger — when the installment of previous credit was supposed to be paid (relative to application date of current loan). Step 1: per prior loan, the average of `DAYS_INSTALMENT` over that loan's monthly installment records. Step 2: the maximum of those per-loan values across all of the customer's previous Home Credit applications.",installments_payments.group_by(SK_ID_PREV).mean(DAYS_INSTALMENT) → join onto previous_application → .group_by(SK_ID_CURR).max(),False,5.8876,5.8876,53008,-466.275961,528.503406,-2883.0,-2451.0,-548.0,-277.0,-136.0,-19.0,-2.0,0.0,0.00187,0.06214,False,
FLAG_OWN_CAR,False,315,0.00055157,DRIVER,application_train,FLAG_OWN_CAR,String,Flag if the client owns a car,taken directly from application_train (no aggregation),False,0.0,0.0,2,,,,,,,,,,,,,False,N=65.989%(dr 0.085); Y=34.011%(dr 0.07244)
WALLSMATERIAL_MODE,False,316,0.00054762,DRIVER,application_train,WALLSMATERIAL_MODE,String,"Normalized information about building where the client lives, What is average (_AVG suffix), modus (_MODE suffix), median (_MEDI suffix) apartment size, common area, living area, age of building, number of elevators, number of entrances, state of the building, number of floor",taken directly from application_train (no aggregation),False,50.8408,50.8408,8,,,,,,,,,,,,,False,"(null)=50.841%(dr 0.09128); Panel=21.476%(dr 0.06348); Stone, brick=21.077%(dr 0.07406); Block=3.009%(dr 0.07025); Wooden=1.744%(dr 0.09698); Mixed=0.747%(dr 0.07535); Monolithic=0.579%(dr 0.04722); Others=0.528%(dr 0.08308)"
PREV_AMT_CREDIT_SUM,False,317,0.00054543,PREV,previous_application,AMT_CREDIT,Float64,"The total of `AMT_CREDIT` across the customer's previous Home Credit applications. Source column: final credit amount on the previous application. This differs from AMT_APPLICATION in a way that the AMT_APPLICATION is the amount for which the client initially applied for, but during our approval process he could have received different amount - AMT_CREDIT",previous_application.group_by(SK_ID_CURR).sum(AMT_CREDIT),True,5.3507,0.0,194246,902685.665056,1462142.024457,0.0,0.0,130918.5,383778.0,1090633.5,6811519.5,41461128.0,5.425,0.00831,0.05956,False,
PREV_DAYS_FIRST_DRAWING_MIN,False,318,0.00054512,PREV,previous_application,DAYS_FIRST_DRAWING,Float64,The minimum of `DAYS_FIRST_DRAWING` across the customer's previous Home Credit applications. Source column: relative to application date of current application when was the first disbursement of the previous application,previous_application.group_by(SK_ID_CURR).min(DAYS_FIRST_DRAWING),False,82.6504,82.6504,2799,-1054.920153,935.286525,-2922.0,-2874.0,-2083.0,-632.0,-297.0,-33.0,-2.0,0.0,0.09579,0.07505,False,
PREV_INST_NUM_INSTALMENT_NUMBER_MAX_SUM,False,319,0.00054426,INST,installments_payments,NUM_INSTALMENT_NUMBER,Int64,"Two-level roll-up of `NUM_INSTALMENT_NUMBER` from the installments_payments ledger — on which installment we observe payment. Step 1: per prior loan, the maximum of `NUM_INSTALMENT_NUMBER` over that loan's monthly installment records. Step 2: the total of those per-loan values across all of the customer's previous Home Credit applications.",installments_payments.group_by(SK_ID_PREV).max(NUM_INSTALMENT_NUMBER) → join onto previous_application → .group_by(SK_ID_CURR).sum(),True,5.3507,0.0,357,35.086872,38.825549,0.0,0.0,10.0,21.0,44.0,175.0,563.0,5.888,0.00302,0.05956,False,
BUREAU_BB_MONTHS_COUNT_MAX,False,320,0.00054385,BUREAU,bureau_balance,BB_MONTHS_COUNT,UInt32,"The maximum, across the customer's credit-bureau records (loans at other institutions), of a per-bureau-credit monthly-history metric: the number of monthly bureau-balance records observed.",bureau_balance.group_by(SK_ID_BUREAU) → `BB_MONTHS_COUNT` → join onto bureau via SK_ID_BUREAU → .group_by(SK_ID_CURR).max(),False,70.0073,70.0073,98,44.285164,26.877391,1.0,3.0,21.0,41.0,65.0,95.0,97.0,0.0,-0.06879,0.08043,False,
PREV_INST_AMT_PAYMENT_MAX_SUM,False,321,0.00054087,INST,installments_payments,AMT_PAYMENT,Float64,"Two-level roll-up of `AMT_PAYMENT` from the installments_payments ledger — what the client actually paid on previous credit on this installment. Step 1: per prior loan, the maximum of `AMT_PAYMENT` over that loan's monthly installment records. Step 2: the total of those per-loan values across all of the customer's previous Home Credit applications.",installments_payments.group_by(SK_ID_PREV).max(AMT_PAYMENT) → join onto previous_application → .group_by(SK_ID_CURR).sum(),True,5.3507,0.0,273603,197652.509377,383459.114568,0.0,0.0,16182.45,49736.025,180248.49,1875865.995,7598754.36,5.89,0.00151,0.05956,False,
PREV_INST_NUM_INSTALMENT_NUMBER_SUM_SUM,False,322,0.00053852,INST,installments_payments,NUM_INSTALMENT_NUMBER,Int64,"Two-level roll-up of `NUM_INSTALMENT_NUMBER` from the installments_payments ledger — on which installment we observe payment. Step 1: per prior loan, the total of `NUM_INSTALMENT_NUMBER` over that loan's monthly installment records. Step 2: the total of those per-loan values across all of the customer's previous Home Credit applications.",installments_payments.group_by(SK_ID_PREV).sum(NUM_INSTALMENT_NUMBER) → join onto previous_application → .group_by(SK_ID_CURR).sum(),True,5.3507,0.0,8645,511.437097,1275.280351,0.0,0.0,49.0,132.0,366.0,6625.0,41352.0,5.888,-0.00943,0.05956,False,
BUREAU_BB_MONTHS_BALANCE_MIN_MIN,False,323,0.00053573,BUREAU,bureau_balance,BB_MONTHS_BALANCE_MIN,Int64,"The minimum, across the customer's credit-bureau records (loans at other institutions), of a per-bureau-credit monthly-history metric: the oldest observed month offset (min MONTHS_BALANCE, i.e. how far back the history goes).",bureau_balance.group_by(SK_ID_BUREAU) → `BB_MONTHS_BALANCE_MIN` → join onto bureau via SK_ID_BUREAU → .group_by(SK_ID_CURR).min(),False,70.0073,70.0073,98,-56.488946,27.856324,-96.0,-95.0,-83.0,-57.0,-34.0,-3.0,0.0,0.06,0.07322,0.08043,False,
PREV_INST_DAYS_INSTALMENT_SUM_SUM,False,324,0.0005335,INST,installments_payments,DAYS_INSTALMENT,Float64,"Two-level roll-up of `DAYS_INSTALMENT` from the installments_payments ledger — when the installment of previous credit was supposed to be paid (relative to application date of current loan). Step 1: per prior loan, the total of `DAYS_INSTALMENT` over that loan's monthly installment records. Step 2: the total of those per-loan values across all of the customer's previous Home Credit applications.",installments_payments.group_by(SK_ID_PREV).sum(DAYS_INSTALMENT) → join onto previous_application → .group_by(SK_ID_CURR).sum(),True,5.3507,0.0,93892,-33326.302084,45044.261393,-593183.0,-215824.0,-41843.0,-17472.0,-4670.0,0.0,0.0,5.888,0.03076,0.05956,False,
BUREAU_AMT_CREDIT_SUM_LIMIT_SUM,False,325,0.00053107,BUREAU,bureau,AMT_CREDIT_SUM_LIMIT,Float64,The total of `AMT_CREDIT_SUM_LIMIT` across the customer's credit-bureau records (loans at other institutions). Source column: current credit limit of credit card reported in Credit Bureau,bureau.group_by(SK_ID_CURR).sum(AMT_CREDIT_SUM_LIMIT),True,14.3149,0.0,37291,20190.378607,93056.533594,-579854.115,0.0,0.0,0.0,0.0,450000.0,8129328.21,84.114,-0.00942,0.10125,False,
PREV_POS_SK_DPD_DEF_MEAN_MAX,False,326,0.00052996,POS,POS_CASH_balance,SK_DPD_DEF,Float64,"Two-level roll-up of `SK_DPD_DEF` from the POS_CASH_balance ledger — dPD during the month with tolerance (debts with low loan amounts are ignored) of the previous credit. Step 1: per prior loan, the average of `SK_DPD_DEF` over that loan's monthly POS/cash records. Step 2: the maximum of those per-loan values across all of the customer's previous Home Credit applications.",POS_CASH_balance.group_by(SK_ID_PREV).mean(SK_DPD_DEF) → join onto previous_application → .group_by(SK_ID_CURR).max(),False,6.6807,6.6807,1731,0.134114,0.775059,0.0,0.0,0.0,0.0,0.0,2.7,236.460674,80.91,0.03102,0.06946,False,
BUREAU_BB_MONTHS_COUNT_MIN,False,327,0.0005276,BUREAU,bureau_balance,BB_MONTHS_COUNT,UInt32,"The minimum, across the customer's credit-bureau records (loans at other institutions), of a per-bureau-credit monthly-history metric: the number of monthly bureau-balance records observed.",bureau_balance.group_by(SK_ID_BUREAU) → `BB_MONTHS_COUNT` → join onto bureau via SK_ID_BUREAU → .group_by(SK_ID_CURR).min(),False,70.0073,70.0073,98,14.39773,14.937388,1.0,1.0,5.0,9.0,18.0,81.0,97.0,0.0,-0.04822,0.08043,False,
PREV_CC_OVERLIMIT_MONTHS_MIN,False,328,0.00052674,CC,credit_card_balance,CC_OVERLIMIT_MONTHS,UInt32,"The minimum, across the customer's previous Home Credit applications, of a per-loan derived metric: the number of months the card balance exceeded the credit limit, computed over that loan's credit-card ledger.",per-SK_ID_PREV `CC_OVERLIMIT_MONTHS` (see features.aggregate_credit_card_by_prev) → .group_by(SK_ID_CURR).min(),False,74.6565,74.6565,80,3.054431,6.804093,0.0,0.0,0.0,0.0,3.0,34.0,84.0,14.774,0.04525,0.07745,False,
BUREAU_AMT_ANNUITY_MAX,False,329,0.00052649,BUREAU,bureau,AMT_ANNUITY,Float64,The maximum of `AMT_ANNUITY` across the customer's credit-bureau records (loans at other institutions). Source column: annuity of the Credit Bureau credit,bureau.group_by(SK_ID_CURR).max(AMT_ANNUITY),False,73.9817,73.9817,23583,34838.446502,514661.274968,0.0,0.0,450.0,12491.19,27004.5,263421.0,59586682.5,6.418,0.00112,0.0801,False,
CC_L12M_AMT_DRAWINGS_CURRENT_SUM,False,330,0.0005263,CC_L12M,credit_card_balance,AMT_DRAWINGS_CURRENT,Float64,The total of `AMT_DRAWINGS_CURRENT` over credit_card_balance records within the last 12 months (`MONTHS_BALANCE` >= -12). Source column: amount drawing during the month of the previous credit,credit_card_balance.filter(MONTHS_BALANCE >= -12).group_by(SK_ID_CURR).sum(AMT_DRAWINGS_CURRENT),True,71.7392,0.0,28664,32167.667876,151331.665907,0.0,0.0,0.0,0.0,0.0,651230.055,11030597.685,87.513,0.04663,0.07838,False,
PREV_L365D_CNT_PAYMENT_SUM,False,331,0.00052585,PREV_L365D,previous_application,CNT_PAYMENT,Float64,The total of `CNT_PAYMENT` over previous_application records within the last 365 days (`DAYS_DECISION` >= -365). Source column: term of previous credit at application of the previous application,previous_application.filter(DAYS_DECISION >= -365).group_by(SK_ID_CURR).sum(CNT_PAYMENT),True,45.0475,0.0,305,16.857761,41.382786,0.0,0.0,0.0,0.0,12.0,192.0,1320.0,56.934,0.03139,0.073,False,
BASEMENTAREA_AVG,False,332,0.00052555,DRIVER,application_train,BASEMENTAREA_AVG,Float64,"Normalized information about building where the client lives, What is average (_AVG suffix), modus (_MODE suffix), median (_MEDI suffix) apartment size, common area, living area, age of building, number of elevators, number of entrances, state of the building, number of floor",taken directly from application_train (no aggregation),False,58.516,58.516,3781,0.088442,0.082438,0.0,0.0,0.0442,0.0763,0.1122,0.3859,1.0,4.795,-0.02275,0.08913,False,
PREV_NAME_CONTRACT_TYPE_Cash_loans_RATE,False,333,0.00052299,PREV,previous_application,NAME_CONTRACT_TYPE,Float64,"Share of the customer's previous Home Credit applications whose `NAME_CONTRACT_TYPE` equals ""Cash loans"" (0 = never, 1 = always). Source column: contract product type (Cash loan, consumer loan [POS] ,...) of the previous application",previous_application.group_by(SK_ID_CURR).mean(NAME_CONTRACT_TYPE == 'Cash loans'),True,5.3507,0.0,408,0.300104,0.319522,0.0,0.0,0.0,0.25,0.545455,1.0,1.0,44.268,0.01501,0.05956,False,
NONLIVINGAREA_AVG,False,334,0.00052189,DRIVER,application_train,NONLIVINGAREA_AVG,Float64,"Normalized information about building where the client lives, What is average (_AVG suffix), modus (_MODE suffix), median (_MEDI suffix) apartment size, common area, living area, age of building, number of elevators, number of entrances, state of the building, number of floor",taken directly from application_train (no aggregation),False,55.1792,55.1792,3291,0.028358,0.069523,0.0,0.0,0.0,0.0036,0.0277,0.3165,1.0,19.1,-0.01358,0.09035,False,
PREV_NAME_CLIENT_TYPE_Refreshed_RATE,False,335,0.00052034,PREV,previous_application,NAME_CLIENT_TYPE,Float64,"Share of the customer's previous Home Credit applications whose `NAME_CLIENT_TYPE` equals ""Refreshed"" (0 = never, 1 = always). Source column: was the client old or new client when applying for the previous application",previous_application.group_by(SK_ID_CURR).mean(NAME_CLIENT_TYPE == 'Refreshed'),True,5.3507,0.0,169,0.094852,0.207118,0.0,0.0,0.0,0.0,0.0,1.0,1.0,75.056,-0.02682,0.05956,False,
PREV_POS_MONTHS_BALANCE_SUM_SUM,False,336,0.00051607,POS,POS_CASH_balance,MONTHS_BALANCE,Int64,"Two-level roll-up of `MONTHS_BALANCE` from the POS_CASH_balance ledger — month of balance relative to application date (-1 means the information to the freshest monthly snapshot, 0 means the information at application - often it will be the same as -1 as many banks are not updating the information to Credit Bureau regularly ). Step 1: per prior loan, the total of `MONTHS_BALANCE` over that loan's monthly POS/cash records. Step 2: the total of those per-loan values across all of the customer's previous Home Credit applications.",POS_CASH_balance.group_by(SK_ID_PREV).sum(MONTHS_BALANCE) → join onto previous_application → .group_by(SK_ID_CURR).sum(),True,5.3507,0.0,6331,-895.987708,1020.461512,-13419.0,-4617.0,-1250.0,-570.0,-156.0,0.0,0.0,6.681,0.04001,0.05956,False,
PREV_DAYS_FIRST_DUE_MAX,False,337,0.00051457,PREV,previous_application,DAYS_FIRST_DUE,Float64,The maximum of `DAYS_FIRST_DUE` across the customer's previous Home Credit applications. Source column: relative to application date of current application when was the first due supposed to be of the previous application,previous_application.group_by(SK_ID_CURR).max(DAYS_FIRST_DUE),False,5.9448,5.9448,2891,-602.501542,569.711113,-2891.0,-2630.0,-731.0,-427.0,-232.0,-20.0,-2.0,0.0,0.00384,0.06236,False,
PREV_INST_COUNT_SUM,False,338,0.00051337,INST,installments_payments,,UInt32,"The total, across the customer's previous Home Credit applications, of the number of monthly installment ledger records a prior loan has. A null means the customer has no prior loan with any installment history.",installments_payments.group_by(SK_ID_PREV).len() → join onto previous_application → .group_by(SK_ID_CURR).sum(),True,5.3507,0.0,297,34.379977,35.890085,0.0,0.0,11.0,22.0,45.0,166.0,350.0,5.888,-0.0152,0.05956,False,
PREV_POS_CNT_INSTALMENT_MIN_MIN,False,339,0.00050836,POS,POS_CASH_balance,CNT_INSTALMENT,Float64,"Two-level roll-up of `CNT_INSTALMENT` from the POS_CASH_balance ledger — term of previous credit (can change over time). Step 1: per prior loan, the minimum of `CNT_INSTALMENT` over that loan's monthly POS/cash records. Step 2: the minimum of those per-loan values across all of the customer's previous Home Credit applications.",POS_CASH_balance.group_by(SK_ID_PREV).min(CNT_INSTALMENT) → join onto previous_application → .group_by(SK_ID_CURR).min(),False,6.6911,6.6911,60,7.913827,5.84182,1.0,1.0,4.0,6.0,10.0,30.0,72.0,0.0,0.0173,0.06969,False,
OBS_30_CNT_SOCIAL_CIRCLE,False,340,0.0005044,DRIVER,application_train,OBS_30_CNT_SOCIAL_CIRCLE,Float64,How many observation of client's social surroundings with observable 30 DPD (days past due) default,taken directly from application_train (no aggregation),False,0.332,0.332,34,1.422245,2.400989,0.0,0.0,0.0,0.0,2.0,10.0,348.0,53.302,0.00913,0.03526,False,
BUREAU_BB_MONTHS_COUNT_SUM,False,341,0.00050388,BUREAU,bureau_balance,BB_MONTHS_COUNT,UInt32,"The total, across the customer's credit-bureau records (loans at other institutions), of a per-bureau-credit monthly-history metric: the number of monthly bureau-balance records observed.",bureau_balance.group_by(SK_ID_BUREAU) → `BB_MONTHS_COUNT` → join onto bureau via SK_ID_BUREAU → .group_by(SK_ID_CURR).sum(),True,14.3149,0.0,1103,47.80841,113.735347,0.0,0.0,0.0,0.0,29.0,540.0,2657.0,70.007,-0.01364,0.10125,False,
PREV_INST_DAYS_ENTRY_PAYMENT_MIN_MAX,False,342,0.00050184,INST,installments_payments,DAYS_ENTRY_PAYMENT,Float64,"Two-level roll-up of `DAYS_ENTRY_PAYMENT` from the installments_payments ledger — when was the installments of previous credit paid actually (relative to application date of current loan). Step 1: per prior loan, the minimum of `DAYS_ENTRY_PAYMENT` over that loan's monthly installment records. Step 2: the maximum of those per-loan values across all of the customer's previous Home Credit applications.",installments_payments.group_by(SK_ID_PREV).min(DAYS_ENTRY_PAYMENT) → join onto previous_application → .group_by(SK_ID_CURR).max(),False,5.8902,5.8902,2907,-614.671788,569.427165,-2913.0,-2638.0,-742.0,-439.0,-245.0,-31.0,-2.0,0.0,0.0041,0.06217,False,
PREV_POS_MONTHS_BALANCE_MIN_MEAN,False,343,0.00049868,POS,POS_CASH_balance,MONTHS_BALANCE,Float64,"Two-level roll-up of `MONTHS_BALANCE` from the POS_CASH_balance ledger — month of balance relative to application date (-1 means the information to the freshest monthly snapshot, 0 means the information at application - often it will be the same as -1 as many banks are not updating the information to Credit Bureau regularly ). Step 1: per prior loan, the minimum of `MONTHS_BALANCE` over that loan's monthly POS/cash records. Step 2: the average of those per-loan values across all of the customer's previous Home Credit applications.",POS_CASH_balance.group_by(SK_ID_PREV).min(MONTHS_BALANCE) → join onto previous_application → .group_by(SK_ID_CURR).mean(),False,6.6807,6.6807,2646,-34.773587,19.313964,-96.0,-88.0,-47.0,-32.0,-19.0,-5.5,-1.0,0.0,0.03379,0.06946,False,
PREV_POS_MONTHS_BALANCE_MEAN_MAX,False,344,0.00049447,POS,POS_CASH_balance,MONTHS_BALANCE,Float64,"Two-level roll-up of `MONTHS_BALANCE` from the POS_CASH_balance ledger — month of balance relative to application date (-1 means the information to the freshest monthly snapshot, 0 means the information at application - often it will be the same as -1 as many banks are not updating the information to Credit Bureau regularly ). Step 1: per prior loan, the average of `MONTHS_BALANCE` over that loan's monthly POS/cash records. Step 2: the maximum of those per-loan values across all of the customer's previous Home Credit applications.",POS_CASH_balance.group_by(SK_ID_PREV).mean(MONTHS_BALANCE) → join onto previous_application → .group_by(SK_ID_CURR).max(),False,6.6807,6.6807,485,-16.714389,17.767576,-94.0,-82.5,-19.5,-10.5,-5.5,-1.0,-1.0,0.0,-0.00351,0.06946,False,
PREV_WEEKDAY_APPR_PROCESS_START_SATURDAY_RATE,False,345,0.00049379,PREV,previous_application,WEEKDAY_APPR_PROCESS_START,Float64,"Share of the customer's previous Home Credit applications whose `WEEKDAY_APPR_PROCESS_START` equals ""SATURDAY"" (0 = never, 1 = always). Source column: on which day of the week did the client apply for previous application",previous_application.group_by(SK_ID_CURR).mean(WEEKDAY_APPR_PROCESS_START == 'SATURDAY'),True,5.3507,0.0,302,0.145814,0.246397,0.0,0.0,0.0,0.0,0.222222,1.0,1.0,61.206,-0.00845,0.05956,False,
PREV_AMT_APPLICATION_SUM,False,346,0.00049277,PREV,previous_application,AMT_APPLICATION,Float64,The total of `AMT_APPLICATION` across the customer's previous Home Credit applications. Source column: for how much credit did client ask on the previous application,previous_application.group_by(SK_ID_CURR).sum(AMT_APPLICATION),True,5.3507,0.0,175563,805636.363163,1323039.72198,0.0,0.0,124087.5,343098.0,949500.0,6187500.0,37973713.5,5.681,0.00461,0.05956,False,
PREV_INST_NUM_INSTALMENT_NUMBER_SUM_MAX,False,347,0.00049168,INST,installments_payments,NUM_INSTALMENT_NUMBER,Int64,"Two-level roll-up of `NUM_INSTALMENT_NUMBER` from the installments_payments ledger — on which installment we observe payment. Step 1: per prior loan, the total of `NUM_INSTALMENT_NUMBER` over that loan's monthly installment records. Step 2: the maximum of those per-loan values across all of the customer's previous Home Credit applications.",installments_payments.group_by(SK_ID_PREV).sum(NUM_INSTALMENT_NUMBER) → join onto previous_application → .group_by(SK_ID_CURR).max(),False,5.8876,5.8876,6996,441.860649,1238.768321,1.0,6.0,48.0,84.0,257.0,6441.0,40994.0,0.0,-0.0085,0.06214,False,
PREV_INST_AMT_INSTALMENT_MAX_SUM,False,348,0.00049027,INST,installments_payments,AMT_INSTALMENT,Float64,"Two-level roll-up of `AMT_INSTALMENT` from the installments_payments ledger — what was the prescribed installment amount of previous credit on this installment. Step 1: per prior loan, the maximum of `AMT_INSTALMENT` over that loan's monthly installment records. Step 2: the total of those per-loan values across all of the customer's previous Home Credit applications.",installments_payments.group_by(SK_ID_PREV).max(AMT_INSTALMENT) → join onto previous_application → .group_by(SK_ID_CURR).sum(),True,5.3507,0.0,274557,195146.987999,379904.075868,0.0,0.0,16098.39,49187.43,177192.225,1861018.695,7598754.36,5.888,0.0022,0.05956,False,
OBS_60_CNT_SOCIAL_CIRCLE,False,349,0.00048829,DRIVER,application_train,OBS_60_CNT_SOCIAL_CIRCLE,Float64,How many observation of client's social surroundings with observable 60 DPD (days past due) default,taken directly from application_train (no aggregation),False,0.332,0.332,34,1.405292,2.379803,0.0,0.0,0.0,0.0,2.0,10.0,344.0,53.548,0.00902,0.03526,False,
PREV_CHANNEL_TYPE_Stone_RATE,False,350,0.00048577,PREV,previous_application,CHANNEL_TYPE,Float64,"Share of the customer's previous Home Credit applications whose `CHANNEL_TYPE` equals ""Stone"" (0 = never, 1 = always). Source column: through which channel we acquired the client on the previous application",previous_application.group_by(SK_ID_CURR).mean(CHANNEL_TYPE == 'Stone'),True,5.3507,0.0,245,0.165495,0.283071,0.0,0.0,0.0,0.0,0.25,1.0,1.0,61.822,-0.0212,0.05956,False,
BASEMENTAREA_MEDI,False,351,0.00048414,DRIVER,application_train,BASEMENTAREA_MEDI,Float64,"Normalized information about building where the client lives, What is average (_AVG suffix), modus (_MODE suffix), median (_MEDI suffix) apartment size, common area, living area, age of building, number of elevators, number of entrances, state of the building, number of floor",taken directly from application_train (no aggregation),False,58.516,58.516,3773,0.087955,0.082179,0.0,0.0,0.0437,0.0758,0.1116,0.3845,1.0,4.875,-0.02208,0.08913,False,
PREV_POS_CNT_INSTALMENT_SUM_SUM,False,352,0.00048353,POS,POS_CASH_balance,CNT_INSTALMENT,Float64,"Two-level roll-up of `CNT_INSTALMENT` from the POS_CASH_balance ledger — term of previous credit (can change over time). Step 1: per prior loan, the total of `CNT_INSTALMENT` over that loan's monthly POS/cash records. Step 2: the total of those per-loan values across all of the customer's previous Home Credit applications.",POS_CASH_balance.group_by(SK_ID_PREV).sum(CNT_INSTALMENT) → join onto previous_application → .group_by(SK_ID_CURR).sum(),True,5.3507,0.0,4139,463.010809,574.927289,0.0,0.0,107.0,252.0,612.0,2718.0,7812.0,6.691,-0.01489,0.05956,False,
PREV_L365D_AMT_APPLICATION_MAX,False,353,0.00048029,PREV_L365D,previous_application,AMT_APPLICATION,Float64,The maximum of `AMT_APPLICATION` over previous_application records within the last 365 days (`DAYS_DECISION` >= -365). Source column: for how much credit did client ask on the previous application,previous_application.filter(DAYS_DECISION >= -365).group_by(SK_ID_CURR).max(AMT_APPLICATION),False,45.0475,45.0475,28003,302099.674195,396178.50996,0.0,0.0,49473.0,135000.0,450000.0,1800000.0,4050000.0,8.33,-0.00824,0.073,False,
BUREAU_BB_MONTHS_BALANCE_MIN_MAX,False,354,0.00047714,BUREAU,bureau_balance,BB_MONTHS_BALANCE_MIN,Int64,"The maximum, across the customer's credit-bureau records (loans at other institutions), of a per-bureau-credit monthly-history metric: the oldest observed month offset (min MONTHS_BALANCE, i.e. how far back the history goes).",bureau_balance.group_by(SK_ID_BUREAU) → `BB_MONTHS_BALANCE_MIN` → join onto bureau via SK_ID_BUREAU → .group_by(SK_ID_CURR).max(),False,70.0073,70.0073,98,-15.054439,16.856807,-96.0,-84.0,-19.0,-9.0,-4.0,0.0,0.0,1.025,0.04981,0.08043,False,
PREV_L365D_AMT_ANNUITY_SUM,False,355,0.00047238,PREV_L365D,previous_application,AMT_ANNUITY,Float64,The total of `AMT_ANNUITY` over previous_application records within the last 365 days (`DAYS_DECISION` >= -365). Source column: annuity of previous application,previous_application.filter(DAYS_DECISION >= -365).group_by(SK_ID_CURR).sum(AMT_ANNUITY),True,45.0475,0.0,107445,15007.183323,32475.841961,0.0,0.0,0.0,0.0,17688.465,148613.805,1108437.66,54.103,-0.00232,0.073,False,
LIVINGAPARTMENTS_AVG,False,356,0.00046993,DRIVER,application_train,LIVINGAPARTMENTS_AVG,Float64,"Normalized information about building where the client lives, What is average (_AVG suffix), modus (_MODE suffix), median (_MEDI suffix) apartment size, common area, living area, age of building, number of elevators, number of entrances, state of the building, number of floor",taken directly from application_train (no aggregation),False,68.355,68.355,1869,0.100775,0.092576,0.0,0.0034,0.0504,0.0756,0.121,0.4539,1.0,0.136,-0.02503,0.08621,False,
PREV_INST_AMT_INSTALMENT_MEAN_SUM,False,357,0.00046766,INST,installments_payments,AMT_INSTALMENT,Float64,"Two-level roll-up of `AMT_INSTALMENT` from the installments_payments ledger — what was the prescribed installment amount of previous credit on this installment. Step 1: per prior loan, the average of `AMT_INSTALMENT` over that loan's monthly installment records. Step 2: the total of those per-loan values across all of the customer's previous Home Credit applications.",installments_payments.group_by(SK_ID_PREV).mean(AMT_INSTALMENT) → join onto previous_application → .group_by(SK_ID_CURR).sum(),True,5.3507,0.0,285915,69776.31504,134219.721097,0.0,0.0,12248.2575,29533.546393,71437.443,640453.862886,4717376.831168,5.888,-0.01295,0.05956,False,
COMMONAREA_MODE,False,358,0.00046406,DRIVER,application_train,COMMONAREA_MODE,Float64,"Normalized information about building where the client lives, What is average (_AVG suffix), modus (_MODE suffix), median (_MEDI suffix) apartment size, common area, living area, age of building, number of elevators, number of entrances, state of the building, number of floor",taken directly from application_train (no aggregation),False,69.8723,69.8723,3129,0.042553,0.074445,0.0,0.0,0.0072,0.019,0.049,0.3656,1.0,3.151,-0.01634,0.08574,False,
PREV_POS_MONTHS_BALANCE_MEAN_MEAN,False,359,0.00046344,POS,POS_CASH_balance,MONTHS_BALANCE,Float64,"Two-level roll-up of `MONTHS_BALANCE` from the POS_CASH_balance ledger — month of balance relative to application date (-1 means the information to the freshest monthly snapshot, 0 means the information at application - often it will be the same as -1 as many banks are not updating the information to Credit Bureau regularly ). Step 1: per prior loan, the average of `MONTHS_BALANCE` over that loan's monthly POS/cash records. Step 2: the average of those per-loan values across all of the customer's previous Home Credit applications.",POS_CASH_balance.group_by(SK_ID_PREV).mean(MONTHS_BALANCE) → join onto previous_application → .group_by(SK_ID_CURR).mean(),False,6.6807,6.6807,5181,-29.887102,18.86962,-94.0,-83.0,-41.666667,-27.0,-14.5,-3.5,-1.0,0.0,0.03397,0.06946,False,
PREV_NAME_PRODUCT_TYPE_XNA_RATE,False,360,0.00046288,PREV,previous_application,NAME_PRODUCT_TYPE,Float64,"Share of the customer's previous Home Credit applications whose `NAME_PRODUCT_TYPE` equals ""XNA"" (0 = never, 1 = always). Source column: was the previous application x-sell o walk-in",previous_application.group_by(SK_ID_CURR).mean(NAME_PRODUCT_TYPE == 'XNA'),True,5.3507,0.0,422,0.676242,0.32184,0.0,0.0,0.5,0.714286,1.0,1.0,1.0,8.874,-0.02124,0.05956,False,
PREV_INST_DAYS_ENTRY_PAYMENT_SUM_SUM,False,361,0.00046186,INST,installments_payments,DAYS_ENTRY_PAYMENT,Float64,"Two-level roll-up of `DAYS_ENTRY_PAYMENT` from the installments_payments ledger — when was the installments of previous credit paid actually (relative to application date of current loan). Step 1: per prior loan, the total of `DAYS_ENTRY_PAYMENT` over that loan's monthly installment records. Step 2: the total of those per-loan values across all of the customer's previous Home Credit applications.",installments_payments.group_by(SK_ID_PREV).sum(DAYS_ENTRY_PAYMENT) → join onto previous_application → .group_by(SK_ID_CURR).sum(),True,5.3507,0.0,95492,-33643.003392,45243.671397,-596716.0,-216863.0,-42255.0,-17737.0,-4848.0,0.0,0.0,5.89,0.03095,0.05956,False,
PREV_INST_DAYS_ENTRY_PAYMENT_MAX_MEAN,False,362,0.00045852,INST,installments_payments,DAYS_ENTRY_PAYMENT,Float64,"Two-level roll-up of `DAYS_ENTRY_PAYMENT` from the installments_payments ledger — when was the installments of previous credit paid actually (relative to application date of current loan). Step 1: per prior loan, the maximum of `DAYS_ENTRY_PAYMENT` over that loan's monthly installment records. Step 2: the average of those per-loan values across all of the customer's previous Home Credit applications.",installments_payments.group_by(SK_ID_PREV).max(DAYS_ENTRY_PAYMENT) → join onto previous_application → .group_by(SK_ID_CURR).mean(),False,5.8902,5.8902,29367,-733.879097,558.168479,-2888.0,-2380.0,-1066.5,-645.0,-282.5,-14.0,-2.0,0.0,0.0382,0.06217,False,
NONLIVINGAREA_MODE,False,363,0.00045755,DRIVER,application_train,NONLIVINGAREA_MODE,Float64,"Normalized information about building where the client lives, What is average (_AVG suffix), modus (_MODE suffix), median (_MEDI suffix) apartment size, common area, living area, age of building, number of elevators, number of entrances, state of the building, number of floor",taken directly from application_train (no aggregation),False,55.1792,55.1792,3328,0.027022,0.070254,0.0,0.0,0.0,0.0011,0.0231,0.3221,1.0,21.829,-0.01271,0.09035,False,
PREV_AMT_APPLICATION_MIN,False,364,0.00045043,PREV,previous_application,AMT_APPLICATION,Float64,The minimum of `AMT_APPLICATION` across the customer's previous Home Credit applications. Source column: for how much credit did client ask on the previous application,previous_application.group_by(SK_ID_CURR).min(AMT_APPLICATION),False,5.3507,5.3507,36290,44360.997376,93568.381804,0.0,0.0,0.0,18368.28,54000.0,416250.0,4050000.0,44.481,-0.02083,0.05956,False,
BUREAU_L730D_ACTIVE_RATE,False,365,0.00044999,BUREAU_L730D,bureau,,Float64,Share of bureau credits opened in the last 730 days that are still Active.,bureau.filter(DAYS_CREDIT >= -730).group_by(SK_ID_CURR).mean(CREDIT_ACTIVE == 'Active'),True,31.8353,0.0,155,0.462578,0.429365,0.0,0.0,0.0,0.5,1.0,1.0,1.0,40.658,0.04009,0.07608,False,
PREV_NFLAG_INSURED_ON_APPROVAL_MEAN,False,366,0.00044989,PREV,previous_application,NFLAG_INSURED_ON_APPROVAL,Float64,The average of `NFLAG_INSURED_ON_APPROVAL` across the customer's previous Home Credit applications. Source column: did the client requested insurance during the previous application,previous_application.group_by(SK_ID_CURR).mean(NFLAG_INSURED_ON_APPROVAL),False,5.7725,5.7725,112,0.277792,0.317595,0.0,0.0,0.0,0.2,0.5,1.0,1.0,44.378,-0.00053,0.06118,False,
PREV_NAME_PAYMENT_TYPE_Cash_through_the_bank_RATE,False,367,0.00044365,PREV,previous_application,NAME_PAYMENT_TYPE,Float64,"Share of the customer's previous Home Credit applications whose `NAME_PAYMENT_TYPE` equals ""Cash through the bank"" (0 = never, 1 = always). Source column: payment method that client chose to pay for the previous application",previous_application.group_by(SK_ID_CURR).mean(NAME_PAYMENT_TYPE == 'Cash through the bank'),True,5.3507,0.0,424,0.645038,0.331027,0.0,0.0,0.444444,0.666667,1.0,1.0,1.0,10.869,-0.03467,0.05956,False,
PREV_CODE_REJECT_REASON_LIMIT_RATE,False,368,0.00044288,PREV,previous_application,CODE_REJECT_REASON,Float64,"Share of the customer's previous Home Credit applications whose `CODE_REJECT_REASON` equals ""LIMIT"" (0 = never, 1 = always). Source column: why was the previous application rejected",previous_application.group_by(SK_ID_CURR).mean(CODE_REJECT_REASON == 'LIMIT'),True,5.3507,0.0,245,0.023738,0.089524,0.0,0.0,0.0,0.0,0.0,0.5,1.0,90.768,0.03984,0.05956,False,
PREV_INST_NUM_INSTALMENT_NUMBER_MEAN_MIN,False,369,0.00043828,INST,installments_payments,NUM_INSTALMENT_NUMBER,Float64,"Two-level roll-up of `NUM_INSTALMENT_NUMBER` from the installments_payments ledger — on which installment we observe payment. Step 1: per prior loan, the average of `NUM_INSTALMENT_NUMBER` over that loan's monthly installment records. Step 2: the minimum of those per-loan values across all of the customer's previous Home Credit applications.",installments_payments.group_by(SK_ID_PREV).mean(NUM_INSTALMENT_NUMBER) → join onto previous_application → .group_by(SK_ID_CURR).min(),False,5.8876,5.8876,3892,4.217313,3.837469,1.0,1.0,2.5,3.5,5.5,15.727273,93.481481,0.0,0.02141,0.06214,False,
PREV_AMT_GOODS_PRICE_MAX,False,370,0.00043496,PREV,previous_application,AMT_GOODS_PRICE,Float64,The maximum of `AMT_GOODS_PRICE` across the customer's previous Home Credit applications. Source column: goods price of good that client asked for (if applicable) on the previous application,previous_application.group_by(SK_ID_CURR).max(AMT_GOODS_PRICE),False,5.6678,5.6678,48659,375879.719078,422152.554748,0.0,21910.5,98991.0,202622.4,454500.0,1939500.0,5850000.0,0.013,-0.0129,0.05938,False,
PREV_DAYS_FIRST_DUE_MEAN,False,371,0.00043439,PREV,previous_application,DAYS_FIRST_DUE,Float64,The average of `DAYS_FIRST_DUE` across the customer's previous Home Credit applications. Source column: relative to application date of current application when was the first due supposed to be of the previous application,previous_application.group_by(SK_ID_CURR).mean(DAYS_FIRST_DUE),False,5.9448,5.9448,31084,-1025.021002,595.655271,-2891.0,-2655.0,-1401.0,-938.5,-542.0,-139.0,-3.0,0.0,0.04007,0.06236,False,
PREV_L365D_CNT_PAYMENT_MAX,False,372,0.0004325,PREV_L365D,previous_application,CNT_PAYMENT,Float64,The maximum of `CNT_PAYMENT` over previous_application records within the last 365 days (`DAYS_DECISION` >= -365). Source column: term of previous credit at application of the previous application,previous_application.filter(DAYS_DECISION >= -365).group_by(SK_ID_CURR).max(CNT_PAYMENT),False,54.1018,54.1018,28,22.922525,18.791076,0.0,0.0,10.0,12.0,36.0,60.0,84.0,2.832,0.03112,0.07485,False,
PREV_WEEKDAY_APPR_PROCESS_START_SUNDAY_RATE,False,373,0.0004314,PREV,previous_application,WEEKDAY_APPR_PROCESS_START,Float64,"Share of the customer's previous Home Credit applications whose `WEEKDAY_APPR_PROCESS_START` equals ""SUNDAY"" (0 = never, 1 = always). Source column: on which day of the week did the client apply for previous application",previous_application.group_by(SK_ID_CURR).mean(WEEKDAY_APPR_PROCESS_START == 'SUNDAY'),True,5.3507,0.0,260,0.107285,0.220058,0.0,0.0,0.0,0.0,0.125,1.0,1.0,70.049,-0.00975,0.05956,False,
PREV_CC_AMT_DRAWINGS_ATM_CURRENT_MEAN_MEAN,False,374,0.00042609,CC,credit_card_balance,AMT_DRAWINGS_ATM_CURRENT,Float64,"Two-level roll-up of `AMT_DRAWINGS_ATM_CURRENT` from the credit_card_balance ledger — amount drawing at ATM during the month of the previous credit. Step 1: per prior loan, the average of `AMT_DRAWINGS_ATM_CURRENT` over that loan's monthly credit-card records. Step 2: the average of those per-loan values across all of the customer's previous Home Credit applications.",credit_card_balance.group_by(SK_ID_PREV).mean(AMT_DRAWINGS_ATM_CURRENT) → join onto previous_application → .group_by(SK_ID_CURR).mean(),False,82.7876,82.7876,20060,13883.086026,23001.627995,0.0,0.0,1531.914894,6107.142857,18142.105263,97500.0,904500.0,2.602,0.05222,0.07516,False,
CC_L12M_AMT_PAYMENT_CURRENT_MAX,False,375,0.00042412,CC_L12M,credit_card_balance,AMT_PAYMENT_CURRENT,Float64,The maximum of `AMT_PAYMENT_CURRENT` over credit_card_balance records within the last 12 months (`MONTHS_BALANCE` >= -12). Source column: how much did the client pay during the month on the previous credit,credit_card_balance.filter(MONTHS_BALANCE >= -12).group_by(SK_ID_CURR).max(AMT_PAYMENT_CURRENT),False,80.1438,80.1438,27863,64937.747386,132926.308127,0.0,0.0,270.0,13500.0,54450.0,681470.28,2436495.255,1.647,0.02478,0.07597,False,
PREV_INST_DAYS_INSTALMENT_MEAN_MEAN,False,376,0.00042385,INST,installments_payments,DAYS_INSTALMENT,Float64,"Two-level roll-up of `DAYS_INSTALMENT` from the installments_payments ledger — when the installment of previous credit was supposed to be paid (relative to application date of current loan). Step 1: per prior loan, the average of `DAYS_INSTALMENT` over that loan's monthly installment records. Step 2: the average of those per-loan values across all of the customer's previous Home Credit applications.",installments_payments.group_by(SK_ID_PREV).mean(DAYS_INSTALMENT) → join onto previous_application → .group_by(SK_ID_CURR).mean(),False,5.8876,5.8876,138488,-876.18897,567.647321,-2883.0,-2482.5,-1230.666667,-790.0,-410.0,-82.0,-3.0,0.0,0.03991,0.06214,False,
PREV_DAYS_FIRST_DUE_MIN,False,377,0.00042331,PREV,previous_application,DAYS_FIRST_DUE,Float64,The minimum of `DAYS_FIRST_DUE` across the customer's previous Home Credit applications. Source column: relative to application date of current application when was the first due supposed to be of the previous application,previous_application.group_by(SK_ID_CURR).min(DAYS_FIRST_DUE),False,5.9448,5.9448,2891,-1494.824092,859.426665,-2892.0,-2863.0,-2339.0,-1454.0,-687.0,-143.0,-3.0,0.0,0.05363,0.06236,False,
PREV_NAME_PORTFOLIO_Cash_RATE,False,378,0.00042287,PREV,previous_application,NAME_PORTFOLIO,Float64,"Share of the customer's previous Home Credit applications whose `NAME_PORTFOLIO` equals ""Cash"" (0 = never, 1 = always). Source column: was the previous application for CASH, POS, CAR,",previous_application.group_by(SK_ID_CURR).mean(NAME_PORTFOLIO == 'Cash'),True,5.3507,0.0,415,0.196172,0.252472,0.0,0.0,0.0,0.0,0.333333,1.0,1.0,51.481,0.0061,0.05956,False,
PREV_NAME_YIELD_GROUP_XNA_RATE,False,379,0.00042029,PREV,previous_application,NAME_YIELD_GROUP,Float64,"Share of the customer's previous Home Credit applications whose `NAME_YIELD_GROUP` equals ""XNA"" (0 = never, 1 = always). Source column: grouped interest rate into small medium and high of the previous application",previous_application.group_by(SK_ID_CURR).mean(NAME_YIELD_GROUP == 'XNA'),True,5.3507,0.0,412,0.216519,0.242633,0.0,0.0,0.0,0.166667,0.4,0.842105,1.0,46.138,0.04285,0.05956,False,
BUREAU_AMT_CREDIT_SUM_LIMIT_MIN,False,380,0.00041495,BUREAU,bureau,AMT_CREDIT_SUM_LIMIT,Float64,The minimum of `AMT_CREDIT_SUM_LIMIT` across the customer's credit-bureau records (loans at other institutions). Source column: current credit limit of credit card reported in Credit Bureau,bureau.group_by(SK_ID_CURR).min(AMT_CREDIT_SUM_LIMIT),False,21.1599,21.1599,2998,1074.302088,20856.714664,-586406.115,0.0,0.0,0.0,0.0,5392.395,4500000.0,77.694,-0.00478,0.09462,False,
PREV_NAME_CONTRACT_STATUS_Canceled_RATE,False,381,0.00041465,PREV,previous_application,NAME_CONTRACT_STATUS,Float64,"Share of the customer's previous Home Credit applications whose `NAME_CONTRACT_STATUS` equals ""Canceled"" (0 = never, 1 = always). Source column: contract status (approved, cancelled, ...) of previous application",previous_application.group_by(SK_ID_CURR).mean(NAME_CONTRACT_STATUS == 'Canceled'),True,5.3507,0.0,363,0.118437,0.184062,0.0,0.0,0.0,0.0,0.230769,0.666667,1.0,63.993,0.0122,0.05956,False,
PREV_POS_CNT_INSTALMENT_FUTURE_SUM_SUM,False,382,0.00041457,POS,POS_CASH_balance,CNT_INSTALMENT_FUTURE,Float64,"Two-level roll-up of `CNT_INSTALMENT_FUTURE` from the POS_CASH_balance ledger — installments left to pay on the previous credit. Step 1: per prior loan, the total of `CNT_INSTALMENT_FUTURE` over that loan's monthly POS/cash records. Step 2: the total of those per-loan values across all of the customer's previous Home Credit applications.",POS_CASH_balance.group_by(SK_ID_PREV).sum(CNT_INSTALMENT_FUTURE) → join onto previous_application → .group_by(SK_ID_CURR).sum(),True,5.3507,0.0,2879,288.098045,374.979565,0.0,0.0,57.0,145.0,368.0,1777.0,5494.0,6.702,-0.00643,0.05956,False,
PREV_INST_COUNT_MAX,False,383,0.00041417,INST,installments_payments,,UInt32,"The maximum, across the customer's previous Home Credit applications, of the number of monthly installment ledger records a prior loan has. A null means the customer has no prior loan with any installment history.",installments_payments.group_by(SK_ID_PREV).len() → join onto previous_application → .group_by(SK_ID_CURR).max(),False,5.8876,5.8876,201,20.44602,21.770077,1.0,3.0,10.0,13.0,23.0,114.0,293.0,0.0,-0.00517,0.06214,False,
PREV_NAME_CONTRACT_TYPE_Consumer_loans_RATE,False,384,0.00041092,PREV,previous_application,NAME_CONTRACT_TYPE,Float64,"Share of the customer's previous Home Credit applications whose `NAME_CONTRACT_TYPE` equals ""Consumer loans"" (0 = never, 1 = always). Source column: contract product type (Cash loan, consumer loan [POS] ,...) of the previous application",previous_application.group_by(SK_ID_CURR).mean(NAME_CONTRACT_TYPE == 'Consumer loans'),True,5.3507,0.0,378,0.553211,0.365507,0.0,0.0,0.25,0.5,1.0,1.0,1.0,12.516,-0.03262,0.05956,False,
PREV_CODE_REJECT_REASON_SCO_RATE,False,385,0.00041069,PREV,previous_application,CODE_REJECT_REASON,Float64,"Share of the customer's previous Home Credit applications whose `CODE_REJECT_REASON` equals ""SCO"" (0 = never, 1 = always). Source column: why was the previous application rejected",previous_application.group_by(SK_ID_CURR).mean(CODE_REJECT_REASON == 'SCO'),True,5.3507,0.0,207,0.015745,0.069785,0.0,0.0,0.0,0.0,0.0,0.333333,1.0,92.959,0.01218,0.05956,False,
PREV_CC_AMT_PAYMENT_CURRENT_MEAN_MEAN,False,386,0.00041068,CC,credit_card_balance,AMT_PAYMENT_CURRENT,Float64,"Two-level roll-up of `AMT_PAYMENT_CURRENT` from the credit_card_balance ledger — how much did the client pay during the month on the previous credit. Step 1: per prior loan, the average of `AMT_PAYMENT_CURRENT` over that loan's monthly credit-card records. Step 2: the average of those per-loan values across all of the customer's previous Home Credit applications.",credit_card_balance.group_by(SK_ID_PREV).mean(AMT_PAYMENT_CURRENT) → join onto previous_application → .group_by(SK_ID_CURR).mean(),False,82.8162,82.8162,48604,20074.481393,29906.036565,0.0,458.619946,5646.719368,11547.692308,23916.393871,129904.13625,1125000.0,0.038,-0.00602,0.07529,False,
BUREAU_AMT_CREDIT_SUM_OVERDUE_SUM,False,387,0.00040939,BUREAU,bureau,AMT_CREDIT_SUM_OVERDUE,Float64,The total of `AMT_CREDIT_SUM_OVERDUE` across the customer's credit-bureau records (loans at other institutions). Source column: current amount overdue on Credit Bureau credit,bureau.group_by(SK_ID_CURR).sum(AMT_CREDIT_SUM_OVERDUE),True,14.3149,0.0,1219,191.10712,15271.02515,0.0,0.0,0.0,0.0,0.0,4.5,3756681.0,98.916,0.01333,0.10125,False,
LIVINGAPARTMENTS_MODE,False,388,0.00040708,DRIVER,application_train,LIVINGAPARTMENTS_MODE,Float64,"Normalized information about building where the client lives, What is average (_AVG suffix), modus (_MODE suffix), median (_MEDI suffix) apartment size, common area, living area, age of building, number of elevators, number of entrances, state of the building, number of floor",taken directly from application_train (no aggregation),False,68.355,68.355,737,0.105645,0.09788,0.0,0.0028,0.0542,0.0771,0.1313,0.4885,1.0,0.169,-0.02339,0.08621,False,
PREV_POS_SK_DPD_DEF_MEAN_SUM,False,389,0.00040702,POS,POS_CASH_balance,SK_DPD_DEF,Float64,"Two-level roll-up of `SK_DPD_DEF` from the POS_CASH_balance ledger — dPD during the month with tolerance (debts with low loan amounts are ignored) of the previous credit. Step 1: per prior loan, the average of `SK_DPD_DEF` over that loan's monthly POS/cash records. Step 2: the total of those per-loan values across all of the customer's previous Home Credit applications.",POS_CASH_balance.group_by(SK_ID_PREV).mean(SK_DPD_DEF) → join onto previous_application → .group_by(SK_ID_CURR).sum(),True,5.3507,0.0,5517,0.140932,0.874071,0.0,0.0,0.0,0.0,0.0,3.0,236.460674,87.59,0.03213,0.05956,False,
PREV_CC_AMT_DRAWINGS_ATM_CURRENT_MEAN_MIN,False,390,0.00040693,CC,credit_card_balance,AMT_DRAWINGS_ATM_CURRENT,Float64,"Two-level roll-up of `AMT_DRAWINGS_ATM_CURRENT` from the credit_card_balance ledger — amount drawing at ATM during the month of the previous credit. Step 1: per prior loan, the average of `AMT_DRAWINGS_ATM_CURRENT` over that loan's monthly credit-card records. Step 2: the minimum of those per-loan values across all of the customer's previous Home Credit applications.",credit_card_balance.group_by(SK_ID_PREV).mean(AMT_DRAWINGS_ATM_CURRENT) → join onto previous_application → .group_by(SK_ID_CURR).min(),False,82.7876,82.7876,20004,13865.203606,23000.894784,0.0,0.0,1520.27027,6066.455696,18107.142857,97500.0,904500.0,2.614,0.05224,0.07516,False,
PREV_POS_MONTHS_BALANCE_MAX_MEAN,False,391,0.00040623,POS,POS_CASH_balance,MONTHS_BALANCE,Float64,"Two-level roll-up of `MONTHS_BALANCE` from the POS_CASH_balance ledger — month of balance relative to application date (-1 means the information to the freshest monthly snapshot, 0 means the information at application - often it will be the same as -1 as many banks are not updating the information to Credit Bureau regularly ). Step 1: per prior loan, the maximum of `MONTHS_BALANCE` over that loan's monthly POS/cash records. Step 2: the average of those per-loan values across all of the customer's previous Home Credit applications.",POS_CASH_balance.group_by(SK_ID_PREV).max(MONTHS_BALANCE) → join onto previous_application → .group_by(SK_ID_CURR).mean(),False,6.6807,6.6807,2533,-25.001227,18.788517,-93.0,-79.0,-36.5,-22.0,-9.666667,-1.0,-1.0,0.0,0.0335,0.06946,False,
BUREAU_BB_CLOSED_MONTHS_MAX,False,392,0.00040313,BUREAU,bureau_balance,BB_CLOSED_MONTHS,UInt32,"The maximum, across the customer's credit-bureau records (loans at other institutions), of a per-bureau-credit monthly-history metric: the number of months in 'C' (closed) status.",bureau_balance.group_by(SK_ID_BUREAU) → `BB_CLOSED_MONTHS` → join onto bureau via SK_ID_BUREAU → .group_by(SK_ID_CURR).max(),False,70.0073,70.0073,98,28.688977,25.553695,0.0,0.0,5.0,24.0,46.0,86.0,96.0,6.045,-0.06108,0.08043,False,
PREV_INST_DAYS_ENTRY_PAYMENT_MIN_MEAN,False,393,0.00040262,INST,installments_payments,DAYS_ENTRY_PAYMENT,Float64,"Two-level roll-up of `DAYS_ENTRY_PAYMENT` from the installments_payments ledger — when was the installments of previous credit paid actually (relative to application date of current loan). Step 1: per prior loan, the minimum of `DAYS_ENTRY_PAYMENT` over that loan's monthly installment records. Step 2: the average of those per-loan values across all of the customer's previous Home Credit applications.",installments_payments.group_by(SK_ID_PREV).min(DAYS_ENTRY_PAYMENT) → join onto previous_application → .group_by(SK_ID_CURR).mean(),False,5.8902,5.8902,31171,-1036.978984,594.955069,-2913.0,-2662.0,-1412.0,-950.125,-554.0,-152.0,-3.0,0.0,0.04025,0.06217,False,
CC_L12M_AMT_BALANCE_SUM,False,394,0.00039974,CC_L12M,credit_card_balance,AMT_BALANCE,Float64,The total of `AMT_BALANCE` over credit_card_balance records within the last 12 months (`MONTHS_BALANCE` >= -12). Source column: balance during the month of previous credit,credit_card_balance.filter(MONTHS_BALANCE >= -12).group_by(SK_ID_CURR).sum(AMT_BALANCE),True,71.7392,0.0,37806,202992.466279,819667.623663,0.0,0.0,0.0,0.0,0.0,4688216.055,11392072.2,87.583,0.07475,0.07838,False,
COMMONAREA_AVG,False,395,0.00039832,DRIVER,application_train,COMMONAREA_AVG,Float64,"Normalized information about building where the client lives, What is average (_AVG suffix), modus (_MODE suffix), median (_MEDI suffix) apartment size, common area, living area, age of building, number of elevators, number of entrances, state of the building, number of floor",taken directly from application_train (no aggregation),False,69.8723,69.8723,3182,0.044621,0.076036,0.0,0.0,0.0078,0.0211,0.0515,0.3766,1.0,2.745,-0.01855,0.08574,False,
PREV_POS_CNT_INSTALMENT_MEAN_MIN,False,396,0.00039714,POS,POS_CASH_balance,CNT_INSTALMENT,Float64,"Two-level roll-up of `CNT_INSTALMENT` from the POS_CASH_balance ledger — term of previous credit (can change over time). Step 1: per prior loan, the average of `CNT_INSTALMENT` over that loan's monthly POS/cash records. Step 2: the minimum of those per-loan values across all of the customer's previous Home Credit applications.",POS_CASH_balance.group_by(SK_ID_PREV).mean(CNT_INSTALMENT) → join onto previous_application → .group_by(SK_ID_CURR).min(),False,6.6911,6.6911,1374,9.607668,6.351271,1.0,2.666667,6.0,8.111111,11.846154,36.0,72.0,0.0,0.03172,0.06969,False,
PREV_POS_CNT_INSTALMENT_MEAN_MAX,False,397,0.00039595,POS,POS_CASH_balance,CNT_INSTALMENT,Float64,"Two-level roll-up of `CNT_INSTALMENT` from the POS_CASH_balance ledger — term of previous credit (can change over time). Step 1: per prior loan, the average of `CNT_INSTALMENT` over that loan's monthly POS/cash records. Step 2: the maximum of those per-loan values across all of the customer's previous Home Credit applications.",POS_CASH_balance.group_by(SK_ID_PREV).mean(CNT_INSTALMENT) → join onto previous_application → .group_by(SK_ID_CURR).max(),False,6.6911,6.6911,2833,19.674661,13.321823,1.0,4.0,10.833333,12.0,24.0,60.0,84.0,0.0,0.01131,0.06969,False,
YEARS_BUILD_MODE,False,398,0.00039491,DRIVER,application_train,YEARS_BUILD_MODE,Float64,"Normalized information about building where the client lives, What is average (_AVG suffix), modus (_MODE suffix), median (_MEDI suffix) apartment size, common area, living area, age of building, number of elevators, number of entrances, state of the building, number of floor",taken directly from application_train (no aggregation),False,66.4978,66.4978,155,0.759637,0.110111,0.0,0.3662,0.6994,0.7648,0.8236,0.9869,1.0,0.033,-0.02207,0.08681,False,
PREV_POS_CNT_INSTALMENT_MEAN_SUM,False,399,0.00039324,POS,POS_CASH_balance,CNT_INSTALMENT,Float64,"Two-level roll-up of `CNT_INSTALMENT` from the POS_CASH_balance ledger — term of previous credit (can change over time). Step 1: per prior loan, the average of `CNT_INSTALMENT` over that loan's monthly POS/cash records. Step 2: the total of those per-loan values across all of the customer's previous Home Credit applications.",POS_CASH_balance.group_by(SK_ID_PREV).mean(CNT_INSTALMENT) → join onto previous_application → .group_by(SK_ID_CURR).sum(),True,5.3507,0.0,47130,35.723901,34.821524,0.0,0.0,12.0,24.0,48.0,160.910131,408.252273,6.691,-0.01037,0.05956,False,
PREV_INST_DAYS_ENTRY_PAYMENT_MIN_MIN,False,400,0.00039213,INST,installments_payments,DAYS_ENTRY_PAYMENT,Float64,"Two-level roll-up of `DAYS_ENTRY_PAYMENT` from the installments_payments ledger — when was the installments of previous credit paid actually (relative to application date of current loan). Step 1: per prior loan, the minimum of `DAYS_ENTRY_PAYMENT` over that loan's monthly installment records. Step 2: the minimum of those per-loan values across all of the customer's previous Home Credit applications.",installments_payments.group_by(SK_ID_PREV).min(DAYS_ENTRY_PAYMENT) → join onto previous_application → .group_by(SK_ID_CURR).min(),False,5.8902,5.8902,2917,-1507.153249,858.090807,-4921.0,-2871.0,-2352.0,-1467.0,-700.0,-156.0,-3.0,0.0,0.0537,0.06217,False,
PREV_INST_DAYS_INSTALMENT_MIN_MAX,False,401,0.00038907,INST,installments_payments,DAYS_INSTALMENT,Float64,"Two-level roll-up of `DAYS_INSTALMENT` from the installments_payments ledger — when the installment of previous credit was supposed to be paid (relative to application date of current loan). Step 1: per prior loan, the minimum of `DAYS_INSTALMENT` over that loan's monthly installment records. Step 2: the maximum of those per-loan values across all of the customer's previous Home Credit applications.",installments_payments.group_by(SK_ID_PREV).min(DAYS_INSTALMENT) → join onto previous_application → .group_by(SK_ID_CURR).max(),False,5.8876,5.8876,2894,-603.022522,569.590362,-2902.0,-2632.0,-731.0,-427.0,-234.0,-20.0,-2.0,0.0,0.00379,0.06214,False,
PREV_NAME_PRODUCT_TYPE_x_sell_RATE,False,402,0.00038582,PREV,previous_application,NAME_PRODUCT_TYPE,Float64,"Share of the customer's previous Home Credit applications whose `NAME_PRODUCT_TYPE` equals ""x-sell"" (0 = never, 1 = always). Source column: was the previous application x-sell o walk-in",previous_application.group_by(SK_ID_CURR).mean(NAME_PRODUCT_TYPE == 'x-sell'),True,5.3507,0.0,395,0.194009,0.241358,0.0,0.0,0.0,0.0,0.333333,1.0,1.0,50.803,-0.01826,0.05956,False,
BUREAU_BB_CLOSED_MONTHS_SUM,False,403,0.00038339,BUREAU,bureau_balance,BB_CLOSED_MONTHS,UInt32,"The total, across the customer's credit-bureau records (loans at other institutions), of a per-bureau-credit monthly-history metric: the number of months in 'C' (closed) status.",bureau_balance.group_by(SK_ID_BUREAU) → `BB_CLOSED_MONTHS` → join onto bureau via SK_ID_BUREAU → .group_by(SK_ID_CURR).sum(),True,14.3149,0.0,765,22.853085,64.822295,0.0,0.0,0.0,0.0,0.0,320.0,1981.0,76.052,-0.01929,0.10125,False,
PREV_POS_COMPLETED_MONTHS_MEAN,False,404,0.00038124,POS,POS_CASH_balance,POS_COMPLETED_MONTHS,Float64,"The average, across the customer's previous Home Credit applications, of a per-loan derived metric: the number of monthly records with contract status 'Completed', computed over that loan's POS/cash ledger.",per-SK_ID_PREV `POS_COMPLETED_MONTHS` (see features.aggregate_pos_cash_by_prev) → .group_by(SK_ID_CURR).mean(),False,6.6807,6.6807,176,0.756875,1.194667,0.0,0.0,0.5,0.8,1.0,1.0,56.0,11.075,-2e-05,0.06946,False,
PREV_CC_AMT_CREDIT_LIMIT_ACTUAL_MEAN_MEAN,False,405,0.00037913,CC,credit_card_balance,AMT_CREDIT_LIMIT_ACTUAL,Float64,"Two-level roll-up of `AMT_CREDIT_LIMIT_ACTUAL` from the credit_card_balance ledger — credit card limit during the month of the previous credit. Step 1: per prior loan, the average of `AMT_CREDIT_LIMIT_ACTUAL` over that loan's monthly credit-card records. Step 2: the average of those per-loan values across all of the customer's previous Home Credit applications.",credit_card_balance.group_by(SK_ID_PREV).mean(AMT_CREDIT_LIMIT_ACTUAL) → join onto previous_application → .group_by(SK_ID_CURR).mean(),False,74.6565,74.6565,10700,222543.309831,196424.625354,0.0,0.0,90000.0,159807.692308,270000.0,900000.0,1350000.0,0.284,-0.01873,0.07745,False,
COMMONAREA_MEDI,False,406,0.00037832,DRIVER,application_train,COMMONAREA_MEDI,Float64,"Normalized information about building where the client lives, What is average (_AVG suffix), modus (_MODE suffix), median (_MEDI suffix) apartment size, common area, living area, age of building, number of elevators, number of entrances, state of the building, number of floor",taken directly from application_train (no aggregation),False,69.8723,69.8723,3203,0.044595,0.076144,0.0,0.0,0.0079,0.0208,0.0513,0.3786,1.0,2.826,-0.01857,0.08574,False,
PREV_CC_CNT_DRAWINGS_CURRENT_MAX_MIN,False,407,0.00037815,CC,credit_card_balance,CNT_DRAWINGS_CURRENT,Int64,"Two-level roll-up of `CNT_DRAWINGS_CURRENT` from the credit_card_balance ledger — number of drawings during this month on the previous credit. Step 1: per prior loan, the maximum of `CNT_DRAWINGS_CURRENT` over that loan's monthly credit-card records. Step 2: the minimum of those per-loan values across all of the customer's previous Home Credit applications.",credit_card_balance.group_by(SK_ID_PREV).max(CNT_DRAWINGS_CURRENT) → join onto previous_application → .group_by(SK_ID_CURR).min(),False,74.6565,74.6565,120,7.170221,10.992549,0.0,0.0,0.0,4.0,9.0,52.0,165.0,8.325,0.10066,0.07745,False,
YEARS_BUILD_AVG,False,408,0.00037793,DRIVER,application_train,YEARS_BUILD_AVG,Float64,"Normalized information about building where the client lives, What is average (_AVG suffix), modus (_MODE suffix), median (_MEDI suffix) apartment size, common area, living area, age of building, number of elevators, number of entrances, state of the building, number of floor",taken directly from application_train (no aggregation),False,66.4978,66.4978,150,0.752471,0.11328,0.0,0.3472,0.6872,0.7552,0.8232,0.9864,1.0,0.033,-0.02215,0.08681,False,
PREV_INST_DAYS_INSTALMENT_MAX_MEAN,False,409,0.00037679,INST,installments_payments,DAYS_INSTALMENT,Float64,"Two-level roll-up of `DAYS_INSTALMENT` from the installments_payments ledger — when the installment of previous credit was supposed to be paid (relative to application date of current loan). Step 1: per prior loan, the maximum of `DAYS_INSTALMENT` over that loan's monthly installment records. Step 2: the average of those per-loan values across all of the customer's previous Home Credit applications.",installments_payments.group_by(SK_ID_PREV).max(DAYS_INSTALMENT) → join onto previous_application → .group_by(SK_ID_CURR).mean(),False,5.8876,5.8876,29404,-726.990539,560.840444,-2883.0,-2374.0,-1061.5,-638.0,-273.0,-8.0,-2.0,0.0,0.03747,0.06214,False,
PREV_POS_SK_DPD_DEF_MEAN_MIN,False,410,0.00037467,POS,POS_CASH_balance,SK_DPD_DEF,Float64,"Two-level roll-up of `SK_DPD_DEF` from the POS_CASH_balance ledger — dPD during the month with tolerance (debts with low loan amounts are ignored) of the previous credit. Step 1: per prior loan, the average of `SK_DPD_DEF` over that loan's monthly POS/cash records. Step 2: the minimum of those per-loan values across all of the customer's previous Home Credit applications.",POS_CASH_balance.group_by(SK_ID_PREV).mean(SK_DPD_DEF) → join onto previous_application → .group_by(SK_ID_CURR).min(),False,6.6807,6.6807,807,0.021084,0.240608,0.0,0.0,0.0,0.0,0.0,0.625,26.090909,91.306,0.03856,0.06946,False,
PREV_CC_CNT_DRAWINGS_CURRENT_MAX_MAX,False,411,0.00037447,CC,credit_card_balance,CNT_DRAWINGS_CURRENT,Int64,"Two-level roll-up of `CNT_DRAWINGS_CURRENT` from the credit_card_balance ledger — number of drawings during this month on the previous credit. Step 1: per prior loan, the maximum of `CNT_DRAWINGS_CURRENT` over that loan's monthly credit-card records. Step 2: the maximum of those per-loan values across all of the customer's previous Home Credit applications.",credit_card_balance.group_by(SK_ID_PREV).max(CNT_DRAWINGS_CURRENT) → join onto previous_application → .group_by(SK_ID_CURR).max(),False,74.6565,74.6565,120,7.204019,11.016568,0.0,0.0,0.0,4.0,9.0,53.0,165.0,8.274,0.10109,0.07745,False,
PREV_INST_NUM_INSTALMENT_NUMBER_SUM_MIN,False,412,0.0003721,INST,installments_payments,NUM_INSTALMENT_NUMBER,Int64,"Two-level roll-up of `NUM_INSTALMENT_NUMBER` from the installments_payments ledger — on which installment we observe payment. Step 1: per prior loan, the total of `NUM_INSTALMENT_NUMBER` over that loan's monthly installment records. Step 2: the minimum of those per-loan values across all of the customer's previous Home Credit applications.",installments_payments.group_by(SK_ID_PREV).sum(NUM_INSTALMENT_NUMBER) → join onto previous_application → .group_by(SK_ID_CURR).min(),False,5.8876,5.8876,1635,60.918782,347.213425,1.0,1.0,10.0,21.0,55.0,435.0,17668.0,0.0,0.0036,0.06214,False,
NAME_HOUSING_TYPE,False,413,0.00037084,DRIVER,application_train,NAME_HOUSING_TYPE,String,"What is the housing situation of the client (renting, living with parents, ...)",taken directly from application_train (no aggregation),False,0.0,0.0,6,,,,,,,,,,,,,False,House / apartment=88.734%(dr 0.07796); With parents=4.826%(dr 0.11698); Municipal apartment=3.637%(dr 0.0854); Rented apartment=1.587%(dr 0.12313); Office apartment=0.851%(dr 0.06572); Co-op apartment=0.365%(dr 0.07932)
CC_L12M_AMT_CREDIT_LIMIT_ACTUAL_SUM,False,414,0.00036802,CC_L12M,credit_card_balance,AMT_CREDIT_LIMIT_ACTUAL,Int64,The total of `AMT_CREDIT_LIMIT_ACTUAL` over credit_card_balance records within the last 12 months (`MONTHS_BALANCE` >= -12). Source column: credit card limit during the month of the previous credit,credit_card_balance.filter(MONTHS_BALANCE >= -12).group_by(SK_ID_CURR).sum(AMT_CREDIT_LIMIT_ACTUAL),True,71.7392,0.0,1249,532207.420222,1483346.699014,0.0,0.0,0.0,0.0,0.0,8415000.0,16200000.0,76.807,0.00141,0.07838,False,
BUREAU_BB_MONTHS_BALANCE_MIN_SUM,False,415,0.00036781,BUREAU,bureau_balance,BB_MONTHS_BALANCE_MIN,Int64,"The total, across the customer's credit-bureau records (loans at other institutions), of a per-bureau-credit monthly-history metric: the oldest observed month offset (min MONTHS_BALANCE, i.e. how far back the history goes).",bureau_balance.group_by(SK_ID_BUREAU) → `BB_MONTHS_BALANCE_MIN` → join onto bureau via SK_ID_BUREAU → .group_by(SK_ID_CURR).sum(),True,14.3149,0.0,1291,-61.346531,142.049745,-2604.0,-663.0,-39.0,0.0,0.0,0.0,0.0,70.067,0.01177,0.10125,False,
PREV_POS_CNT_INSTALMENT_FUTURE_MAX_SUM,False,416,0.00036704,POS,POS_CASH_balance,CNT_INSTALMENT_FUTURE,Float64,"Two-level roll-up of `CNT_INSTALMENT_FUTURE` from the POS_CASH_balance ledger — installments left to pay on the previous credit. Step 1: per prior loan, the maximum of `CNT_INSTALMENT_FUTURE` over that loan's monthly POS/cash records. Step 2: the total of those per-loan values across all of the customer's previous Home Credit applications.",POS_CASH_balance.group_by(SK_ID_PREV).max(CNT_INSTALMENT_FUTURE) → join onto previous_application → .group_by(SK_ID_CURR).sum(),True,5.3507,0.0,354,37.285037,36.924565,0.0,0.0,12.0,24.0,51.0,172.0,468.0,6.702,-0.00761,0.05956,False,
PREV_CC_AMT_PAYMENT_CURRENT_MAX_MEAN,False,417,0.00036494,CC,credit_card_balance,AMT_PAYMENT_CURRENT,Float64,"Two-level roll-up of `AMT_PAYMENT_CURRENT` from the credit_card_balance ledger — how much did the client pay during the month on the previous credit. Step 1: per prior loan, the maximum of `AMT_PAYMENT_CURRENT` over that loan's monthly credit-card records. Step 2: the average of those per-loan values across all of the customer's previous Home Credit applications.",credit_card_balance.group_by(SK_ID_PREV).max(AMT_PAYMENT_CURRENT) → join onto previous_application → .group_by(SK_ID_CURR).mean(),False,82.8162,82.8162,24085,125164.184072,156944.721798,0.0,2571.255,22745.34,67500.0,166500.0,778275.0,4289207.445,0.038,-0.00812,0.07529,False,
PREV_CC_OVERLIMIT_MONTHS_SUM,False,418,0.00036079,CC,credit_card_balance,CC_OVERLIMIT_MONTHS,UInt32,"The total, across the customer's previous Home Credit applications, of a per-loan derived metric: the number of months the card balance exceeded the credit limit, computed over that loan's credit-card ledger.",per-SK_ID_PREV `CC_OVERLIMIT_MONTHS` (see features.aggregate_credit_card_by_prev) → .group_by(SK_ID_CURR).sum(),True,5.3507,0.0,80,0.778382,3.682675,0.0,0.0,0.0,0.0,0.0,18.0,84.0,89.382,0.02973,0.05956,False,
LIVINGAPARTMENTS_MEDI,False,419,0.00035177,DRIVER,application_train,LIVINGAPARTMENTS_MEDI,Float64,"Normalized information about building where the client lives, What is average (_AVG suffix), modus (_MODE suffix), median (_MEDI suffix) apartment size, common area, living area, age of building, number of elevators, number of entrances, state of the building, number of floor",taken directly from application_train (no aggregation),False,68.355,68.355,1098,0.101954,0.093642,0.0,0.0034,0.0513,0.0761,0.1231,0.4617,1.0,0.141,-0.02462,0.08621,False,
CC_L12M_AMT_CREDIT_LIMIT_ACTUAL_MEAN,False,420,0.00035161,CC_L12M,credit_card_balance,AMT_CREDIT_LIMIT_ACTUAL,Float64,The average of `AMT_CREDIT_LIMIT_ACTUAL` over credit_card_balance records within the last 12 months (`MONTHS_BALANCE` >= -12). Source column: credit card limit during the month of the previous credit,credit_card_balance.filter(MONTHS_BALANCE >= -12).group_by(SK_ID_CURR).mean(AMT_CREDIT_LIMIT_ACTUAL),False,71.7392,71.7392,2336,183726.452963,205840.85496,0.0,0.0,45000.0,120000.0,247500.0,900000.0,1350000.0,5.068,0.00089,0.07838,False,
PREV_INST_DAYS_INSTALMENT_MIN_MEAN,False,421,0.00035053,INST,installments_payments,DAYS_INSTALMENT,Float64,"Two-level roll-up of `DAYS_INSTALMENT` from the installments_payments ledger — when the installment of previous credit was supposed to be paid (relative to application date of current loan). Step 1: per prior loan, the minimum of `DAYS_INSTALMENT` over that loan's monthly installment records. Step 2: the average of those per-loan values across all of the customer's previous Home Credit applications.",installments_payments.group_by(SK_ID_PREV).min(DAYS_INSTALMENT) → join onto previous_application → .group_by(SK_ID_CURR).mean(),False,5.8876,5.8876,31231,-1025.100568,595.655663,-2902.0,-2657.0,-1400.5,-938.25,-542.0,-139.0,-3.0,0.0,0.03998,0.06214,False,
PREV_POS_MONTHS_BALANCE_MEAN_MIN,False,422,0.00034948,POS,POS_CASH_balance,MONTHS_BALANCE,Float64,"Two-level roll-up of `MONTHS_BALANCE` from the POS_CASH_balance ledger — month of balance relative to application date (-1 means the information to the freshest monthly snapshot, 0 means the information at application - often it will be the same as -1 as many banks are not updating the information to Credit Bureau regularly ). Step 1: per prior loan, the average of `MONTHS_BALANCE` over that loan's monthly POS/cash records. Step 2: the minimum of those per-loan values across all of the customer's previous Home Credit applications.",POS_CASH_balance.group_by(SK_ID_PREV).mean(MONTHS_BALANCE) → join onto previous_application → .group_by(SK_ID_CURR).min(),False,6.6807,6.6807,693,-44.656028,27.813267,-95.0,-90.5,-71.5,-42.0,-18.5,-3.5,-1.0,0.0,0.05106,0.06946,False,
PREV_INST_DAYS_ENTRY_PAYMENT_MAX_MIN,False,423,0.00034914,INST,installments_payments,DAYS_ENTRY_PAYMENT,Float64,"Two-level roll-up of `DAYS_ENTRY_PAYMENT` from the installments_payments ledger — when was the installments of previous credit paid actually (relative to application date of current loan). Step 1: per prior loan, the maximum of `DAYS_ENTRY_PAYMENT` over that loan's monthly installment records. Step 2: the minimum of those per-loan values across all of the customer's previous Home Credit applications.",installments_payments.group_by(SK_ID_PREV).max(DAYS_ENTRY_PAYMENT) → join onto previous_application → .group_by(SK_ID_CURR).min(),False,5.8902,5.8902,2874,-1217.352597,858.296613,-2898.0,-2711.0,-2023.0,-1138.0,-415.0,-14.0,-2.0,0.0,0.05191,0.06217,False,
PREV_NAME_PORTFOLIO_POS_RATE,False,424,0.00034885,PREV,previous_application,NAME_PORTFOLIO,Float64,"Share of the customer's previous Home Credit applications whose `NAME_PORTFOLIO` equals ""POS"" (0 = never, 1 = always). Source column: was the previous application for CASH, POS, CAR,",previous_application.group_by(SK_ID_CURR).mean(NAME_PORTFOLIO == 'POS'),True,5.3507,0.0,365,0.5335,0.361892,0.0,0.0,0.222222,0.5,1.0,1.0,1.0,12.865,-0.03434,0.05956,False,
PREV_POS_MONTHS_BALANCE_MIN_MAX,False,425,0.00034776,POS,POS_CASH_balance,MONTHS_BALANCE,Int64,"Two-level roll-up of `MONTHS_BALANCE` from the POS_CASH_balance ledger — month of balance relative to application date (-1 means the information to the freshest monthly snapshot, 0 means the information at application - often it will be the same as -1 as many banks are not updating the information to Credit Bureau regularly ). Step 1: per prior loan, the minimum of `MONTHS_BALANCE` over that loan's monthly POS/cash records. Step 2: the maximum of those per-loan values across all of the customer's previous Home Credit applications.",POS_CASH_balance.group_by(SK_ID_PREV).min(MONTHS_BALANCE) → join onto previous_application → .group_by(SK_ID_CURR).max(),False,6.6807,6.6807,97,-21.320664,18.670087,-96.0,-87.0,-26.0,-16.0,-9.0,-1.0,-1.0,0.0,-0.0028,0.06946,False,
PREV_NAME_TYPE_SUITE_Family_RATE,False,426,0.00034621,PREV,previous_application,NAME_TYPE_SUITE,Float64,"Share of the customer's previous Home Credit applications whose `NAME_TYPE_SUITE` equals ""Family"" (0 = never, 1 = always). Source column: who accompanied client when applying for the previous application",previous_application.group_by(SK_ID_CURR).mean(NAME_TYPE_SUITE == 'Family'),True,20.1362,0.0,175,0.215839,0.337527,0.0,0.0,0.0,0.0,0.333333,1.0,1.0,63.018,-0.01616,0.08485,False,
PREV_INST_DAYS_INSTALMENT_MEAN_MIN,False,427,0.00034442,INST,installments_payments,DAYS_INSTALMENT,Float64,"Two-level roll-up of `DAYS_INSTALMENT` from the installments_payments ledger — when the installment of previous credit was supposed to be paid (relative to application date of current loan). Step 1: per prior loan, the average of `DAYS_INSTALMENT` over that loan's monthly installment records. Step 2: the minimum of those per-loan values across all of the customer's previous Home Credit applications.",installments_payments.group_by(SK_ID_PREV).mean(DAYS_INSTALMENT) → join onto previous_application → .group_by(SK_ID_CURR).min(),False,5.8876,5.8876,45645,-1349.325608,849.078653,-2889.0,-2770.0,-2162.526316,-1292.311111,-545.0,-84.0,-3.0,0.0,0.05319,0.06214,False,
PREV_CHANNEL_TYPE_Contact_center_RATE,False,428,0.000341,PREV,previous_application,CHANNEL_TYPE,Float64,"Share of the customer's previous Home Credit applications whose `CHANNEL_TYPE` equals ""Contact center"" (0 = never, 1 = always). Source column: through which channel we acquired the client on the previous application",previous_application.group_by(SK_ID_CURR).mean(CHANNEL_TYPE == 'Contact center'),True,5.3507,0.0,223,0.034243,0.107931,0.0,0.0,0.0,0.0,0.0,0.5,1.0,86.97,0.01215,0.05956,False,
PREV_POS_SK_DPD_DEF_MAX_MAX,False,429,0.00033582,POS,POS_CASH_balance,SK_DPD_DEF,Int64,"Two-level roll-up of `SK_DPD_DEF` from the POS_CASH_balance ledger — dPD during the month with tolerance (debts with low loan amounts are ignored) of the previous credit. Step 1: per prior loan, the maximum of `SK_DPD_DEF` over that loan's monthly POS/cash records. Step 2: the maximum of those per-loan values across all of the customer's previous Home Credit applications.",POS_CASH_balance.group_by(SK_ID_PREV).max(SK_DPD_DEF) → join onto previous_application → .group_by(SK_ID_CURR).max(),False,6.6807,6.6807,110,1.006652,4.40058,0.0,0.0,0.0,0.0,0.0,19.0,1117.0,80.91,0.039,0.06946,False,
PREV_POS_COUNT_MIN,False,430,0.00033378,POS,POS_CASH_balance,,UInt32,"The minimum, across the customer's previous Home Credit applications, of the number of monthly POS/cash ledger records a prior loan has. A null means the customer has no prior loan with any POS/cash history.",POS_CASH_balance.group_by(SK_ID_PREV).len() → join onto previous_application → .group_by(SK_ID_CURR).min(),False,6.6807,6.6807,94,7.917534,5.286662,1.0,1.0,5.0,7.0,10.0,25.0,94.0,0.0,0.0131,0.06946,False,
PREV_NAME_CLIENT_TYPE_Repeater_RATE,False,431,0.00033297,PREV,previous_application,NAME_CLIENT_TYPE,Float64,"Share of the customer's previous Home Credit applications whose `NAME_CLIENT_TYPE` equals ""Repeater"" (0 = never, 1 = always). Source column: was the client old or new client when applying for the previous application",previous_application.group_by(SK_ID_CURR).mean(NAME_CLIENT_TYPE == 'Repeater'),True,5.3507,0.0,220,0.519089,0.365842,0.0,0.0,0.0,0.666667,0.833333,1.0,1.0,28.259,-0.00462,0.05956,False,
PREV_POS_CNT_INSTALMENT_MAX_SUM,False,432,0.00033236,POS,POS_CASH_balance,CNT_INSTALMENT,Float64,"Two-level roll-up of `CNT_INSTALMENT` from the POS_CASH_balance ledger — term of previous credit (can change over time). Step 1: per prior loan, the maximum of `CNT_INSTALMENT` over that loan's monthly POS/cash records. Step 2: the total of those per-loan values across all of the customer's previous Home Credit applications.",POS_CASH_balance.group_by(SK_ID_PREV).max(CNT_INSTALMENT) → join onto previous_application → .group_by(SK_ID_CURR).sum(),True,5.3507,0.0,356,37.510733,37.192389,0.0,0.0,12.0,24.0,52.0,172.0,468.0,6.691,-0.00772,0.05956,False,
BUREAU_COUNT,False,433,0.00032679,BUREAU,bureau,,UInt32,Number of credit-bureau records on file for this customer.,bureau.group_by(SK_ID_CURR).len(),True,14.3149,0.0,61,4.765114,4.496199,0.0,0.0,1.0,4.0,7.0,20.0,116.0,14.315,0.00406,0.10125,False,
BUREAU_CLOSED_COUNT,False,434,0.00032559,BUREAU,bureau,CREDIT_ACTIVE,UInt32,"Count of the customer's credit-bureau records (loans at other institutions) with `CREDIT_ACTIVE` = ""Closed"".",bureau.group_by(SK_ID_CURR).sum(CREDIT_ACTIVE == 'Closed'),True,14.3149,0.0,55,2.984391,3.359529,0.0,0.0,0.0,2.0,4.0,15.0,108.0,25.152,-0.03081,0.10125,False,
NONLIVINGAREA_MEDI,False,435,0.00032213,DRIVER,application_train,NONLIVINGAREA_MEDI,Float64,"Normalized information about building where the client lives, What is average (_AVG suffix), modus (_MODE suffix), median (_MEDI suffix) apartment size, common area, living area, age of building, number of elevators, number of entrances, state of the building, number of floor",taken directly from application_train (no aggregation),False,55.1792,55.1792,3324,0.028236,0.070166,0.0,0.0,0.0,0.0031,0.0266,0.3213,1.0,19.822,-0.01334,0.09035,False,
PREV_POS_MONTHS_BALANCE_MIN_SUM,False,436,0.00032139,POS,POS_CASH_balance,MONTHS_BALANCE,Int64,"Two-level roll-up of `MONTHS_BALANCE` from the POS_CASH_balance ledger — month of balance relative to application date (-1 means the information to the freshest monthly snapshot, 0 means the information at application - often it will be the same as -1 as many banks are not updating the information to Credit Bureau regularly ). Step 1: per prior loan, the minimum of `MONTHS_BALANCE` over that loan's monthly POS/cash records. Step 2: the total of those per-loan values across all of the customer's previous Home Credit applications.",POS_CASH_balance.group_by(SK_ID_PREV).min(MONTHS_BALANCE) → join onto previous_application → .group_by(SK_ID_CURR).sum(),True,5.3507,0.0,817,-93.601936,95.399511,-1433.0,-431.0,-132.0,-67.0,-23.0,0.0,0.0,6.681,0.04395,0.05956,False,
PREV_POS_CNT_INSTALMENT_MIN_MAX,False,437,0.00031749,POS,POS_CASH_balance,CNT_INSTALMENT,Float64,"Two-level roll-up of `CNT_INSTALMENT` from the POS_CASH_balance ledger — term of previous credit (can change over time). Step 1: per prior loan, the minimum of `CNT_INSTALMENT` over that loan's monthly POS/cash records. Step 2: the maximum of those per-loan values across all of the customer's previous Home Credit applications.",POS_CASH_balance.group_by(SK_ID_PREV).min(CNT_INSTALMENT) → join onto previous_application → .group_by(SK_ID_CURR).max(),False,6.6911,6.6911,69,17.00146,12.36987,1.0,3.0,10.0,12.0,24.0,60.0,84.0,0.0,-0.00163,0.06969,False,
BUREAU_AMT_ANNUITY_SUM,False,438,0.00031739,BUREAU,bureau,AMT_ANNUITY,Float64,The total of `AMT_ANNUITY` across the customer's credit-bureau records (loans at other institutions). Source column: annuity of the Credit Bureau credit,bureau.group_by(SK_ID_CURR).sum(AMT_ANNUITY),True,14.3149,0.0,36099,17188.092934,327306.316936,0.0,0.0,0.0,0.0,0.0,220779.0,68504272.875,80.4,0.00198,0.10125,False,
PREV_INST_DAYS_ENTRY_PAYMENT_MEAN_MEAN,False,439,0.00031557,INST,installments_payments,DAYS_ENTRY_PAYMENT,Float64,"Two-level roll-up of `DAYS_ENTRY_PAYMENT` from the installments_payments ledger — when was the installments of previous credit paid actually (relative to application date of current loan). Step 1: per prior loan, the average of `DAYS_ENTRY_PAYMENT` over that loan's monthly installment records. Step 2: the average of those per-loan values across all of the customer's previous Home Credit applications.",installments_payments.group_by(SK_ID_PREV).mean(DAYS_ENTRY_PAYMENT) → join onto previous_application → .group_by(SK_ID_CURR).mean(),False,5.8902,5.8902,233578,-888.574161,566.640288,-2888.0,-2491.0,-1242.505263,-802.343407,-423.440476,-94.142857,-3.0,0.0,0.04044,0.06217,False,
PREV_DAYS_FIRST_DUE_SUM,False,440,0.00031134,PREV,previous_application,DAYS_FIRST_DUE,Float64,The total of `DAYS_FIRST_DUE` across the customer's previous Home Credit applications. Source column: relative to application date of current application when was the first due supposed to be of the previous application,previous_application.group_by(SK_ID_CURR).sum(DAYS_FIRST_DUE),True,5.3507,0.0,15246,-2939.566877,2982.888177,-42423.0,-13323.0,-4216.0,-2106.0,-696.0,0.0,0.0,5.945,0.0425,0.05956,False,
BUREAU_CREDIT_ACTIVE_Sold_RATE,False,441,0.00030546,BUREAU,bureau,CREDIT_ACTIVE,Float64,"Share of the customer's credit-bureau records (loans at other institutions) whose `CREDIT_ACTIVE` equals ""Sold"" (0 = never, 1 = always). Source column: status of the Credit Bureau (CB) reported credits",bureau.group_by(SK_ID_CURR).mean(CREDIT_ACTIVE == 'Sold'),True,14.3149,0.0,71,0.003345,0.035589,0.0,0.0,0.0,0.0,0.0,0.111111,1.0,98.301,0.01653,0.10125,False,
AMT_REQ_CREDIT_BUREAU_YEAR,False,442,0.0003045,DRIVER,application_train,AMT_REQ_CREDIT_BUREAU_YEAR,Float64,Number of enquiries to Credit Bureau about the client one day year (excluding last 3 months before application),taken directly from application_train (no aggregation),False,13.5016,13.5016,26,1.899974,1.869295,0.0,0.0,0.0,1.0,3.0,8.0,25.0,23.349,0.01993,0.10337,False,
BUREAU_AMT_ANNUITY_MIN,False,443,0.0002985,BUREAU,bureau,AMT_ANNUITY,Float64,The minimum of `AMT_ANNUITY` across the customer's credit-bureau records (loans at other institutions). Source column: annuity of the Credit Bureau credit,bureau.group_by(SK_ID_CURR).min(AMT_ANNUITY),False,73.9817,73.9817,12866,7227.642599,98724.436133,0.0,0.0,0.0,0.0,6061.5,72000.0,24016036.5,17.248,-0.00254,0.0801,False,
CC_L12M_AMT_PAYMENT_CURRENT_MEAN,False,444,0.00029802,CC_L12M,credit_card_balance,AMT_PAYMENT_CURRENT,Float64,The average of `AMT_PAYMENT_CURRENT` over credit_card_balance records within the last 12 months (`MONTHS_BALANCE` >= -12). Source column: how much did the client pay during the month on the previous credit,credit_card_balance.filter(MONTHS_BALANCE >= -12).group_by(SK_ID_CURR).mean(AMT_PAYMENT_CURRENT),False,80.1438,80.1438,42179,16121.720564,30139.729135,0.0,0.0,251.19,7264.285714,20572.6575,124588.045,1125000.0,1.647,0.01201,0.07597,False,
FLAG_DOCUMENT_18,False,445,0.00029464,DRIVER,application_train,FLAG_DOCUMENT_18,Int64,Did client provide document 18,taken directly from application_train (no aggregation),False,0.0,0.0,2,0.00813,0.089798,0.0,0.0,0.0,0.0,0.0,0.0,1.0,99.187,-0.00795,,False,
PREV_INST_NUM_INSTALMENT_NUMBER_MAX_MIN,False,446,0.00029234,INST,installments_payments,NUM_INSTALMENT_NUMBER,Int64,"Two-level roll-up of `NUM_INSTALMENT_NUMBER` from the installments_payments ledger — on which installment we observe payment. Step 1: per prior loan, the maximum of `NUM_INSTALMENT_NUMBER` over that loan's monthly installment records. Step 2: the minimum of those per-loan values across all of the customer's previous Home Credit applications.",installments_payments.group_by(SK_ID_PREV).max(NUM_INSTALMENT_NUMBER) → join onto previous_application → .group_by(SK_ID_CURR).min(),False,5.8876,5.8876,170,7.792088,10.225206,1.0,1.0,4.0,6.0,10.0,43.0,184.0,0.0,0.03565,0.06214,False,
PREV_NAME_PORTFOLIO_XNA_RATE,False,447,0.00029164,PREV,previous_application,NAME_PORTFOLIO,Float64,"Share of the customer's previous Home Credit applications whose `NAME_PORTFOLIO` equals ""XNA"" (0 = never, 1 = always). Source column: was the previous application for CASH, POS, CAR,",previous_application.group_by(SK_ID_CURR).mean(NAME_PORTFOLIO == 'XNA'),True,5.3507,0.0,391,0.14244,0.198385,0.0,0.0,0.0,0.0,0.277778,0.666667,1.0,58.498,0.02943,0.05956,False,
CNT_FAM_MEMBERS,False,448,0.00029106,DRIVER,application_train,CNT_FAM_MEMBERS,Float64,How many family members does client have,taken directly from application_train (no aggregation),False,0.0007,0.0007,18,2.152665,0.910682,1.0,1.0,2.0,2.0,3.0,5.0,20.0,0.0,0.00931,0.0,False,
PREV_NAME_CASH_LOAN_PURPOSE_NUNIQUE,False,449,0.00028961,PREV,previous_application,NAME_CASH_LOAN_PURPOSE,UInt32,Number of distinct `NAME_CASH_LOAN_PURPOSE` values across the customer's previous Home Credit applications (25 distinct values exist in the source table). Source column: purpose of the cash loan,previous_application.group_by(SK_ID_CURR).n_unique(NAME_CASH_LOAN_PURPOSE),True,5.3507,0.0,9,1.58581,0.787527,0.0,0.0,1.0,2.0,2.0,4.0,8.0,5.351,0.03626,0.05956,False,
PREV_CC_AMT_PAYMENT_CURRENT_MEAN_MIN,False,450,0.00028897,CC,credit_card_balance,AMT_PAYMENT_CURRENT,Float64,"Two-level roll-up of `AMT_PAYMENT_CURRENT` from the credit_card_balance ledger — how much did the client pay during the month on the previous credit. Step 1: per prior loan, the average of `AMT_PAYMENT_CURRENT` over that loan's monthly credit-card records. Step 2: the minimum of those per-loan values across all of the customer's previous Home Credit applications.",credit_card_balance.group_by(SK_ID_PREV).mean(AMT_PAYMENT_CURRENT) → join onto previous_application → .group_by(SK_ID_CURR).min(),False,82.8162,82.8162,48593,20045.605572,29901.466809,0.0,454.900765,5625.9,11518.704,23883.04875,129904.13625,1125000.0,0.038,-0.00596,0.07529,False,
ENTRANCES_MEDI,False,451,0.00028583,DRIVER,application_train,ENTRANCES_MEDI,Float64,"Normalized information about building where the client lives, What is average (_AVG suffix), modus (_MODE suffix), median (_MEDI suffix) apartment size, common area, living area, age of building, number of elevators, number of entrances, state of the building, number of floor",taken directly from application_train (no aggregation),False,50.3488,50.3488,47,0.149213,0.100368,0.0,0.0345,0.069,0.1379,0.2069,0.5172,1.0,0.107,-0.01902,0.09179,False,
BUREAU_BB_CLOSED_MONTHS_MIN,False,452,0.00027706,BUREAU,bureau_balance,BB_CLOSED_MONTHS,UInt32,"The minimum, across the customer's credit-bureau records (loans at other institutions), of a per-bureau-credit monthly-history metric: the number of months in 'C' (closed) status.",bureau_balance.group_by(SK_ID_BUREAU) → `BB_CLOSED_MONTHS` → join onto bureau via SK_ID_BUREAU → .group_by(SK_ID_CURR).min(),False,70.0073,70.0073,97,3.629908,10.73037,0.0,0.0,0.0,0.0,0.0,58.0,96.0,23.815,-0.02332,0.08043,False,
PREV_INST_NUM_INSTALMENT_VERSION_MIN_MEAN,False,453,0.00027463,INST,installments_payments,NUM_INSTALMENT_VERSION,Float64,"Two-level roll-up of `NUM_INSTALMENT_VERSION` from the installments_payments ledger — version of installment calendar (0 is for credit card) of previous credit. Change of installment version from month to month signifies that some parameter of payment calendar has changed. Step 1: per prior loan, the minimum of `NUM_INSTALMENT_VERSION` over that loan's monthly installment records. Step 2: the average of those per-loan values across all of the customer's previous Home Credit applications.",installments_payments.group_by(SK_ID_PREV).min(NUM_INSTALMENT_VERSION) → join onto previous_application → .group_by(SK_ID_CURR).mean(),False,5.8876,5.8876,94,0.95843,0.194375,0.0,0.5,1.0,1.0,1.0,1.5,39.0,0.821,-0.03361,0.06214,False,
PREV_POS_SK_DPD_MAX_MEAN,False,454,0.00027119,POS,POS_CASH_balance,SK_DPD,Float64,"Two-level roll-up of `SK_DPD` from the POS_CASH_balance ledger — dPD (days past due) during the month of previous credit. Step 1: per prior loan, the maximum of `SK_DPD` over that loan's monthly POS/cash records. Step 2: the average of those per-loan values across all of the customer's previous Home Credit applications.",POS_CASH_balance.group_by(SK_ID_PREV).max(SK_DPD) → join onto previous_application → .group_by(SK_ID_CURR).mean(),False,6.6807,6.6807,2634,5.107132,71.959102,0.0,0.0,0.0,0.0,0.0,49.8,2664.0,76.591,0.00571,0.06946,False,
NONLIVINGAPARTMENTS_AVG,False,455,0.00027068,DRIVER,application_train,NONLIVINGAPARTMENTS_AVG,Float64,"Normalized information about building where the client lives, What is average (_AVG suffix), modus (_MODE suffix), median (_MEDI suffix) apartment size, common area, living area, age of building, number of elevators, number of entrances, state of the building, number of floor",taken directly from application_train (no aggregation),False,69.433,69.433,387,0.008809,0.047732,0.0,0.0,0.0,0.0,0.0039,0.1081,1.0,17.739,-0.00318,0.08584,False,
PREV_CC_CNT_DRAWINGS_CURRENT_MEAN_SUM,False,456,0.00026989,CC,credit_card_balance,CNT_DRAWINGS_CURRENT,Float64,"Two-level roll-up of `CNT_DRAWINGS_CURRENT` from the credit_card_balance ledger — number of drawings during this month on the previous credit. Step 1: per prior loan, the average of `CNT_DRAWINGS_CURRENT` over that loan's monthly credit-card records. Step 2: the total of those per-loan values across all of the customer's previous Home Credit applications.",credit_card_balance.group_by(SK_ID_PREV).mean(CNT_DRAWINGS_CURRENT) → join onto previous_application → .group_by(SK_ID_CURR).sum(),True,5.3507,0.0,6430,0.433771,2.09611,0.0,0.0,0.0,0.0,0.0,9.666667,118.25,82.93,0.04751,0.05956,False,
PREV_CC_CNT_DRAWINGS_CURRENT_MAX_SUM,False,457,0.0002696,CC,credit_card_balance,CNT_DRAWINGS_CURRENT,Int64,"Two-level roll-up of `CNT_DRAWINGS_CURRENT` from the credit_card_balance ledger — number of drawings during this month on the previous credit. Step 1: per prior loan, the maximum of `CNT_DRAWINGS_CURRENT` over that loan's monthly credit-card records. Step 2: the total of those per-loan values across all of the customer's previous Home Credit applications.",credit_card_balance.group_by(SK_ID_PREV).max(CNT_DRAWINGS_CURRENT) → join onto previous_application → .group_by(SK_ID_CURR).sum(),True,5.3507,0.0,120,1.828237,6.380653,0.0,0.0,0.0,0.0,0.0,33.0,165.0,82.93,0.05676,0.05956,False,
PREV_INST_DAYS_ENTRY_PAYMENT_MEAN_MIN,False,458,0.00026915,INST,installments_payments,DAYS_ENTRY_PAYMENT,Float64,"Two-level roll-up of `DAYS_ENTRY_PAYMENT` from the installments_payments ledger — when was the installments of previous credit paid actually (relative to application date of current loan). Step 1: per prior loan, the average of `DAYS_ENTRY_PAYMENT` over that loan's monthly installment records. Step 2: the minimum of those per-loan values across all of the customer's previous Home Credit applications.",installments_payments.group_by(SK_ID_PREV).mean(DAYS_ENTRY_PAYMENT) → join onto previous_application → .group_by(SK_ID_CURR).min(),False,5.8902,5.8902,119822,-1361.65476,846.876779,-2898.0,-2775.5,-2174.8125,-1306.5,-559.5625,-97.0,-3.0,0.0,0.0535,0.06217,False,
PREV_L365D_AMT_CREDIT_SUM,False,459,0.00026575,PREV_L365D,previous_application,AMT_CREDIT,Float64,"The total of `AMT_CREDIT` over previous_application records within the last 365 days (`DAYS_DECISION` >= -365). Source column: final credit amount on the previous application. This differs from AMT_APPLICATION in a way that the AMT_APPLICATION is the amount for which the client initially applied for, but during our approval process he could have received different amount - AMT_CREDIT",previous_application.filter(DAYS_DECISION >= -365).group_by(SK_ID_CURR).sum(AMT_CREDIT),True,45.0475,0.0,72753,294979.391124,835599.581992,0.0,0.0,0.0,0.0,225000.0,3743586.0,34654500.0,53.311,0.00791,0.073,False,
PREV_L365D_AMT_APPLICATION_SUM,False,460,0.00026401,PREV_L365D,previous_application,AMT_APPLICATION,Float64,The total of `AMT_APPLICATION` over previous_application records within the last 365 days (`DAYS_DECISION` >= -365). Source column: for how much credit did client ask on the previous application,previous_application.filter(DAYS_DECISION >= -365).group_by(SK_ID_CURR).sum(AMT_APPLICATION),True,45.0475,0.0,48318,271887.162498,765066.640131,0.0,0.0,0.0,0.0,217732.5,3424500.0,34654500.0,53.378,0.00492,0.073,False,
ENTRANCES_MODE,False,461,0.0002615,DRIVER,application_train,ENTRANCES_MODE,Float64,"Normalized information about building where the client lives, What is average (_AVG suffix), modus (_MODE suffix), median (_MEDI suffix) apartment size, common area, living area, age of building, number of elevators, number of entrances, state of the building, number of floor",taken directly from application_train (no aggregation),False,50.3488,50.3488,31,0.145193,0.100977,0.0,0.0345,0.069,0.1379,0.2069,0.5172,1.0,0.126,-0.01739,0.09179,False,
PREV_INST_NUM_INSTALMENT_VERSION_MEAN_MIN,False,462,0.00026016,INST,installments_payments,NUM_INSTALMENT_VERSION,Float64,"Two-level roll-up of `NUM_INSTALMENT_VERSION` from the installments_payments ledger — version of installment calendar (0 is for credit card) of previous credit. Change of installment version from month to month signifies that some parameter of payment calendar has changed. Step 1: per prior loan, the average of `NUM_INSTALMENT_VERSION` over that loan's monthly installment records. Step 2: the minimum of those per-loan values across all of the customer's previous Home Credit applications.",installments_payments.group_by(SK_ID_PREV).mean(NUM_INSTALMENT_VERSION) → join onto previous_application → .group_by(SK_ID_CURR).min(),False,5.8876,5.8876,1131,0.877991,0.535313,0.0,0.0,1.0,1.0,1.0,2.148148,39.0,17.28,-0.03446,0.06214,False,
PREV_NAME_PORTFOLIO_Cards_RATE,False,463,0.00025974,PREV,previous_application,NAME_PORTFOLIO,Float64,"Share of the customer's previous Home Credit applications whose `NAME_PORTFOLIO` equals ""Cards"" (0 = never, 1 = always). Source column: was the previous application for CASH, POS, CAR,",previous_application.group_by(SK_ID_CURR).mean(NAME_PORTFOLIO == 'Cards'),True,5.3507,0.0,227,0.074079,0.139998,0.0,0.0,0.0,0.0,0.125,0.5,1.0,68.224,0.03173,0.05956,False,
PREV_POS_MONTHS_BALANCE_MEAN_SUM,False,464,0.00025901,POS,POS_CASH_balance,MONTHS_BALANCE,Float64,"Two-level roll-up of `MONTHS_BALANCE` from the POS_CASH_balance ledger — month of balance relative to application date (-1 means the information to the freshest monthly snapshot, 0 means the information at application - often it will be the same as -1 as many banks are not updating the information to Credit Bureau regularly ). Step 1: per prior loan, the average of `MONTHS_BALANCE` over that loan's monthly POS/cash records. Step 2: the total of those per-loan values across all of the customer's previous Home Credit applications.",POS_CASH_balance.group_by(SK_ID_PREV).mean(MONTHS_BALANCE) → join onto previous_application → .group_by(SK_ID_CURR).sum(),True,5.3507,0.0,2661,-81.426799,86.559768,-1328.5,-389.0,-115.5,-56.5,-17.0,0.0,0.0,6.681,0.04389,0.05956,False,
FLOORSMAX_MEDI,False,465,0.00025846,DRIVER,application_train,FLOORSMAX_MEDI,Float64,"Normalized information about building where the client lives, What is average (_AVG suffix), modus (_MODE suffix), median (_MEDI suffix) apartment size, common area, living area, age of building, number of elevators, number of entrances, state of the building, number of floor",taken directly from application_train (no aggregation),False,49.7608,49.7608,50,0.225897,0.145067,0.0,0.0,0.1667,0.1667,0.3333,0.6667,1.0,0.974,-0.04377,0.09191,False,
PREV_INST_NUM_INSTALMENT_VERSION_SUM_MIN,False,466,0.00025721,INST,installments_payments,NUM_INSTALMENT_VERSION,Float64,"Two-level roll-up of `NUM_INSTALMENT_VERSION` from the installments_payments ledger — version of installment calendar (0 is for credit card) of previous credit. Change of installment version from month to month signifies that some parameter of payment calendar has changed. Step 1: per prior loan, the total of `NUM_INSTALMENT_VERSION` over that loan's monthly installment records. Step 2: the minimum of those per-loan values across all of the customer's previous Home Credit applications.",installments_payments.group_by(SK_ID_PREV).sum(NUM_INSTALMENT_VERSION) → join onto previous_application → .group_by(SK_ID_CURR).min(),False,5.8876,5.8876,252,6.965858,10.038076,0.0,0.0,3.0,6.0,10.0,32.0,1128.0,17.28,-0.00358,0.06214,False,
BUREAU_BB_DPD_MONTHS_MAX,False,467,0.00025641,BUREAU,bureau_balance,BB_DPD_MONTHS,UInt32,"The maximum, across the customer's credit-bureau records (loans at other institutions), of a per-bureau-credit monthly-history metric: the number of months in days-past-due status (STATUS in 1..5).",bureau_balance.group_by(SK_ID_BUREAU) → `BB_DPD_MONTHS` → join onto bureau via SK_ID_BUREAU → .group_by(SK_ID_CURR).max(),False,70.0073,70.0073,86,1.326094,4.203624,0.0,0.0,0.0,0.0,1.0,19.0,89.0,19.895,0.02406,0.08043,False,
PREV_CC_CNT_DRAWINGS_POS_CURRENT_MEAN_MEAN,False,468,0.00025633,CC,credit_card_balance,CNT_DRAWINGS_POS_CURRENT,Float64,"Two-level roll-up of `CNT_DRAWINGS_POS_CURRENT` from the credit_card_balance ledger — number of drawings for goods during this month on the previous credit. Step 1: per prior loan, the average of `CNT_DRAWINGS_POS_CURRENT` over that loan's monthly credit-card records. Step 2: the average of those per-loan values across all of the customer's previous Home Credit applications.",credit_card_balance.group_by(SK_ID_PREV).mean(CNT_DRAWINGS_POS_CURRENT) → join onto previous_application → .group_by(SK_ID_CURR).mean(),False,82.7876,82.7876,4899,2.022844,4.547485,0.0,0.0,0.0,0.136364,2.0,21.333333,118.25,6.684,0.04534,0.07516,False,
PREV_CC_CNT_DRAWINGS_CURRENT_SUM_MEAN,False,469,0.00025467,CC,credit_card_balance,CNT_DRAWINGS_CURRENT,Float64,"Two-level roll-up of `CNT_DRAWINGS_CURRENT` from the credit_card_balance ledger — number of drawings during this month on the previous credit. Step 1: per prior loan, the total of `CNT_DRAWINGS_CURRENT` over that loan's monthly credit-card records. Step 2: the average of those per-loan values across all of the customer's previous Home Credit applications.",credit_card_balance.group_by(SK_ID_PREV).sum(CNT_DRAWINGS_CURRENT) → join onto previous_application → .group_by(SK_ID_CURR).mean(),False,74.6565,74.6565,606,26.890136,53.93091,0.0,0.0,0.0,9.0,31.0,247.0,2298.0,8.274,0.04965,0.07745,False,
BUREAU_BB_DPD_MONTHS_MIN,False,470,0.00025293,BUREAU,bureau_balance,BB_DPD_MONTHS,UInt32,"The minimum, across the customer's credit-bureau records (loans at other institutions), of a per-bureau-credit monthly-history metric: the number of months in days-past-due status (STATUS in 1..5).",bureau_balance.group_by(SK_ID_BUREAU) → `BB_DPD_MONTHS` → join onto bureau via SK_ID_BUREAU → .group_by(SK_ID_CURR).min(),False,70.0073,70.0073,62,0.153235,1.505879,0.0,0.0,0.0,0.0,0.0,3.0,89.0,28.659,0.02409,0.08043,False,
PREV_POS_SK_DPD_MEAN_MEAN,False,471,0.00024609,POS,POS_CASH_balance,SK_DPD,Float64,"Two-level roll-up of `SK_DPD` from the POS_CASH_balance ledger — dPD (days past due) during the month of previous credit. Step 1: per prior loan, the average of `SK_DPD` over that loan's monthly POS/cash records. Step 2: the average of those per-loan values across all of the customer's previous Home Credit applications.",POS_CASH_balance.group_by(SK_ID_PREV).mean(SK_DPD) → join onto previous_application → .group_by(SK_ID_CURR).mean(),False,6.6807,6.6807,13134,1.474258,25.073943,0.0,0.0,0.0,0.0,0.0,10.587879,1267.622222,76.591,0.00568,0.06946,False,
ELEVATORS_AVG,False,472,0.00024543,DRIVER,application_train,ELEVATORS_AVG,Float64,"Normalized information about building where the client lives, What is average (_AVG suffix), modus (_MODE suffix), median (_MEDI suffix) apartment size, common area, living area, age of building, number of elevators, number of entrances, state of the building, number of floor",taken directly from application_train (no aggregation),False,53.296,53.296,258,0.078942,0.134576,0.0,0.0,0.0,0.0,0.12,0.6,1.0,27.875,-0.0342,0.09101,False,
PREV_INST_DAYS_INSTALMENT_MIN_MIN,False,473,0.0002439,INST,installments_payments,DAYS_INSTALMENT,Float64,"Two-level roll-up of `DAYS_INSTALMENT` from the installments_payments ledger — when the installment of previous credit was supposed to be paid (relative to application date of current loan). Step 1: per prior loan, the minimum of `DAYS_INSTALMENT` over that loan's monthly installment records. Step 2: the minimum of those per-loan values across all of the customer's previous Home Credit applications.",installments_payments.group_by(SK_ID_PREV).min(DAYS_INSTALMENT) → join onto previous_application → .group_by(SK_ID_CURR).min(),False,5.8876,5.8876,2904,-1495.146376,859.628868,-2915.0,-2864.0,-2340.0,-1454.0,-687.0,-144.0,-3.0,0.0,0.05354,0.06214,False,
YEARS_BUILD_MEDI,False,474,0.00024222,DRIVER,application_train,YEARS_BUILD_MEDI,Float64,"Normalized information about building where the client lives, What is average (_AVG suffix), modus (_MODE suffix), median (_MEDI suffix) apartment size, common area, living area, age of building, number of elevators, number of entrances, state of the building, number of floor",taken directly from application_train (no aggregation),False,66.4978,66.4978,152,0.755746,0.112066,0.0,0.3559,0.6914,0.7585,0.8256,0.9866,1.0,0.033,-0.02233,0.08681,False,
PREV_CC_AMT_CREDIT_LIMIT_ACTUAL_SUM_MEAN,False,475,0.00024099,CC,credit_card_balance,AMT_CREDIT_LIMIT_ACTUAL,Float64,"Two-level roll-up of `AMT_CREDIT_LIMIT_ACTUAL` from the credit_card_balance ledger — credit card limit during the month of the previous credit. Step 1: per prior loan, the total of `AMT_CREDIT_LIMIT_ACTUAL` over that loan's monthly credit-card records. Step 2: the average of those per-loan values across all of the customer's previous Home Credit applications.",credit_card_balance.group_by(SK_ID_PREV).sum(AMT_CREDIT_LIMIT_ACTUAL) → join onto previous_application → .group_by(SK_ID_CURR).mean(),False,74.6565,74.6565,2416,5346576.901609,4992065.949617,0.0,0.0,1215000.0,3600000.0,8550000.0,19125000.0,32850000.0,0.284,-0.04531,0.07745,False,
PREV_CC_AMT_CREDIT_LIMIT_ACTUAL_MEAN_MIN,False,476,0.00023951,CC,credit_card_balance,AMT_CREDIT_LIMIT_ACTUAL,Float64,"Two-level roll-up of `AMT_CREDIT_LIMIT_ACTUAL` from the credit_card_balance ledger — credit card limit during the month of the previous credit. Step 1: per prior loan, the average of `AMT_CREDIT_LIMIT_ACTUAL` over that loan's monthly credit-card records. Step 2: the minimum of those per-loan values across all of the customer's previous Home Credit applications.",credit_card_balance.group_by(SK_ID_PREV).mean(AMT_CREDIT_LIMIT_ACTUAL) → join onto previous_application → .group_by(SK_ID_CURR).min(),False,74.6565,74.6565,10609,222217.426877,196515.657269,0.0,0.0,90000.0,159545.454545,270000.0,900000.0,1350000.0,0.296,-0.01874,0.07745,False,
PREV_INST_DAYS_INSTALMENT_MEAN_SUM,False,477,0.00023825,INST,installments_payments,DAYS_INSTALMENT,Float64,"Two-level roll-up of `DAYS_INSTALMENT` from the installments_payments ledger — when the installment of previous credit was supposed to be paid (relative to application date of current loan). Step 1: per prior loan, the average of `DAYS_INSTALMENT` over that loan's monthly installment records. Step 2: the total of those per-loan values across all of the customer's previous Home Credit applications.",installments_payments.group_by(SK_ID_PREV).mean(DAYS_INSTALMENT) → join onto previous_application → .group_by(SK_ID_CURR).sum(),True,5.3507,0.0,134223,-2541.717681,2678.240508,-39723.0,-11944.072368,-3667.0,-1775.028986,-524.0,0.0,0.0,5.888,0.0432,0.05956,False,
PREV_NAME_CONTRACT_TYPE_Revolving_loans_RATE,False,478,0.00023752,PREV,previous_application,NAME_CONTRACT_TYPE,Float64,"Share of the customer's previous Home Credit applications whose `NAME_CONTRACT_TYPE` equals ""Revolving loans"" (0 = never, 1 = always). Source column: contract product type (Cash loan, consumer loan [POS] ,...) of the previous application",previous_application.group_by(SK_ID_CURR).mean(NAME_CONTRACT_TYPE == 'Revolving loans'),True,5.3507,0.0,279,0.093008,0.166569,0.0,0.0,0.0,0.0,0.142857,0.666667,1.0,66.161,0.03872,0.05956,False,
PREV_POS_SK_DPD_MEAN_MAX,False,479,0.00023596,POS,POS_CASH_balance,SK_DPD,Float64,"Two-level roll-up of `SK_DPD` from the POS_CASH_balance ledger — dPD (days past due) during the month of previous credit. Step 1: per prior loan, the average of `SK_DPD` over that loan's monthly POS/cash records. Step 2: the maximum of those per-loan values across all of the customer's previous Home Credit applications.",POS_CASH_balance.group_by(SK_ID_PREV).mean(SK_DPD) → join onto previous_application → .group_by(SK_ID_CURR).max(),False,6.6807,6.6807,5265,2.69471,35.544338,0.0,0.0,0.0,0.0,0.0,28.833333,1267.622222,76.591,0.00481,0.06946,False,
PREV_INST_DAYS_ENTRY_PAYMENT_MIN_SUM,False,480,0.00023362,INST,installments_payments,DAYS_ENTRY_PAYMENT,Float64,"Two-level roll-up of `DAYS_ENTRY_PAYMENT` from the installments_payments ledger — when was the installments of previous credit paid actually (relative to application date of current loan). Step 1: per prior loan, the minimum of `DAYS_ENTRY_PAYMENT` over that loan's monthly installment records. Step 2: the total of those per-loan values across all of the customer's previous Home Credit applications.",installments_payments.group_by(SK_ID_PREV).min(DAYS_ENTRY_PAYMENT) → join onto previous_application → .group_by(SK_ID_CURR).sum(),True,5.3507,0.0,15349,-2976.176,3004.401892,-42695.0,-13431.0,-4265.0,-2138.0,-717.0,0.0,0.0,5.89,0.0425,0.05956,False,
PREV_CC_AMT_PAYMENT_TOTAL_CURRENT_MEAN_MEAN,False,481,0.00023006,CC,credit_card_balance,AMT_PAYMENT_TOTAL_CURRENT,Float64,"Two-level roll-up of `AMT_PAYMENT_TOTAL_CURRENT` from the credit_card_balance ledger — how much did the client pay during the month in total on the previous credit. Step 1: per prior loan, the average of `AMT_PAYMENT_TOTAL_CURRENT` over that loan's monthly credit-card records. Step 2: the average of those per-loan values across all of the customer's previous Home Credit applications.",credit_card_balance.group_by(SK_ID_PREV).mean(AMT_PAYMENT_TOTAL_CURRENT) → join onto previous_application → .group_by(SK_ID_CURR).mean(),False,74.6565,74.6565,50287,11164.747865,22861.658302,0.0,0.0,0.0,4429.735714,13270.545,93425.265,1125000.0,8.201,0.01936,0.07745,False,
PREV_POS_CNT_INSTALMENT_MAX_MAX,False,482,0.00022743,POS,POS_CASH_balance,CNT_INSTALMENT,Float64,"Two-level roll-up of `CNT_INSTALMENT` from the POS_CASH_balance ledger — term of previous credit (can change over time). Step 1: per prior loan, the maximum of `CNT_INSTALMENT` over that loan's monthly POS/cash records. Step 2: the maximum of those per-loan values across all of the customer's previous Home Credit applications.",POS_CASH_balance.group_by(SK_ID_PREV).max(CNT_INSTALMENT) → join onto previous_application → .group_by(SK_ID_CURR).max(),False,6.6911,6.6911,62,20.491247,13.985968,1.0,4.0,12.0,12.0,24.0,60.0,84.0,0.0,0.01378,0.06969,False,
PREV_POS_MONTHS_BALANCE_MAX_SUM,False,483,0.00022283,POS,POS_CASH_balance,MONTHS_BALANCE,Int64,"Two-level roll-up of `MONTHS_BALANCE` from the POS_CASH_balance ledger — month of balance relative to application date (-1 means the information to the freshest monthly snapshot, 0 means the information at application - often it will be the same as -1 as many banks are not updating the information to Credit Bureau regularly ). Step 1: per prior loan, the maximum of `MONTHS_BALANCE` over that loan's monthly POS/cash records. Step 2: the total of those per-loan values across all of the customer's previous Home Credit applications.",POS_CASH_balance.group_by(SK_ID_PREV).max(MONTHS_BALANCE) → join onto previous_application → .group_by(SK_ID_CURR).sum(),True,5.3507,0.0,700,-69.251809,78.289781,-1224.0,-348.0,-99.0,-46.0,-10.0,0.0,0.0,6.681,0.04347,0.05956,False,
PREV_INST_NUM_INSTALMENT_VERSION_MAX_SUM,False,484,0.00021629,INST,installments_payments,NUM_INSTALMENT_VERSION,Float64,"Two-level roll-up of `NUM_INSTALMENT_VERSION` from the installments_payments ledger — version of installment calendar (0 is for credit card) of previous credit. Change of installment version from month to month signifies that some parameter of payment calendar has changed. Step 1: per prior loan, the maximum of `NUM_INSTALMENT_VERSION` over that loan's monthly installment records. Step 2: the total of those per-loan values across all of the customer's previous Home Credit applications.",installments_payments.group_by(SK_ID_PREV).max(NUM_INSTALMENT_VERSION) → join onto previous_application → .group_by(SK_ID_CURR).sum(),True,5.3507,0.0,71,4.127615,3.98313,0.0,0.0,2.0,3.0,6.0,19.0,185.0,6.709,-0.03183,0.05956,False,
PREV_INST_DAYS_INSTALMENT_MAX_SUM,False,485,0.00021559,INST,installments_payments,DAYS_INSTALMENT,Float64,"Two-level roll-up of `DAYS_INSTALMENT` from the installments_payments ledger — when the installment of previous credit was supposed to be paid (relative to application date of current loan). Step 1: per prior loan, the maximum of `DAYS_INSTALMENT` over that loan's monthly installment records. Step 2: the total of those per-loan values across all of the customer's previous Home Credit applications.",installments_payments.group_by(SK_ID_PREV).max(DAYS_INSTALMENT) → join onto previous_application → .group_by(SK_ID_CURR).sum(),True,5.3507,0.0,12704,-2136.033771,2402.226224,-37023.0,-10655.0,-3068.0,-1422.0,-331.0,0.0,0.0,5.888,0.04319,0.05956,False,
PREV_CC_AMT_PAYMENT_TOTAL_CURRENT_MAX_MEAN,False,486,0.00021448,CC,credit_card_balance,AMT_PAYMENT_TOTAL_CURRENT,Float64,"Two-level roll-up of `AMT_PAYMENT_TOTAL_CURRENT` from the credit_card_balance ledger — how much did the client pay during the month in total on the previous credit. Step 1: per prior loan, the maximum of `AMT_PAYMENT_TOTAL_CURRENT` over that loan's monthly credit-card records. Step 2: the average of those per-loan values across all of the customer's previous Home Credit applications.",credit_card_balance.group_by(SK_ID_PREV).max(AMT_PAYMENT_TOTAL_CURRENT) → join onto previous_application → .group_by(SK_ID_CURR).mean(),False,74.6565,74.6565,29088,82994.821975,140199.19941,0.0,0.0,0.0,22500.0,108000.0,663006.51,4278315.69,8.201,0.02702,0.07745,False,
PREV_CNT_PAYMENT_MIN,False,487,0.00021385,PREV,previous_application,CNT_PAYMENT,Float64,The minimum of `CNT_PAYMENT` across the customer's previous Home Credit applications. Source column: term of previous credit at application of the previous application,previous_application.group_by(SK_ID_CURR).min(CNT_PAYMENT),False,5.4857,5.4857,33,6.775803,7.062409,0.0,0.0,0.0,6.0,10.0,36.0,72.0,31.776,-0.01079,0.0594,False,
PREV_NAME_TYPE_SUITE_Spouse_partner_RATE,False,488,0.00021324,PREV,previous_application,NAME_TYPE_SUITE,Float64,"Share of the customer's previous Home Credit applications whose `NAME_TYPE_SUITE` equals ""Spouse, partner"" (0 = never, 1 = always). Source column: who accompanied client when applying for the previous application","previous_application.group_by(SK_ID_CURR).mean(NAME_TYPE_SUITE == 'Spouse, partner')",True,20.1362,0.0,114,0.069065,0.205371,0.0,0.0,0.0,0.0,0.0,1.0,1.0,86.113,0.00097,0.08485,False,
PREV_POS_SK_DPD_DEF_SUM_MAX,False,489,0.00021263,POS,POS_CASH_balance,SK_DPD_DEF,Int64,"Two-level roll-up of `SK_DPD_DEF` from the POS_CASH_balance ledger — dPD during the month with tolerance (debts with low loan amounts are ignored) of the previous credit. Step 1: per prior loan, the total of `SK_DPD_DEF` over that loan's monthly POS/cash records. Step 2: the maximum of those per-loan values across all of the customer's previous Home Credit applications.",POS_CASH_balance.group_by(SK_ID_PREV).sum(SK_DPD_DEF) → join onto previous_application → .group_by(SK_ID_CURR).max(),False,6.6807,6.6807,227,1.836859,40.567145,0.0,0.0,0.0,0.0,0.0,35.0,21045.0,80.91,0.00791,0.06946,False,
PREV_CC_SK_DPD_DEF_MEAN_MEAN,False,490,0.00021053,CC,credit_card_balance,SK_DPD_DEF,Float64,"Two-level roll-up of `SK_DPD_DEF` from the credit_card_balance ledger — dPD (Days past due) during the month with tolerance (debts with low loan amounts are ignored) of the previous credit. Step 1: per prior loan, the average of `SK_DPD_DEF` over that loan's monthly credit-card records. Step 2: the average of those per-loan values across all of the customer's previous Home Credit applications.",credit_card_balance.group_by(SK_ID_PREV).mean(SK_DPD_DEF) → join onto previous_application → .group_by(SK_ID_CURR).mean(),False,74.6565,74.6565,1387,0.027201,0.328724,0.0,0.0,0.0,0.0,0.0,0.583333,63.857143,22.095,0.02247,0.07745,False,
PREV_CC_AMT_DRAWINGS_ATM_CURRENT_MAX_MEAN,False,491,0.00020851,CC,credit_card_balance,AMT_DRAWINGS_ATM_CURRENT,Float64,"Two-level roll-up of `AMT_DRAWINGS_ATM_CURRENT` from the credit_card_balance ledger — amount drawing at ATM during the month of the previous credit. Step 1: per prior loan, the maximum of `AMT_DRAWINGS_ATM_CURRENT` over that loan's monthly credit-card records. Step 2: the average of those per-loan values across all of the customer's previous Home Credit applications.",credit_card_balance.group_by(SK_ID_PREV).max(AMT_DRAWINGS_ATM_CURRENT) → join onto previous_application → .group_by(SK_ID_CURR).mean(),False,82.7876,82.7876,1252,112488.330297,111361.070321,0.0,0.0,36900.0,90000.0,157500.0,495000.0,2115000.0,2.602,0.01539,0.07516,False,
PREV_POS_SK_DPD_DEF_MAX_SUM,False,492,0.00020817,POS,POS_CASH_balance,SK_DPD_DEF,Int64,"Two-level roll-up of `SK_DPD_DEF` from the POS_CASH_balance ledger — dPD during the month with tolerance (debts with low loan amounts are ignored) of the previous credit. Step 1: per prior loan, the maximum of `SK_DPD_DEF` over that loan's monthly POS/cash records. Step 2: the total of those per-loan values across all of the customer's previous Home Credit applications.",POS_CASH_balance.group_by(SK_ID_PREV).max(SK_DPD_DEF) → join onto previous_application → .group_by(SK_ID_CURR).sum(),True,5.3507,0.0,148,1.067389,5.327004,0.0,0.0,0.0,0.0,0.0,21.0,1117.0,87.59,0.03911,0.05956,False,
PREV_CC_AMT_DRAWINGS_ATM_CURRENT_SUM_MEAN,False,493,0.00020005,CC,credit_card_balance,AMT_DRAWINGS_ATM_CURRENT,Float64,"Two-level roll-up of `AMT_DRAWINGS_ATM_CURRENT` from the credit_card_balance ledger — amount drawing at ATM during the month of the previous credit. Step 1: per prior loan, the total of `AMT_DRAWINGS_ATM_CURRENT` over that loan's monthly credit-card records. Step 2: the average of those per-loan values across all of the customer's previous Home Credit applications.",credit_card_balance.group_by(SK_ID_PREV).sum(AMT_DRAWINGS_ATM_CURRENT) → join onto previous_application → .group_by(SK_ID_CURR).mean(),False,74.6565,74.6565,4631,179623.107473,296045.007447,0.0,0.0,0.0,63000.0,243900.0,1292400.0,8384850.0,10.733,0.04012,0.07745,False,
PREV_POS_MONTHS_BALANCE_MIN_MIN,False,494,0.00019933,POS,POS_CASH_balance,MONTHS_BALANCE,Int64,"Two-level roll-up of `MONTHS_BALANCE` from the POS_CASH_balance ledger — month of balance relative to application date (-1 means the information to the freshest monthly snapshot, 0 means the information at application - often it will be the same as -1 as many banks are not updating the information to Credit Bureau regularly ). Step 1: per prior loan, the minimum of `MONTHS_BALANCE` over that loan's monthly POS/cash records. Step 2: the minimum of those per-loan values across all of the customer's previous Home Credit applications.",POS_CASH_balance.group_by(SK_ID_PREV).min(MONTHS_BALANCE) → join onto previous_application → .group_by(SK_ID_CURR).min(),False,6.6807,6.6807,97,-49.638488,27.904338,-96.0,-95.0,-77.0,-48.0,-24.0,-6.0,-1.0,0.0,0.05094,0.06946,False,
PREV_L365D_COUNT,False,495,0.00019645,PREV_L365D,previous_application,,UInt32,Number of previous_application records within the last 365 days (`DAYS_DECISION` >= -365) — a recent-activity volume signal.,previous_application.filter(DAYS_DECISION >= -365).group_by(SK_ID_CURR).len(),True,45.0475,0.0,54,1.628599,2.536521,0.0,0.0,0.0,1.0,2.0,11.0,63.0,45.047,0.03761,0.073,False,
PREV_CC_AMT_PAYMENT_CURRENT_MEAN_MAX,False,496,0.00019598,CC,credit_card_balance,AMT_PAYMENT_CURRENT,Float64,"Two-level roll-up of `AMT_PAYMENT_CURRENT` from the credit_card_balance ledger — how much did the client pay during the month on the previous credit. Step 1: per prior loan, the average of `AMT_PAYMENT_CURRENT` over that loan's monthly credit-card records. Step 2: the maximum of those per-loan values across all of the customer's previous Home Credit applications.",credit_card_balance.group_by(SK_ID_PREV).mean(AMT_PAYMENT_CURRENT) → join onto previous_application → .group_by(SK_ID_CURR).max(),False,82.8162,82.8162,48585,20103.349954,29942.546904,0.0,458.619946,5648.94,11558.705538,23929.305811,130605.948,1125000.0,0.038,-0.00608,0.07529,False,
PREV_CC_AMT_PAYMENT_TOTAL_CURRENT_MEAN_MAX,False,497,0.0001936,CC,credit_card_balance,AMT_PAYMENT_TOTAL_CURRENT,Float64,"Two-level roll-up of `AMT_PAYMENT_TOTAL_CURRENT` from the credit_card_balance ledger — how much did the client pay during the month in total on the previous credit. Step 1: per prior loan, the average of `AMT_PAYMENT_TOTAL_CURRENT` over that loan's monthly credit-card records. Step 2: the maximum of those per-loan values across all of the customer's previous Home Credit applications.",credit_card_balance.group_by(SK_ID_PREV).mean(AMT_PAYMENT_TOTAL_CURRENT) → join onto previous_application → .group_by(SK_ID_CURR).max(),False,74.6565,74.6565,50271,11201.663524,22979.775116,0.0,0.0,0.0,4441.193182,13292.51625,93837.45,1125000.0,8.201,0.0192,0.07745,False,
PREV_INST_DAYS_ENTRY_PAYMENT_MAX_SUM,False,498,0.00019151,INST,installments_payments,DAYS_ENTRY_PAYMENT,Float64,"Two-level roll-up of `DAYS_ENTRY_PAYMENT` from the installments_payments ledger — when was the installments of previous credit paid actually (relative to application date of current loan). Step 1: per prior loan, the maximum of `DAYS_ENTRY_PAYMENT` over that loan's monthly installment records. Step 2: the total of those per-loan values across all of the customer's previous Home Credit applications.",installments_payments.group_by(SK_ID_PREV).max(DAYS_ENTRY_PAYMENT) → join onto previous_application → .group_by(SK_ID_CURR).sum(),True,5.3507,0.0,12772,-2155.406496,2415.996361,-37269.0,-10727.0,-3091.0,-1435.0,-346.0,0.0,0.0,5.89,0.04336,0.05956,False,
PREV_CC_AMT_PAYMENT_TOTAL_CURRENT_MEAN_MIN,False,499,0.00019024,CC,credit_card_balance,AMT_PAYMENT_TOTAL_CURRENT,Float64,"Two-level roll-up of `AMT_PAYMENT_TOTAL_CURRENT` from the credit_card_balance ledger — how much did the client pay during the month in total on the previous credit. Step 1: per prior loan, the average of `AMT_PAYMENT_TOTAL_CURRENT` over that loan's monthly credit-card records. Step 2: the minimum of those per-loan values across all of the customer's previous Home Credit applications.",credit_card_balance.group_by(SK_ID_PREV).mean(AMT_PAYMENT_TOTAL_CURRENT) → join onto previous_application → .group_by(SK_ID_CURR).min(),False,74.6565,74.6565,50135,11127.832942,22830.479653,0.0,0.0,0.0,4396.884146,13218.75,93205.809643,1125000.0,8.251,0.01945,0.07745,False,
PREV_AMT_GOODS_PRICE_SUM,False,500,0.00018854,PREV,previous_application,AMT_GOODS_PRICE,Float64,The total of `AMT_GOODS_PRICE` across the customer's previous Home Credit applications. Source column: goods price of good that client asked for (if applicable) on the previous application,previous_application.group_by(SK_ID_CURR).sum(AMT_GOODS_PRICE),True,5.3507,0.0,175574,805751.529775,1323320.171144,0.0,0.0,124087.5,343102.5,949500.0,6188791.5,37973713.5,5.681,0.00466,0.05956,False,
PREV_CC_CNT_DRAWINGS_ATM_CURRENT_SUM_MEAN,False,501,0.00018438,CC,credit_card_balance,CNT_DRAWINGS_ATM_CURRENT,Float64,"Two-level roll-up of `CNT_DRAWINGS_ATM_CURRENT` from the credit_card_balance ledger — number of drawings at ATM during this month on the previous credit. Step 1: per prior loan, the total of `CNT_DRAWINGS_ATM_CURRENT` over that loan's monthly credit-card records. Step 2: the average of those per-loan values across all of the customer's previous Home Credit applications.",credit_card_balance.group_by(SK_ID_PREV).sum(CNT_DRAWINGS_ATM_CURRENT) → join onto previous_application → .group_by(SK_ID_CURR).mean(),False,74.6565,74.6565,187,8.951232,14.52725,0.0,0.0,0.0,3.0,12.0,66.0,390.0,10.733,0.05736,0.07745,False,
PREV_CC_AMT_DRAWINGS_ATM_CURRENT_MEAN_MAX,False,502,0.0001841,CC,credit_card_balance,AMT_DRAWINGS_ATM_CURRENT,Float64,"Two-level roll-up of `AMT_DRAWINGS_ATM_CURRENT` from the credit_card_balance ledger — amount drawing at ATM during the month of the previous credit. Step 1: per prior loan, the average of `AMT_DRAWINGS_ATM_CURRENT` over that loan's monthly credit-card records. Step 2: the maximum of those per-loan values across all of the customer's previous Home Credit applications.",credit_card_balance.group_by(SK_ID_PREV).mean(AMT_DRAWINGS_ATM_CURRENT) → join onto previous_application → .group_by(SK_ID_CURR).max(),False,82.7876,82.7876,20005,13900.981468,23019.717719,0.0,0.0,1534.090909,6114.130435,18187.5,97531.578947,904500.0,2.602,0.05215,0.07516,False,
PREV_INST_DAYS_ENTRY_PAYMENT_MEAN_SUM,False,503,0.00018293,INST,installments_payments,DAYS_ENTRY_PAYMENT,Float64,"Two-level roll-up of `DAYS_ENTRY_PAYMENT` from the installments_payments ledger — when was the installments of previous credit paid actually (relative to application date of current loan). Step 1: per prior loan, the average of `DAYS_ENTRY_PAYMENT` over that loan's monthly installment records. Step 2: the total of those per-loan values across all of the customer's previous Home Credit applications.",installments_payments.group_by(SK_ID_PREV).mean(DAYS_ENTRY_PAYMENT) → join onto previous_application → .group_by(SK_ID_CURR).sum(),True,5.3507,0.0,233148,-2573.491057,2697.426926,-39984.33842,-12039.364881,-3708.316667,-1802.571429,-543.0,0.0,0.0,5.89,0.0434,0.05956,False,
PREV_CC_AMT_DRAWINGS_CURRENT_MEAN_MIN,False,504,0.00018104,CC,credit_card_balance,AMT_DRAWINGS_CURRENT,Float64,"Two-level roll-up of `AMT_DRAWINGS_CURRENT` from the credit_card_balance ledger — amount drawing during the month of the previous credit. Step 1: per prior loan, the average of `AMT_DRAWINGS_CURRENT` over that loan's monthly credit-card records. Step 2: the minimum of those per-loan values across all of the customer's previous Home Credit applications.",credit_card_balance.group_by(SK_ID_PREV).mean(AMT_DRAWINGS_CURRENT) → join onto previous_application → .group_by(SK_ID_CURR).min(),False,74.6565,74.6565,44557,15246.390816,27795.94654,0.0,0.0,0.0,4505.436818,20618.362742,118281.9375,1125000.0,8.222,0.05548,0.07745,False,
PREV_INST_NUM_INSTALMENT_VERSION_MAX_MAX,False,505,0.00017867,INST,installments_payments,NUM_INSTALMENT_VERSION,Float64,"Two-level roll-up of `NUM_INSTALMENT_VERSION` from the installments_payments ledger — version of installment calendar (0 is for credit card) of previous credit. Change of installment version from month to month signifies that some parameter of payment calendar has changed. Step 1: per prior loan, the maximum of `NUM_INSTALMENT_VERSION` over that loan's monthly installment records. Step 2: the maximum of those per-loan values across all of the customer's previous Home Credit applications.",installments_payments.group_by(SK_ID_PREV).max(NUM_INSTALMENT_VERSION) → join onto previous_application → .group_by(SK_ID_CURR).max(),False,5.8876,5.8876,52,2.106304,1.860339,0.0,1.0,1.0,2.0,2.0,10.0,178.0,0.821,-0.0187,0.06214,False,
PREV_CC_CNT_DRAWINGS_ATM_CURRENT_MAX_MEAN,False,506,0.00017676,CC,credit_card_balance,CNT_DRAWINGS_ATM_CURRENT,Float64,"Two-level roll-up of `CNT_DRAWINGS_ATM_CURRENT` from the credit_card_balance ledger — number of drawings at ATM during this month on the previous credit. Step 1: per prior loan, the maximum of `CNT_DRAWINGS_ATM_CURRENT` over that loan's monthly credit-card records. Step 2: the average of those per-loan values across all of the customer's previous Home Credit applications.",credit_card_balance.group_by(SK_ID_PREV).max(CNT_DRAWINGS_ATM_CURRENT) → join onto previous_application → .group_by(SK_ID_CURR).mean(),False,82.7876,82.7876,54,4.132417,3.738017,0.0,0.0,2.0,3.0,6.0,17.0,51.0,2.602,0.06227,0.07516,False,
PREV_DAYS_LAST_DUE_SUM,False,507,0.00017418,PREV,previous_application,DAYS_LAST_DUE,Float64,The total of `DAYS_LAST_DUE` across the customer's previous Home Credit applications. Source column: relative to application date of current application when was the last due date of the previous application,previous_application.group_by(SK_ID_CURR).sum(DAYS_LAST_DUE),True,5.3507,0.0,12816,-2173.176218,2443.878947,-36991.0,-10786.0,-3149.0,-1445.0,-332.0,0.0,0.0,12.487,0.04397,0.05956,False,
PREV_CC_AMT_CREDIT_LIMIT_ACTUAL_SUM_MIN,False,508,0.00017332,CC,credit_card_balance,AMT_CREDIT_LIMIT_ACTUAL,Int64,"Two-level roll-up of `AMT_CREDIT_LIMIT_ACTUAL` from the credit_card_balance ledger — credit card limit during the month of the previous credit. Step 1: per prior loan, the total of `AMT_CREDIT_LIMIT_ACTUAL` over that loan's monthly credit-card records. Step 2: the minimum of those per-loan values across all of the customer's previous Home Credit applications.",credit_card_balance.group_by(SK_ID_PREV).sum(AMT_CREDIT_LIMIT_ACTUAL) → join onto previous_application → .group_by(SK_ID_CURR).min(),False,74.6565,74.6565,2331,5334670.72138,4995574.59748,0.0,0.0,1215000.0,3510000.0,8550000.0,19125000.0,32850000.0,0.296,-0.04536,0.07745,False,
FLOORSMIN_AVG,False,509,0.00017176,DRIVER,application_train,FLOORSMIN_AVG,Float64,"Normalized information about building where the client lives, What is average (_AVG suffix), modus (_MODE suffix), median (_MEDI suffix) apartment size, common area, living area, age of building, number of elevators, number of entrances, state of the building, number of floor",taken directly from application_train (no aggregation),False,67.8486,67.8486,306,0.231894,0.16138,0.0,0.0,0.0833,0.2083,0.375,0.7083,1.0,0.754,-0.03361,0.08631,False,
PREV_POS_SK_DPD_DEF_MAX_MIN,False,510,0.00017174,POS,POS_CASH_balance,SK_DPD_DEF,Int64,"Two-level roll-up of `SK_DPD_DEF` from the POS_CASH_balance ledger — dPD during the month with tolerance (debts with low loan amounts are ignored) of the previous credit. Step 1: per prior loan, the maximum of `SK_DPD_DEF` over that loan's monthly POS/cash records. Step 2: the minimum of those per-loan values across all of the customer's previous Home Credit applications.",POS_CASH_balance.group_by(SK_ID_PREV).max(SK_DPD_DEF) → join onto previous_application → .group_by(SK_ID_CURR).min(),False,6.6807,6.6807,63,0.158171,1.513482,0.0,0.0,0.0,0.0,0.0,6.0,123.0,91.306,0.04431,0.06946,False,
FLOORSMAX_MODE,False,511,0.00017169,DRIVER,application_train,FLOORSMAX_MODE,Float64,"Normalized information about building where the client lives, What is average (_AVG suffix), modus (_MODE suffix), median (_MEDI suffix) apartment size, common area, living area, age of building, number of elevators, number of entrances, state of the building, number of floor",taken directly from application_train (no aggregation),False,49.7608,49.7608,26,0.222315,0.143709,0.0,0.0,0.1667,0.1667,0.3333,0.6667,1.0,1.111,-0.04323,0.09191,False,
PREV_INST_COUNT_MIN,False,512,0.00016968,INST,installments_payments,,UInt32,"The minimum, across the customer's previous Home Credit applications, of the number of monthly installment ledger records a prior loan has. A null means the customer has no prior loan with any installment history.",installments_payments.group_by(SK_ID_PREV).len() → join onto previous_application → .group_by(SK_ID_CURR).min(),False,5.8876,5.8876,170,7.650315,7.708473,1.0,1.0,4.0,6.0,10.0,30.0,189.0,0.0,0.01502,0.06214,False,
PREV_CHANNEL_TYPE_Regional_Local_RATE,False,513,0.00016721,PREV,previous_application,CHANNEL_TYPE,Float64,"Share of the customer's previous Home Credit applications whose `CHANNEL_TYPE` equals ""Regional / Local"" (0 = never, 1 = always). Source column: through which channel we acquired the client on the previous application",previous_application.group_by(SK_ID_CURR).mean(CHANNEL_TYPE == 'Regional / Local'),True,5.3507,0.0,202,0.085057,0.214357,0.0,0.0,0.0,0.0,0.0,1.0,1.0,78.951,-0.00907,0.05956,False,
PREV_CC_AMT_PAYMENT_CURRENT_SUM_MEAN,False,514,0.00016691,CC,credit_card_balance,AMT_PAYMENT_CURRENT,Float64,"Two-level roll-up of `AMT_PAYMENT_CURRENT` from the credit_card_balance ledger — how much did the client pay during the month on the previous credit. Step 1: per prior loan, the total of `AMT_PAYMENT_CURRENT` over that loan's monthly credit-card records. Step 2: the average of those per-loan values across all of the customer's previous Home Credit applications.",credit_card_balance.group_by(SK_ID_PREV).sum(AMT_PAYMENT_CURRENT) → join onto previous_application → .group_by(SK_ID_CURR).mean(),False,74.6565,74.6565,46156,289376.375754,467994.252551,0.0,0.0,0.0,119525.085,411533.955,1944464.94,19347594.795,8.198,-0.00274,0.07745,False,
PREV_INST_DAYS_INSTALMENT_MIN_SUM,False,515,0.00016649,INST,installments_payments,DAYS_INSTALMENT,Float64,"Two-level roll-up of `DAYS_INSTALMENT` from the installments_payments ledger — when the installment of previous credit was supposed to be paid (relative to application date of current loan). Step 1: per prior loan, the minimum of `DAYS_INSTALMENT` over that loan's monthly installment records. Step 2: the total of those per-loan values across all of the customer's previous Home Credit applications.",installments_payments.group_by(SK_ID_PREV).min(DAYS_INSTALMENT) → join onto previous_application → .group_by(SK_ID_CURR).sum(),True,5.3507,0.0,15219,-2945.417601,2985.42106,-42423.0,-13333.0,-4223.0,-2111.0,-700.0,0.0,0.0,5.888,0.04239,0.05956,False,
PREV_CC_AMT_PAYMENT_TOTAL_CURRENT_SUM_MEAN,False,516,0.00016635,CC,credit_card_balance,AMT_PAYMENT_TOTAL_CURRENT,Float64,"Two-level roll-up of `AMT_PAYMENT_TOTAL_CURRENT` from the credit_card_balance ledger — how much did the client pay during the month in total on the previous credit. Step 1: per prior loan, the total of `AMT_PAYMENT_TOTAL_CURRENT` over that loan's monthly credit-card records. Step 2: the average of those per-loan values across all of the customer's previous Home Credit applications.",credit_card_balance.group_by(SK_ID_PREV).sum(AMT_PAYMENT_TOTAL_CURRENT) → join onto previous_application → .group_by(SK_ID_CURR).mean(),False,74.6565,74.6565,46627,268148.897227,450036.34082,0.0,0.0,0.0,102796.785,373640.625,1871983.575,19210117.365,8.201,-0.00295,0.07745,False,
PREV_CC_AMT_PAYMENT_CURRENT_MAX_MAX,False,517,0.00016525,CC,credit_card_balance,AMT_PAYMENT_CURRENT,Float64,"Two-level roll-up of `AMT_PAYMENT_CURRENT` from the credit_card_balance ledger — how much did the client pay during the month on the previous credit. Step 1: per prior loan, the maximum of `AMT_PAYMENT_CURRENT` over that loan's monthly credit-card records. Step 2: the maximum of those per-loan values across all of the customer's previous Home Credit applications.",credit_card_balance.group_by(SK_ID_PREV).max(AMT_PAYMENT_CURRENT) → join onto previous_application → .group_by(SK_ID_CURR).max(),False,82.8162,82.8162,24050,125322.683788,157076.03998,0.0,2571.255,22762.26,67500.0,166500.0,778398.39,4289207.445,0.038,-0.00811,0.07529,False,
PREV_CODE_REJECT_REASON_NUNIQUE,False,518,0.00016487,PREV,previous_application,CODE_REJECT_REASON,UInt32,Number of distinct `CODE_REJECT_REASON` values across the customer's previous Home Credit applications (9 distinct values exist in the source table). Source column: why was the previous application rejected,previous_application.group_by(SK_ID_CURR).n_unique(CODE_REJECT_REASON),True,5.3507,0.0,8,1.427686,0.810727,0.0,0.0,1.0,1.0,2.0,4.0,7.0,5.351,0.06364,0.05956,False,
CC_L12M_SK_DPD_MEAN,False,519,0.00016217,CC_L12M,credit_card_balance,SK_DPD,Float64,The average of `SK_DPD` over credit_card_balance records within the last 12 months (`MONTHS_BALANCE` >= -12). Source column: dPD (Days past due) during the month on the previous credit,credit_card_balance.filter(MONTHS_BALANCE >= -12).group_by(SK_ID_CURR).mean(SK_DPD),False,71.7392,71.7392,870,9.522729,112.873692,0.0,0.0,0.0,0.0,0.0,12.416667,2647.818182,27.154,-0.00359,0.07838,False,
PREV_DAYS_TERMINATION_SUM,False,520,0.00015952,PREV,previous_application,DAYS_TERMINATION,Float64,The total of `DAYS_TERMINATION` across the customer's previous Home Credit applications. Source column: relative to application date of current application when was the expected termination of the previous application,previous_application.group_by(SK_ID_CURR).sum(DAYS_TERMINATION),True,5.3507,0.0,12541,-2091.761264,2379.153985,-36834.0,-10549.0,-3003.0,-1379.0,-310.0,0.0,0.0,13.169,0.04347,0.05956,False,
CC_L12M_AMT_PAYMENT_CURRENT_SUM,False,521,0.00015914,CC_L12M,credit_card_balance,AMT_PAYMENT_CURRENT,Float64,The total of `AMT_PAYMENT_CURRENT` over credit_card_balance records within the last 12 months (`MONTHS_BALANCE` >= -12). Source column: how much did the client pay during the month on the previous credit,credit_card_balance.filter(MONTHS_BALANCE >= -12).group_by(SK_ID_CURR).sum(AMT_PAYMENT_CURRENT),True,71.7392,0.0,40773,30960.65963,144956.551165,0.0,0.0,0.0,0.0,0.0,603813.06,10705033.035,81.791,0.02696,0.07838,False,
PREV_INST_DAYS_INSTALMENT_MAX_MIN,False,522,0.00015889,INST,installments_payments,DAYS_INSTALMENT,Float64,"Two-level roll-up of `DAYS_INSTALMENT` from the installments_payments ledger — when the installment of previous credit was supposed to be paid (relative to application date of current loan). Step 1: per prior loan, the maximum of `DAYS_INSTALMENT` over that loan's monthly installment records. Step 2: the minimum of those per-loan values across all of the customer's previous Home Credit applications.",installments_payments.group_by(SK_ID_PREV).max(DAYS_INSTALMENT) → join onto previous_application → .group_by(SK_ID_CURR).min(),False,5.8876,5.8876,2868,-1213.664983,862.172645,-2889.0,-2710.0,-2025.0,-1134.0,-405.0,-8.0,-2.0,0.0,0.05162,0.06214,False,
PREV_CC_CNT_DRAWINGS_POS_CURRENT_MAX_MEAN,False,523,0.00015853,CC,credit_card_balance,CNT_DRAWINGS_POS_CURRENT,Float64,"Two-level roll-up of `CNT_DRAWINGS_POS_CURRENT` from the credit_card_balance ledger — number of drawings for goods during this month on the previous credit. Step 1: per prior loan, the maximum of `CNT_DRAWINGS_POS_CURRENT` over that loan's monthly credit-card records. Step 2: the average of those per-loan values across all of the customer's previous Home Credit applications.",credit_card_balance.group_by(SK_ID_PREV).max(CNT_DRAWINGS_POS_CURRENT) → join onto previous_application → .group_by(SK_ID_CURR).mean(),False,82.7876,82.7876,150,7.250312,12.266646,0.0,0.0,0.0,2.0,9.0,57.0,165.0,6.684,0.06073,0.07516,False,
FLOORSMIN_MODE,False,524,0.00015822,DRIVER,application_train,FLOORSMIN_MODE,Float64,"Normalized information about building where the client lives, What is average (_AVG suffix), modus (_MODE suffix), median (_MEDI suffix) apartment size, common area, living area, age of building, number of elevators, number of entrances, state of the building, number of floor",taken directly from application_train (no aggregation),False,67.8486,67.8486,26,0.228058,0.16116,0.0,0.0,0.0833,0.2083,0.375,0.7083,1.0,0.819,-0.0327,0.08631,False,
PREV_CC_AMT_RECEIVABLE_PRINCIPAL_MAX_MEAN,False,525,0.00015603,CC,credit_card_balance,AMT_RECEIVABLE_PRINCIPAL,Float64,"Two-level roll-up of `AMT_RECEIVABLE_PRINCIPAL` from the credit_card_balance ledger — amount receivable for principal on the previous credit. Step 1: per prior loan, the maximum of `AMT_RECEIVABLE_PRINCIPAL` over that loan's monthly credit-card records. Step 2: the average of those per-loan values across all of the customer's previous Home Credit applications.",credit_card_balance.group_by(SK_ID_PREV).max(AMT_RECEIVABLE_PRINCIPAL) → join onto previous_application → .group_by(SK_ID_CURR).mean(),False,74.6565,74.6565,39616,141107.089482,172962.468646,0.0,0.0,0.0,90000.0,201714.39,764852.355,1354829.265,8.737,0.06724,0.07745,False,
PREV_POS_MONTHS_BALANCE_MAX_MIN,False,526,0.00015537,POS,POS_CASH_balance,MONTHS_BALANCE,Int64,"Two-level roll-up of `MONTHS_BALANCE` from the POS_CASH_balance ledger — month of balance relative to application date (-1 means the information to the freshest monthly snapshot, 0 means the information at application - often it will be the same as -1 as many banks are not updating the information to Credit Bureau regularly ). Step 1: per prior loan, the maximum of `MONTHS_BALANCE` over that loan's monthly POS/cash records. Step 2: the minimum of those per-loan values across all of the customer's previous Home Credit applications.",POS_CASH_balance.group_by(SK_ID_PREV).max(MONTHS_BALANCE) → join onto previous_application → .group_by(SK_ID_CURR).min(),False,6.6807,6.6807,95,-39.745208,28.069801,-94.0,-87.0,-67.0,-37.0,-13.0,-1.0,-1.0,0.0,0.05057,0.06946,False,
FLAG_DOCUMENT_16,False,527,0.0001544,DRIVER,application_train,FLAG_DOCUMENT_16,Int64,Did client provide document 16,taken directly from application_train (no aggregation),False,0.0,0.0,2,0.009928,0.099144,0.0,0.0,0.0,0.0,0.0,0.0,1.0,99.007,-0.01161,,False,
NONLIVINGAPARTMENTS_MODE,False,528,0.00015439,DRIVER,application_train,NONLIVINGAPARTMENTS_MODE,Float64,"Normalized information about building where the client lives, What is average (_AVG suffix), modus (_MODE suffix), median (_MEDI suffix) apartment size, common area, living area, age of building, number of elevators, number of entrances, state of the building, number of floor",taken directly from application_train (no aggregation),False,69.433,69.433,168,0.008076,0.046276,0.0,0.0,0.0,0.0,0.0039,0.0973,1.0,19.269,-0.00156,0.08584,False,
PREV_L365D_APPROVED_RATE,False,529,0.00015434,PREV_L365D,previous_application,,Float64,Share of applications decided in the last 365 days that were approved.,previous_application.filter(DAYS_DECISION >= -365).group_by(SK_ID_CURR).mean(NAME_CONTRACT_STATUS == 'Approved'),True,45.0475,0.0,122,0.255837,0.374659,0.0,0.0,0.0,0.0,0.5,1.0,1.0,60.234,-0.03598,0.073,False,
PREV_POS_SK_DPD_MEAN_SUM,False,530,0.00015307,POS,POS_CASH_balance,SK_DPD,Float64,"Two-level roll-up of `SK_DPD` from the POS_CASH_balance ledger — dPD (days past due) during the month of previous credit. Step 1: per prior loan, the average of `SK_DPD` over that loan's monthly POS/cash records. Step 2: the total of those per-loan values across all of the customer's previous Home Credit applications.",POS_CASH_balance.group_by(SK_ID_PREV).mean(SK_DPD) → join onto previous_application → .group_by(SK_ID_CURR).sum(),True,5.3507,0.0,10625,2.556015,34.446193,0.0,0.0,0.0,0.0,0.0,23.916667,1267.622222,83.272,0.00479,0.05956,False,
PREV_POS_SK_DPD_SUM_MEAN,False,531,0.0001513,POS,POS_CASH_balance,SK_DPD,Float64,"Two-level roll-up of `SK_DPD` from the POS_CASH_balance ledger — dPD (days past due) during the month of previous credit. Step 1: per prior loan, the total of `SK_DPD` over that loan's monthly POS/cash records. Step 2: the average of those per-loan values across all of the customer's previous Home Credit applications.",POS_CASH_balance.group_by(SK_ID_PREV).sum(SK_DPD) → join onto previous_application → .group_by(SK_ID_CURR).mean(),False,6.6807,6.6807,4058,80.927604,1910.85185,0.0,0.0,0.0,0.0,0.0,162.333333,117895.0,76.591,0.00334,0.06946,False,
NAME_TYPE_SUITE,False,532,0.00015058,DRIVER,application_train,NAME_TYPE_SUITE,String,Who was accompanying client when he was applying for the loan,taken directly from application_train (no aggregation),False,0.4201,0.4201,8,,,,,,,,,,,,,False,"Unaccompanied=80.819%(dr 0.08183); Family=13.056%(dr 0.07495); Spouse, partner=3.697%(dr 0.07872); Children=1.062%(dr 0.07377); Other_B=0.576%(dr 0.09831); (null)=0.42%(dr 0.05418); Other_A=0.282%(dr 0.08776); Group of people=0.088%(dr 0.08487)"
PREV_CC_AMT_CREDIT_LIMIT_ACTUAL_MEAN_MAX,False,533,0.00014836,CC,credit_card_balance,AMT_CREDIT_LIMIT_ACTUAL,Float64,"Two-level roll-up of `AMT_CREDIT_LIMIT_ACTUAL` from the credit_card_balance ledger — credit card limit during the month of the previous credit. Step 1: per prior loan, the average of `AMT_CREDIT_LIMIT_ACTUAL` over that loan's monthly credit-card records. Step 2: the maximum of those per-loan values across all of the customer's previous Home Credit applications.",credit_card_balance.group_by(SK_ID_PREV).mean(AMT_CREDIT_LIMIT_ACTUAL) → join onto previous_application → .group_by(SK_ID_CURR).max(),False,74.6565,74.6565,10608,222871.50437,196564.718677,0.0,0.0,90000.0,160280.898876,270000.0,900000.0,1350000.0,0.284,-0.0187,0.07745,False,
PREV_CC_AMT_BALANCE_MAX_MEAN,False,534,0.00014652,CC,credit_card_balance,AMT_BALANCE,Float64,"Two-level roll-up of `AMT_BALANCE` from the credit_card_balance ledger — balance during the month of previous credit. Step 1: per prior loan, the maximum of `AMT_BALANCE` over that loan's monthly credit-card records. Step 2: the average of those per-loan values across all of the customer's previous Home Credit applications.",credit_card_balance.group_by(SK_ID_PREV).max(AMT_BALANCE) → join onto previous_application → .group_by(SK_ID_CURR).mean(),False,74.6565,74.6565,49152,147695.709607,179946.437284,0.0,0.0,0.0,96468.165,210082.545,802030.86,1354829.265,8.545,0.06921,0.07745,False,
PREV_CC_AMT_PAYMENT_CURRENT_MAX_MIN,False,535,0.0001458,CC,credit_card_balance,AMT_PAYMENT_CURRENT,Float64,"Two-level roll-up of `AMT_PAYMENT_CURRENT` from the credit_card_balance ledger — how much did the client pay during the month on the previous credit. Step 1: per prior loan, the maximum of `AMT_PAYMENT_CURRENT` over that loan's monthly credit-card records. Step 2: the minimum of those per-loan values across all of the customer's previous Home Credit applications.",credit_card_balance.group_by(SK_ID_PREV).max(AMT_PAYMENT_CURRENT) → join onto previous_application → .group_by(SK_ID_CURR).min(),False,82.8162,82.8162,24033,125005.883761,156948.389896,0.0,2534.94,22663.125,67455.0,166320.0,778275.0,4289207.445,0.038,-0.00813,0.07529,False,
PREV_CC_AMT_BALANCE_MIN_MEAN,False,536,0.00014482,CC,credit_card_balance,AMT_BALANCE,Float64,"Two-level roll-up of `AMT_BALANCE` from the credit_card_balance ledger — balance during the month of previous credit. Step 1: per prior loan, the minimum of `AMT_BALANCE` over that loan's monthly credit-card records. Step 2: the average of those per-loan values across all of the customer's previous Home Credit applications.",credit_card_balance.group_by(SK_ID_PREV).min(AMT_BALANCE) → join onto previous_application → .group_by(SK_ID_CURR).mean(),False,74.6565,74.6565,11330,11955.992744,47466.51181,-420250.185,0.0,0.0,0.0,0.0,233346.78,869873.535,21.357,0.06369,0.07745,False,
PREV_POS_CNT_INSTALMENT_MAX_MIN,False,537,0.00014124,POS,POS_CASH_balance,CNT_INSTALMENT,Float64,"Two-level roll-up of `CNT_INSTALMENT` from the POS_CASH_balance ledger — term of previous credit (can change over time). Step 1: per prior loan, the maximum of `CNT_INSTALMENT` over that loan's monthly POS/cash records. Step 2: the minimum of those per-loan values across all of the customer's previous Home Credit applications.",POS_CASH_balance.group_by(SK_ID_PREV).max(CNT_INSTALMENT) → join onto previous_application → .group_by(SK_ID_CURR).min(),False,6.6911,6.6911,48,10.016718,6.626181,1.0,3.0,6.0,9.0,12.0,36.0,72.0,0.0,0.03321,0.06969,False,
PREV_CC_AMT_DRAWINGS_ATM_CURRENT_MEAN_SUM,False,538,0.00014108,CC,credit_card_balance,AMT_DRAWINGS_ATM_CURRENT,Float64,"Two-level roll-up of `AMT_DRAWINGS_ATM_CURRENT` from the credit_card_balance ledger — amount drawing at ATM during the month of the previous credit. Step 1: per prior loan, the average of `AMT_DRAWINGS_ATM_CURRENT` over that loan's monthly credit-card records. Step 2: the total of those per-loan values across all of the customer's previous Home Credit applications.",credit_card_balance.group_by(SK_ID_PREV).mean(AMT_DRAWINGS_ATM_CURRENT) → join onto previous_application → .group_by(SK_ID_CURR).sum(),True,5.3507,0.0,20058,2393.930447,10900.406376,0.0,0.0,0.0,0.0,0.0,46575.0,904500.0,85.39,0.04315,0.05956,False,
PREV_NAME_TYPE_SUITE_Other_B_RATE,False,539,0.00013786,PREV,previous_application,NAME_TYPE_SUITE,Float64,"Share of the customer's previous Home Credit applications whose `NAME_TYPE_SUITE` equals ""Other_B"" (0 = never, 1 = always). Source column: who accompanied client when applying for the previous application",previous_application.group_by(SK_ID_CURR).mean(NAME_TYPE_SUITE == 'Other_B'),True,20.1362,0.0,78,0.018556,0.107559,0.0,0.0,0.0,0.0,0.0,0.5,1.0,95.804,0.00662,0.08485,False,
PREV_COUNT,False,540,0.00013716,PREV,previous_application,,UInt32,Number of previous Home Credit applications on file for this customer.,previous_application.group_by(SK_ID_CURR).len(),True,5.3507,0.0,66,4.597237,4.180015,0.0,0.0,2.0,3.0,6.0,20.0,73.0,5.351,0.01976,0.05956,False,
PREV_POS_SK_DPD_DEF_SUM_SUM,False,541,0.00013683,POS,POS_CASH_balance,SK_DPD_DEF,Int64,"Two-level roll-up of `SK_DPD_DEF` from the POS_CASH_balance ledger — dPD during the month with tolerance (debts with low loan amounts are ignored) of the previous credit. Step 1: per prior loan, the total of `SK_DPD_DEF` over that loan's monthly POS/cash records. Step 2: the total of those per-loan values across all of the customer's previous Home Credit applications.",POS_CASH_balance.group_by(SK_ID_PREV).sum(SK_DPD_DEF) → join onto previous_application → .group_by(SK_ID_CURR).sum(),True,5.3507,0.0,265,1.936305,39.950695,0.0,0.0,0.0,0.0,0.0,38.0,21045.0,87.59,0.01004,0.05956,False,
PREV_CC_CNT_DRAWINGS_ATM_CURRENT_MAX_MIN,False,542,0.00013681,CC,credit_card_balance,CNT_DRAWINGS_ATM_CURRENT,Float64,"Two-level roll-up of `CNT_DRAWINGS_ATM_CURRENT` from the credit_card_balance ledger — number of drawings at ATM during this month on the previous credit. Step 1: per prior loan, the maximum of `CNT_DRAWINGS_ATM_CURRENT` over that loan's monthly credit-card records. Step 2: the minimum of those per-loan values across all of the customer's previous Home Credit applications.",credit_card_balance.group_by(SK_ID_PREV).max(CNT_DRAWINGS_ATM_CURRENT) → join onto previous_application → .group_by(SK_ID_CURR).min(),False,82.7876,82.7876,45,4.129227,3.739193,0.0,0.0,2.0,3.0,6.0,17.0,51.0,2.614,0.06223,0.07516,False,
PREV_POS_SK_DPD_DEF_SUM_MIN,False,543,0.00013681,POS,POS_CASH_balance,SK_DPD_DEF,Int64,"Two-level roll-up of `SK_DPD_DEF` from the POS_CASH_balance ledger — dPD during the month with tolerance (debts with low loan amounts are ignored) of the previous credit. Step 1: per prior loan, the total of `SK_DPD_DEF` over that loan's monthly POS/cash records. Step 2: the minimum of those per-loan values across all of the customer's previous Home Credit applications.",POS_CASH_balance.group_by(SK_ID_PREV).sum(SK_DPD_DEF) → join onto previous_application → .group_by(SK_ID_CURR).min(),False,6.6807,6.6807,123,0.275202,3.216487,0.0,0.0,0.0,0.0,0.0,8.0,397.0,91.306,0.03647,0.06946,False,
PREV_CC_AMT_DRAWINGS_POS_CURRENT_MAX_MEAN,False,544,0.00013535,CC,credit_card_balance,AMT_DRAWINGS_POS_CURRENT,Float64,"Two-level roll-up of `AMT_DRAWINGS_POS_CURRENT` from the credit_card_balance ledger — amount drawing or buying goods during the month of the previous credit. Step 1: per prior loan, the maximum of `AMT_DRAWINGS_POS_CURRENT` over that loan's monthly credit-card records. Step 2: the average of those per-loan values across all of the customer's previous Home Credit applications.",credit_card_balance.group_by(SK_ID_PREV).max(AMT_DRAWINGS_POS_CURRENT) → join onto previous_application → .group_by(SK_ID_CURR).mean(),False,82.7876,82.7876,27711,48596.658573,86920.285024,0.0,0.0,0.0,14215.5,65519.73,402912.765,2060030.16,6.684,-0.01976,0.07516,False,
PREV_CC_AMT_PAYMENT_CURRENT_SUM_MIN,False,545,0.00013366,CC,credit_card_balance,AMT_PAYMENT_CURRENT,Float64,"Two-level roll-up of `AMT_PAYMENT_CURRENT` from the credit_card_balance ledger — how much did the client pay during the month on the previous credit. Step 1: per prior loan, the total of `AMT_PAYMENT_CURRENT` over that loan's monthly credit-card records. Step 2: the minimum of those per-loan values across all of the customer's previous Home Credit applications.",credit_card_balance.group_by(SK_ID_PREV).sum(AMT_PAYMENT_CURRENT) → join onto previous_application → .group_by(SK_ID_CURR).min(),False,74.6565,74.6565,46004,288769.790529,467927.652047,0.0,0.0,0.0,117909.0,410766.975,1942640.415,19347594.795,8.248,-0.0027,0.07745,False,
PREV_CC_CNT_DRAWINGS_POS_CURRENT_MAX_MIN,False,546,0.00013287,CC,credit_card_balance,CNT_DRAWINGS_POS_CURRENT,Float64,"Two-level roll-up of `CNT_DRAWINGS_POS_CURRENT` from the credit_card_balance ledger — number of drawings for goods during this month on the previous credit. Step 1: per prior loan, the maximum of `CNT_DRAWINGS_POS_CURRENT` over that loan's monthly credit-card records. Step 2: the minimum of those per-loan values across all of the customer's previous Home Credit applications.",credit_card_balance.group_by(SK_ID_PREV).max(CNT_DRAWINGS_POS_CURRENT) → join onto previous_application → .group_by(SK_ID_CURR).min(),False,82.7876,82.7876,124,7.237313,12.263403,0.0,0.0,0.0,2.0,9.0,57.0,165.0,6.7,0.06054,0.07516,False,
PREV_CC_AMT_PAYMENT_CURRENT_MIN_MEAN,False,547,0.00013258,CC,credit_card_balance,AMT_PAYMENT_CURRENT,Float64,"Two-level roll-up of `AMT_PAYMENT_CURRENT` from the credit_card_balance ledger — how much did the client pay during the month on the previous credit. Step 1: per prior loan, the minimum of `AMT_PAYMENT_CURRENT` over that loan's monthly credit-card records. Step 2: the average of those per-loan values across all of the customer's previous Home Credit applications.",credit_card_balance.group_by(SK_ID_PREV).min(AMT_PAYMENT_CURRENT) → join onto previous_application → .group_by(SK_ID_CURR).mean(),False,82.8162,82.8162,8640,2454.787343,12238.861562,0.0,0.0,0.0,0.0,1626.75,28350.0,1125000.0,10.499,0.00902,0.07529,False,
NONLIVINGAPARTMENTS_MEDI,False,548,0.00013208,DRIVER,application_train,NONLIVINGAPARTMENTS_MEDI,Float64,"Normalized information about building where the client lives, What is average (_AVG suffix), modus (_MODE suffix), median (_MEDI suffix) apartment size, common area, living area, age of building, number of elevators, number of entrances, state of the building, number of floor",taken directly from application_train (no aggregation),False,69.433,69.433,215,0.008651,0.047415,0.0,0.0,0.0,0.0,0.0039,0.1048,1.0,18.242,-0.00276,0.08584,False,
PREV_CC_AMT_DRAWINGS_CURRENT_MEAN_MAX,False,549,0.0001312,CC,credit_card_balance,AMT_DRAWINGS_CURRENT,Float64,"Two-level roll-up of `AMT_DRAWINGS_CURRENT` from the credit_card_balance ledger — amount drawing during the month of the previous credit. Step 1: per prior loan, the average of `AMT_DRAWINGS_CURRENT` over that loan's monthly credit-card records. Step 2: the maximum of those per-loan values across all of the customer's previous Home Credit applications.",credit_card_balance.group_by(SK_ID_PREV).mean(AMT_DRAWINGS_CURRENT) → join onto previous_application → .group_by(SK_ID_CURR).max(),False,74.6565,74.6565,44680,15353.972534,27977.78661,0.0,0.0,0.0,4609.431818,20775.893684,119061.2925,1125000.0,8.17,0.05508,0.07745,False,
PREV_CC_MONTHS_BALANCE_MEAN_MAX,False,550,0.00013092,CC,credit_card_balance,MONTHS_BALANCE,Float64,"Two-level roll-up of `MONTHS_BALANCE` from the credit_card_balance ledger — month of balance relative to application date (-1 means the freshest balance date). Step 1: per prior loan, the average of `MONTHS_BALANCE` over that loan's monthly credit-card records. Step 2: the maximum of those per-loan values across all of the customer's previous Home Credit applications.",credit_card_balance.group_by(SK_ID_PREV).mean(MONTHS_BALANCE) → join onto previous_application → .group_by(SK_ID_CURR).max(),False,74.6565,74.6565,105,-16.006002,14.23419,-50.0,-48.0,-21.0,-10.0,-5.5,-2.0,-1.0,0.0,0.05092,0.07745,False,
PREV_CC_CNT_DRAWINGS_CURRENT_SUM_MIN,False,551,0.00013014,CC,credit_card_balance,CNT_DRAWINGS_CURRENT,Int64,"Two-level roll-up of `CNT_DRAWINGS_CURRENT` from the credit_card_balance ledger — number of drawings during this month on the previous credit. Step 1: per prior loan, the total of `CNT_DRAWINGS_CURRENT` over that loan's monthly credit-card records. Step 2: the minimum of those per-loan values across all of the customer's previous Home Credit applications.",credit_card_balance.group_by(SK_ID_PREV).sum(CNT_DRAWINGS_CURRENT) → join onto previous_application → .group_by(SK_ID_CURR).min(),False,74.6565,74.6565,546,26.837183,53.923665,0.0,0.0,0.0,9.0,31.0,247.0,2298.0,8.325,0.04949,0.07745,False,
PREV_POS_SK_DPD_SUM_SUM,False,552,0.0001288,POS,POS_CASH_balance,SK_DPD,Int64,"Two-level roll-up of `SK_DPD` from the POS_CASH_balance ledger — dPD (days past due) during the month of previous credit. Step 1: per prior loan, the total of `SK_DPD` over that loan's monthly POS/cash records. Step 2: the total of those per-loan values across all of the customer's previous Home Credit applications.",POS_CASH_balance.group_by(SK_ID_PREV).sum(SK_DPD) → join onto previous_application → .group_by(SK_ID_CURR).sum(),True,5.3507,0.0,2655,124.323338,2458.555629,0.0,0.0,0.0,0.0,0.0,353.0,119672.0,83.272,0.0031,0.05956,False,
PREV_POS_SK_DPD_SUM_MAX,False,553,0.00012879,POS,POS_CASH_balance,SK_DPD,Int64,"Two-level roll-up of `SK_DPD` from the POS_CASH_balance ledger — dPD (days past due) during the month of previous credit. Step 1: per prior loan, the total of `SK_DPD` over that loan's monthly POS/cash records. Step 2: the maximum of those per-loan values across all of the customer's previous Home Credit applications.",POS_CASH_balance.group_by(SK_ID_PREV).sum(SK_DPD) → join onto previous_application → .group_by(SK_ID_CURR).max(),False,6.6807,6.6807,2574,132.58236,2543.784174,0.0,0.0,0.0,0.0,0.0,447.0,119672.0,76.591,0.00317,0.06946,False,
PREV_NAME_CONTRACT_STATUS_Unused_offer_RATE,False,554,0.00012848,PREV,previous_application,NAME_CONTRACT_STATUS,Float64,"Share of the customer's previous Home Credit applications whose `NAME_CONTRACT_STATUS` equals ""Unused offer"" (0 = never, 1 = always). Source column: contract status (approved, cancelled, ...) of previous application",previous_application.group_by(SK_ID_CURR).mean(NAME_CONTRACT_STATUS == 'Unused offer'),True,5.3507,0.0,119,0.014302,0.067319,0.0,0.0,0.0,0.0,0.0,0.333333,1.0,93.811,0.00092,0.05956,False,
CNT_CHILDREN,False,555,0.00012737,DRIVER,application_train,CNT_CHILDREN,Int64,Number of children the client has,taken directly from application_train (no aggregation),False,0.0,0.0,15,0.417052,0.722121,0.0,0.0,0.0,0.0,1.0,3.0,19.0,70.037,0.01919,,False,
PREV_CC_AMT_DRAWINGS_CURRENT_MEAN_MEAN,False,556,0.00012698,CC,credit_card_balance,AMT_DRAWINGS_CURRENT,Float64,"Two-level roll-up of `AMT_DRAWINGS_CURRENT` from the credit_card_balance ledger — amount drawing during the month of the previous credit. Step 1: per prior loan, the average of `AMT_DRAWINGS_CURRENT` over that loan's monthly credit-card records. Step 2: the average of those per-loan values across all of the customer's previous Home Credit applications.",credit_card_balance.group_by(SK_ID_PREV).mean(AMT_DRAWINGS_CURRENT) → join onto previous_application → .group_by(SK_ID_CURR).mean(),False,74.6565,74.6565,44709,15300.184003,27830.333484,0.0,0.0,0.0,4597.057663,20691.6,118420.6725,1125000.0,8.17,0.05539,0.07745,False,
PREV_POS_CNT_INSTALMENT_FUTURE_MAX_MAX,False,557,0.00012694,POS,POS_CASH_balance,CNT_INSTALMENT_FUTURE,Float64,"Two-level roll-up of `CNT_INSTALMENT_FUTURE` from the POS_CASH_balance ledger — installments left to pay on the previous credit. Step 1: per prior loan, the maximum of `CNT_INSTALMENT_FUTURE` over that loan's monthly POS/cash records. Step 2: the maximum of those per-loan values across all of the customer's previous Home Credit applications.",POS_CASH_balance.group_by(SK_ID_PREV).max(CNT_INSTALMENT_FUTURE) → join onto previous_application → .group_by(SK_ID_CURR).max(),False,6.6911,6.6911,63,20.437068,13.98238,0.0,4.0,12.0,12.0,24.0,60.0,84.0,0.011,0.01381,0.06969,False,
PREV_CC_AMT_RECIVABLE_MAX_MEAN,False,558,0.00012628,CC,credit_card_balance,AMT_RECIVABLE,Float64,"Two-level roll-up of `AMT_RECIVABLE` from the credit_card_balance ledger — amount receivable on the previous credit. Step 1: per prior loan, the maximum of `AMT_RECIVABLE` over that loan's monthly credit-card records. Step 2: the average of those per-loan values across all of the customer's previous Home Credit applications.",credit_card_balance.group_by(SK_ID_PREV).max(AMT_RECIVABLE) → join onto previous_application → .group_by(SK_ID_CURR).mean(),False,74.6565,74.6565,48882,146537.821188,178753.688051,0.0,0.0,0.0,95748.57,207998.1,796590.09,1354829.265,8.593,0.06852,0.07745,False,
CC_L12M_AMT_CREDIT_LIMIT_ACTUAL_MAX,False,559,0.00012411,CC_L12M,credit_card_balance,AMT_CREDIT_LIMIT_ACTUAL,Int64,The maximum of `AMT_CREDIT_LIMIT_ACTUAL` over credit_card_balance records within the last 12 months (`MONTHS_BALANCE` >= -12). Source column: credit card limit during the month of the previous credit,credit_card_balance.filter(MONTHS_BALANCE >= -12).group_by(SK_ID_CURR).max(AMT_CREDIT_LIMIT_ACTUAL),False,71.7392,71.7392,49,205751.049997,217004.936266,0.0,0.0,45000.0,135000.0,270000.0,900000.0,1350000.0,5.068,0.00227,0.07838,False,
PREV_CC_AMT_INST_MIN_REGULARITY_MAX_MEAN,False,560,0.00012305,CC,credit_card_balance,AMT_INST_MIN_REGULARITY,Float64,"Two-level roll-up of `AMT_INST_MIN_REGULARITY` from the credit_card_balance ledger — minimal installment for this month of the previous credit. Step 1: per prior loan, the maximum of `AMT_INST_MIN_REGULARITY` over that loan's monthly credit-card records. Step 2: the average of those per-loan values across all of the customer's previous Home Credit applications.",credit_card_balance.group_by(SK_ID_PREV).max(AMT_INST_MIN_REGULARITY) → join onto previous_application → .group_by(SK_ID_CURR).mean(),False,74.6565,74.6565,31710,7318.854187,8927.007413,0.0,0.0,0.0,4633.74,10297.395,39768.705,64474.65,8.659,0.06532,0.07745,False,
BUREAU_BB_DPD_MONTHS_SUM,False,561,0.00012199,BUREAU,bureau_balance,BB_DPD_MONTHS,UInt32,"The total, across the customer's credit-bureau records (loans at other institutions), of a per-bureau-credit monthly-history metric: the number of months in days-past-due status (STATUS in 1..5).",bureau_balance.group_by(SK_ID_BUREAU) → `BB_DPD_MONTHS` → join onto bureau via SK_ID_BUREAU → .group_by(SK_ID_CURR).sum(),True,14.3149,0.0,163,0.719695,4.727722,0.0,0.0,0.0,0.0,0.0,16.0,396.0,89.902,0.0172,0.10125,False,
PREV_CC_AMT_PAYMENT_TOTAL_CURRENT_SUM_MIN,False,562,0.00011944,CC,credit_card_balance,AMT_PAYMENT_TOTAL_CURRENT,Float64,"Two-level roll-up of `AMT_PAYMENT_TOTAL_CURRENT` from the credit_card_balance ledger — how much did the client pay during the month in total on the previous credit. Step 1: per prior loan, the total of `AMT_PAYMENT_TOTAL_CURRENT` over that loan's monthly credit-card records. Step 2: the minimum of those per-loan values across all of the customer's previous Home Credit applications.",credit_card_balance.group_by(SK_ID_PREV).sum(AMT_PAYMENT_TOTAL_CURRENT) → join onto previous_application → .group_by(SK_ID_CURR).min(),False,74.6565,74.6565,46476,267580.814935,449952.385919,0.0,0.0,0.0,101484.45,373067.82,1870779.375,19210117.365,8.251,-0.00292,0.07745,False,
PREV_CC_AMT_BALANCE_MAX_MAX,False,563,0.00011858,CC,credit_card_balance,AMT_BALANCE,Float64,"Two-level roll-up of `AMT_BALANCE` from the credit_card_balance ledger — balance during the month of previous credit. Step 1: per prior loan, the maximum of `AMT_BALANCE` over that loan's monthly credit-card records. Step 2: the maximum of those per-loan values across all of the customer's previous Home Credit applications.",credit_card_balance.group_by(SK_ID_PREV).max(AMT_BALANCE) → join onto previous_application → .group_by(SK_ID_CURR).max(),False,74.6565,74.6565,49129,147943.77239,180048.705703,0.0,0.0,0.0,96665.805,210828.15,802080.54,1354829.265,8.545,0.06934,0.07745,False,
PREV_POS_SK_DPD_MAX_MAX,False,564,0.00011748,POS,POS_CASH_balance,SK_DPD,Int64,"Two-level roll-up of `SK_DPD` from the POS_CASH_balance ledger — dPD (days past due) during the month of previous credit. Step 1: per prior loan, the maximum of `SK_DPD` over that loan's monthly POS/cash records. Step 2: the maximum of those per-loan values across all of the customer's previous Home Credit applications.",POS_CASH_balance.group_by(SK_ID_PREV).max(SK_DPD) → join onto previous_application → .group_by(SK_ID_CURR).max(),False,6.6807,6.6807,1373,9.270115,96.96251,0.0,0.0,0.0,0.0,0.0,149.0,2743.0,76.591,0.00494,0.06946,False,
PREV_CC_MONTHS_BALANCE_SUM_MAX,False,565,0.00011554,CC,credit_card_balance,MONTHS_BALANCE,Int64,"Two-level roll-up of `MONTHS_BALANCE` from the credit_card_balance ledger — month of balance relative to application date (-1 means the freshest balance date). Step 1: per prior loan, the total of `MONTHS_BALANCE` over that loan's monthly credit-card records. Step 2: the maximum of those per-loan values across all of the customer's previous Home Credit applications.",credit_card_balance.group_by(SK_ID_PREV).sum(MONTHS_BALANCE) → join onto previous_application → .group_by(SK_ID_CURR).max(),False,74.6565,74.6565,371,-885.243103,1378.90799,-4656.0,-4560.0,-820.0,-171.0,-45.0,-3.0,-1.0,0.0,0.04734,0.07745,False,
PREV_POS_CNT_INSTALMENT_FUTURE_MAX_MIN,False,566,0.00011548,POS,POS_CASH_balance,CNT_INSTALMENT_FUTURE,Float64,"Two-level roll-up of `CNT_INSTALMENT_FUTURE` from the POS_CASH_balance ledger — installments left to pay on the previous credit. Step 1: per prior loan, the maximum of `CNT_INSTALMENT_FUTURE` over that loan's monthly POS/cash records. Step 2: the minimum of those per-loan values across all of the customer's previous Home Credit applications.",POS_CASH_balance.group_by(SK_ID_PREV).max(CNT_INSTALMENT_FUTURE) → join onto previous_application → .group_by(SK_ID_CURR).min(),False,6.6911,6.6911,52,9.932284,6.636631,0.0,3.0,6.0,9.0,12.0,36.0,72.0,0.199,0.03347,0.06969,False,
PREV_CC_CNT_DRAWINGS_POS_CURRENT_MAX_MAX,False,567,0.00011527,CC,credit_card_balance,CNT_DRAWINGS_POS_CURRENT,Float64,"Two-level roll-up of `CNT_DRAWINGS_POS_CURRENT` from the credit_card_balance ledger — number of drawings for goods during this month on the previous credit. Step 1: per prior loan, the maximum of `CNT_DRAWINGS_POS_CURRENT` over that loan's monthly credit-card records. Step 2: the maximum of those per-loan values across all of the customer's previous Home Credit applications.",credit_card_balance.group_by(SK_ID_PREV).max(CNT_DRAWINGS_POS_CURRENT) → join onto previous_application → .group_by(SK_ID_CURR).max(),False,82.7876,82.7876,124,7.26331,12.284563,0.0,0.0,0.0,2.0,9.0,57.0,165.0,6.684,0.06084,0.07516,False,
PREV_CC_CNT_DRAWINGS_POS_CURRENT_MEAN_MIN,False,568,0.00011328,CC,credit_card_balance,CNT_DRAWINGS_POS_CURRENT,Float64,"Two-level roll-up of `CNT_DRAWINGS_POS_CURRENT` from the credit_card_balance ledger — number of drawings for goods during this month on the previous credit. Step 1: per prior loan, the average of `CNT_DRAWINGS_POS_CURRENT` over that loan's monthly credit-card records. Step 2: the minimum of those per-loan values across all of the customer's previous Home Credit applications.",credit_card_balance.group_by(SK_ID_PREV).mean(CNT_DRAWINGS_POS_CURRENT) → join onto previous_application → .group_by(SK_ID_CURR).min(),False,82.7876,82.7876,4854,2.017892,4.545616,0.0,0.0,0.0,0.133333,2.0,21.333333,118.25,6.7,0.04521,0.07516,False,
PREV_CC_MONTHS_BALANCE_SUM_MEAN,False,569,0.0001129,CC,credit_card_balance,MONTHS_BALANCE,Float64,"Two-level roll-up of `MONTHS_BALANCE` from the credit_card_balance ledger — month of balance relative to application date (-1 means the freshest balance date). Step 1: per prior loan, the total of `MONTHS_BALANCE` over that loan's monthly credit-card records. Step 2: the average of those per-loan values across all of the customer's previous Home Credit applications.",credit_card_balance.group_by(SK_ID_PREV).sum(MONTHS_BALANCE) → join onto previous_application → .group_by(SK_ID_CURR).mean(),False,74.6565,74.6565,642,-888.914657,1378.980598,-4656.0,-4560.0,-820.0,-171.0,-45.0,-3.0,-1.0,0.0,0.0472,0.07745,False,
PREV_CC_AMT_CREDIT_LIMIT_ACTUAL_SUM_MAX,False,570,0.00011082,CC,credit_card_balance,AMT_CREDIT_LIMIT_ACTUAL,Int64,"Two-level roll-up of `AMT_CREDIT_LIMIT_ACTUAL` from the credit_card_balance ledger — credit card limit during the month of the previous credit. Step 1: per prior loan, the total of `AMT_CREDIT_LIMIT_ACTUAL` over that loan's monthly credit-card records. Step 2: the maximum of those per-loan values across all of the customer's previous Home Credit applications.",credit_card_balance.group_by(SK_ID_PREV).sum(AMT_CREDIT_LIMIT_ACTUAL) → join onto previous_application → .group_by(SK_ID_CURR).max(),False,74.6565,74.6565,2332,5358495.303719,5000341.510403,0.0,0.0,1215000.0,3600000.0,8631000.0,19125000.0,32850000.0,0.284,-0.04515,0.07745,False,
PREV_CC_CNT_INSTALMENT_MATURE_CUM_MEAN_MEAN,False,571,0.00010971,CC,credit_card_balance,CNT_INSTALMENT_MATURE_CUM,Float64,"Two-level roll-up of `CNT_INSTALMENT_MATURE_CUM` from the credit_card_balance ledger — number of paid installments on the previous credit. Step 1: per prior loan, the average of `CNT_INSTALMENT_MATURE_CUM` over that loan's monthly credit-card records. Step 2: the average of those per-loan values across all of the customer's previous Home Credit applications.",credit_card_balance.group_by(SK_ID_PREV).mean(CNT_INSTALMENT_MATURE_CUM) → join onto previous_application → .group_by(SK_ID_CURR).mean(),False,74.6565,74.6565,9999,7.998155,11.244001,0.0,0.0,0.0,3.111111,10.975904,43.148936,48.0,8.659,-0.01653,0.07745,False,
AMT_REQ_CREDIT_BUREAU_MON,False,572,0.00010856,DRIVER,application_train,AMT_REQ_CREDIT_BUREAU_MON,Float64,Number of enquiries to Credit Bureau about the client one month before application (excluding one week before application),taken directly from application_train (no aggregation),False,13.5016,13.5016,25,0.267395,0.916002,0.0,0.0,0.0,0.0,0.0,4.0,27.0,72.268,-0.01246,0.10337,False,
PREV_CC_AMT_DRAWINGS_POS_CURRENT_SUM_MEAN,False,573,0.00010823,CC,credit_card_balance,AMT_DRAWINGS_POS_CURRENT,Float64,"Two-level roll-up of `AMT_DRAWINGS_POS_CURRENT` from the credit_card_balance ledger — amount drawing or buying goods during the month of the previous credit. Step 1: per prior loan, the total of `AMT_DRAWINGS_POS_CURRENT` over that loan's monthly credit-card records. Step 2: the average of those per-loan values across all of the customer's previous Home Credit applications.",credit_card_balance.group_by(SK_ID_PREV).sum(AMT_DRAWINGS_POS_CURRENT) → join onto previous_application → .group_by(SK_ID_CURR).mean(),False,74.6565,74.6565,30204,93972.073395,310157.594198,0.0,0.0,0.0,0.0,72755.415,1166907.87,18372909.195,14.815,-0.00664,0.07745,False,
PREV_NAME_TYPE_SUITE_NUNIQUE,False,574,0.00010766,PREV,previous_application,NAME_TYPE_SUITE,UInt32,Number of distinct `NAME_TYPE_SUITE` values across the customer's previous Home Credit applications (7 distinct values exist in the source table). Source column: who accompanied client when applying for the previous application,previous_application.group_by(SK_ID_CURR).n_unique(NAME_TYPE_SUITE),True,5.3507,0.0,8,2.007928,1.032459,0.0,0.0,1.0,2.0,3.0,4.0,7.0,5.351,-0.0143,0.05956,False,
PREV_CC_AMT_BALANCE_MAX_SUM,False,575,0.00010682,CC,credit_card_balance,AMT_BALANCE,Float64,"Two-level roll-up of `AMT_BALANCE` from the credit_card_balance ledger — balance during the month of previous credit. Step 1: per prior loan, the maximum of `AMT_BALANCE` over that loan's monthly credit-card records. Step 2: the total of those per-loan values across all of the customer's previous Home Credit applications.",credit_card_balance.group_by(SK_ID_PREV).max(AMT_BALANCE) → join onto previous_application → .group_by(SK_ID_CURR).sum(),True,5.3507,0.0,49139,37537.677343,111297.42692,0.0,0.0,0.0,0.0,0.0,515052.54,1354829.265,83.202,0.04141,0.05956,False,
PREV_CC_AMT_INST_MIN_REGULARITY_MEAN_MEAN,False,576,0.00010648,CC,credit_card_balance,AMT_INST_MIN_REGULARITY,Float64,"Two-level roll-up of `AMT_INST_MIN_REGULARITY` from the credit_card_balance ledger — minimal installment for this month of the previous credit. Step 1: per prior loan, the average of `AMT_INST_MIN_REGULARITY` over that loan's monthly credit-card records. Step 2: the average of those per-loan values across all of the customer's previous Home Credit applications.",credit_card_balance.group_by(SK_ID_PREV).mean(AMT_INST_MIN_REGULARITY) → join onto previous_application → .group_by(SK_ID_CURR).mean(),False,74.6565,74.6565,49529,3738.608219,5351.653956,0.0,0.0,0.0,1714.582394,5314.385,24284.73,43014.126429,8.659,0.0742,0.07745,False,
ELEVATORS_MEDI,False,577,0.00010644,DRIVER,application_train,ELEVATORS_MEDI,Float64,"Normalized information about building where the client lives, What is average (_AVG suffix), modus (_MODE suffix), median (_MEDI suffix) apartment size, common area, living area, age of building, number of elevators, number of entrances, state of the building, number of floor",taken directly from application_train (no aggregation),False,53.296,53.296,47,0.078078,0.134467,0.0,0.0,0.0,0.0,0.12,0.6,1.0,28.3,-0.03386,0.09101,False,
PREV_CC_AMT_BALANCE_MIN_MIN,False,578,0.00010556,CC,credit_card_balance,AMT_BALANCE,Float64,"Two-level roll-up of `AMT_BALANCE` from the credit_card_balance ledger — balance during the month of previous credit. Step 1: per prior loan, the minimum of `AMT_BALANCE` over that loan's monthly credit-card records. Step 2: the minimum of those per-loan values across all of the customer's previous Home Credit applications.",credit_card_balance.group_by(SK_ID_PREV).min(AMT_BALANCE) → join onto previous_application → .group_by(SK_ID_CURR).min(),False,74.6565,74.6565,11265,11920.971111,47441.521555,-420250.185,0.0,0.0,0.0,0.0,233346.78,869873.535,21.378,0.06356,0.07745,False,
PREV_NFLAG_INSURED_ON_APPROVAL_SUM,False,579,0.00010525,PREV,previous_application,NFLAG_INSURED_ON_APPROVAL,Float64,The total of `NFLAG_INSURED_ON_APPROVAL` across the customer's previous Home Credit applications. Source column: did the client requested insurance during the previous application,previous_application.group_by(SK_ID_CURR).sum(NFLAG_INSURED_ON_APPROVAL),True,5.3507,0.0,20,0.916533,1.298083,0.0,0.0,0.0,0.0,1.0,6.0,23.0,50.15,-0.01555,0.05956,False,
PREV_CC_AMT_DRAWINGS_CURRENT_MAX_MEAN,False,580,0.00010479,CC,credit_card_balance,AMT_DRAWINGS_CURRENT,Float64,"Two-level roll-up of `AMT_DRAWINGS_CURRENT` from the credit_card_balance ledger — amount drawing during the month of the previous credit. Step 1: per prior loan, the maximum of `AMT_DRAWINGS_CURRENT` over that loan's monthly credit-card records. Step 2: the average of those per-loan values across all of the customer's previous Home Credit applications.",credit_card_balance.group_by(SK_ID_PREV).max(AMT_DRAWINGS_CURRENT) → join onto previous_application → .group_by(SK_ID_CURR).mean(),False,74.6565,74.6565,23357,103798.395967,126374.536339,0.0,0.0,0.0,75325.5,151489.8,569983.365,2115000.0,8.17,0.05077,0.07745,False,
PREV_CC_AMT_PAYMENT_CURRENT_MIN_MIN,False,581,0.00010415,CC,credit_card_balance,AMT_PAYMENT_CURRENT,Float64,"Two-level roll-up of `AMT_PAYMENT_CURRENT` from the credit_card_balance ledger — how much did the client pay during the month on the previous credit. Step 1: per prior loan, the minimum of `AMT_PAYMENT_CURRENT` over that loan's monthly credit-card records. Step 2: the minimum of those per-loan values across all of the customer's previous Home Credit applications.",credit_card_balance.group_by(SK_ID_PREV).min(AMT_PAYMENT_CURRENT) → join onto previous_application → .group_by(SK_ID_CURR).min(),False,82.8162,82.8162,8596,2448.931771,12236.414862,0.0,0.0,0.0,0.0,1576.62,28189.665,1125000.0,10.526,0.009,0.07529,False,
PREV_NAME_SELLER_INDUSTRY_NUNIQUE,False,582,0.00010365,PREV,previous_application,NAME_SELLER_INDUSTRY,UInt32,Number of distinct `NAME_SELLER_INDUSTRY` values across the customer's previous Home Credit applications (11 distinct values exist in the source table). Source column: the industry of the seller,previous_application.group_by(SK_ID_CURR).n_unique(NAME_SELLER_INDUSTRY),True,5.3507,0.0,9,1.922292,0.980352,0.0,0.0,1.0,2.0,3.0,4.0,8.0,5.351,-0.0148,0.05956,False,
PREV_NFLAG_LAST_APPL_IN_DAY_SUM,False,583,0.00010272,PREV,previous_application,NFLAG_LAST_APPL_IN_DAY,Int64,The total of `NFLAG_LAST_APPL_IN_DAY` across the customer's previous Home Credit applications. Source column: flag if the application was the last application per day of the client. Sometimes clients apply for more applications a day. Rarely it could also be error in our system that one application is in the database twice,previous_application.group_by(SK_ID_CURR).sum(NFLAG_LAST_APPL_IN_DAY),True,5.3507,0.0,69,4.580835,4.160735,0.0,0.0,2.0,3.0,6.0,19.0,73.0,5.364,0.01958,0.05956,False,
FLOORSMIN_MEDI,False,584,0.00010198,DRIVER,application_train,FLOORSMIN_MEDI,Float64,"Normalized information about building where the client lives, What is average (_AVG suffix), modus (_MODE suffix), median (_MEDI suffix) apartment size, common area, living area, age of building, number of elevators, number of entrances, state of the building, number of floor",taken directly from application_train (no aggregation),False,67.8486,67.8486,48,0.231625,0.161934,0.0,0.0,0.0833,0.2083,0.375,0.7083,1.0,0.765,-0.03339,0.08631,False,
PREV_CC_AMT_DRAWINGS_POS_CURRENT_MEAN_MEAN,False,585,0.00010178,CC,credit_card_balance,AMT_DRAWINGS_POS_CURRENT,Float64,"Two-level roll-up of `AMT_DRAWINGS_POS_CURRENT` from the credit_card_balance ledger — amount drawing or buying goods during the month of the previous credit. Step 1: per prior loan, the average of `AMT_DRAWINGS_POS_CURRENT` over that loan's monthly credit-card records. Step 2: the average of those per-loan values across all of the customer's previous Home Credit applications.",credit_card_balance.group_by(SK_ID_PREV).mean(AMT_DRAWINGS_POS_CURRENT) → join onto previous_application → .group_by(SK_ID_CURR).mean(),False,82.7876,82.7876,31731,9589.326722,23954.893407,0.0,0.0,0.0,1018.028571,10671.08625,93902.4,918645.45975,6.684,-0.01328,0.07516,False,
PREV_CC_CNT_DRAWINGS_POS_CURRENT_MEAN_MAX,False,586,0.00010152,CC,credit_card_balance,CNT_DRAWINGS_POS_CURRENT,Float64,"Two-level roll-up of `CNT_DRAWINGS_POS_CURRENT` from the credit_card_balance ledger — number of drawings for goods during this month on the previous credit. Step 1: per prior loan, the average of `CNT_DRAWINGS_POS_CURRENT` over that loan's monthly credit-card records. Step 2: the maximum of those per-loan values across all of the customer's previous Home Credit applications.",credit_card_balance.group_by(SK_ID_PREV).mean(CNT_DRAWINGS_POS_CURRENT) → join onto previous_application → .group_by(SK_ID_CURR).max(),False,82.7876,82.7876,4854,2.027798,4.556187,0.0,0.0,0.0,0.136364,2.0,21.333333,118.25,6.684,0.0454,0.07516,False,
PREV_CC_AMT_INST_MIN_REGULARITY_MAX_MAX,False,587,0.00010109,CC,credit_card_balance,AMT_INST_MIN_REGULARITY,Float64,"Two-level roll-up of `AMT_INST_MIN_REGULARITY` from the credit_card_balance ledger — minimal installment for this month of the previous credit. Step 1: per prior loan, the maximum of `AMT_INST_MIN_REGULARITY` over that loan's monthly credit-card records. Step 2: the maximum of those per-loan values across all of the customer's previous Home Credit applications.",credit_card_balance.group_by(SK_ID_PREV).max(AMT_INST_MIN_REGULARITY) → join onto previous_application → .group_by(SK_ID_CURR).max(),False,74.6565,74.6565,31661,7331.304711,8932.549184,0.0,0.0,0.0,4651.2,10353.555,39771.27,64474.65,8.659,0.06547,0.07745,False,
PREV_CC_AMT_BALANCE_MEAN_SUM,False,588,0.00010021,CC,credit_card_balance,AMT_BALANCE,Float64,"Two-level roll-up of `AMT_BALANCE` from the credit_card_balance ledger — balance during the month of previous credit. Step 1: per prior loan, the average of `AMT_BALANCE` over that loan's monthly credit-card records. Step 2: the total of those per-loan values across all of the customer's previous Home Credit applications.",credit_card_balance.group_by(SK_ID_PREV).mean(AMT_BALANCE) → join onto previous_application → .group_by(SK_ID_CURR).sum(),True,5.3507,0.0,51559,19214.142669,66077.613957,-2930.232558,0.0,0.0,0.0,0.0,345143.3575,928686.323571,83.194,0.05006,0.05956,False,
PREV_CC_CNT_DRAWINGS_ATM_CURRENT_SUM_MAX,False,589,0.00010015,CC,credit_card_balance,CNT_DRAWINGS_ATM_CURRENT,Float64,"Two-level roll-up of `CNT_DRAWINGS_ATM_CURRENT` from the credit_card_balance ledger — number of drawings at ATM during this month on the previous credit. Step 1: per prior loan, the total of `CNT_DRAWINGS_ATM_CURRENT` over that loan's monthly credit-card records. Step 2: the maximum of those per-loan values across all of the customer's previous Home Credit applications.",credit_card_balance.group_by(SK_ID_PREV).sum(CNT_DRAWINGS_ATM_CURRENT) → join onto previous_application → .group_by(SK_ID_CURR).max(),False,74.6565,74.6565,161,8.970667,14.542829,0.0,0.0,0.0,3.0,12.0,66.0,390.0,10.733,0.05731,0.07745,False,
PREV_CC_AMT_INST_MIN_REGULARITY_SUM_MEAN,False,590,9.963e-05,CC,credit_card_balance,AMT_INST_MIN_REGULARITY,Float64,"Two-level roll-up of `AMT_INST_MIN_REGULARITY` from the credit_card_balance ledger — minimal installment for this month of the previous credit. Step 1: per prior loan, the total of `AMT_INST_MIN_REGULARITY` over that loan's monthly credit-card records. Step 2: the average of those per-loan values across all of the customer's previous Home Credit applications.",credit_card_balance.group_by(SK_ID_PREV).sum(AMT_INST_MIN_REGULARITY) → join onto previous_application → .group_by(SK_ID_CURR).mean(),False,74.6565,74.6565,48636,109123.323539,166929.122817,0.0,0.0,0.0,30654.0,152127.405,718102.125,2025557.325,8.659,0.0107,0.07745,False,
PREV_CC_MONTHS_BALANCE_MEAN_MEAN,False,591,9.88e-05,CC,credit_card_balance,MONTHS_BALANCE,Float64,"Two-level roll-up of `MONTHS_BALANCE` from the credit_card_balance ledger — month of balance relative to application date (-1 means the freshest balance date). Step 1: per prior loan, the average of `MONTHS_BALANCE` over that loan's monthly credit-card records. Step 2: the average of those per-loan values across all of the customer's previous Home Credit applications.",credit_card_balance.group_by(SK_ID_PREV).mean(MONTHS_BALANCE) → join onto previous_application → .group_by(SK_ID_CURR).mean(),False,74.6565,74.6565,158,-16.05068,14.224787,-50.0,-48.0,-21.0,-10.0,-5.5,-2.0,-1.0,0.0,0.05079,0.07745,False,
PREV_CC_AMT_CREDIT_LIMIT_ACTUAL_MIN_MEAN,False,592,9.878e-05,CC,credit_card_balance,AMT_CREDIT_LIMIT_ACTUAL,Float64,"Two-level roll-up of `AMT_CREDIT_LIMIT_ACTUAL` from the credit_card_balance ledger — credit card limit during the month of the previous credit. Step 1: per prior loan, the minimum of `AMT_CREDIT_LIMIT_ACTUAL` over that loan's monthly credit-card records. Step 2: the average of those per-loan values across all of the customer's previous Home Credit applications.",credit_card_balance.group_by(SK_ID_PREV).min(AMT_CREDIT_LIMIT_ACTUAL) → join onto previous_application → .group_by(SK_ID_CURR).mean(),False,74.6565,74.6565,187,163864.043614,208174.284604,0.0,0.0,45000.0,67500.0,225000.0,900000.0,1350000.0,5.37,-0.00912,0.07745,False,
PREV_POS_SK_DPD_MAX_SUM,False,593,9.855e-05,POS,POS_CASH_balance,SK_DPD,Int64,"Two-level roll-up of `SK_DPD` from the POS_CASH_balance ledger — dPD (days past due) during the month of previous credit. Step 1: per prior loan, the maximum of `SK_DPD` over that loan's monthly POS/cash records. Step 2: the total of those per-loan values across all of the customer's previous Home Credit applications.",POS_CASH_balance.group_by(SK_ID_PREV).max(SK_DPD) → join onto previous_application → .group_by(SK_ID_CURR).sum(),True,5.3507,0.0,1371,8.922146,94.190908,0.0,0.0,0.0,0.0,0.0,130.0,2743.0,83.272,0.0053,0.05956,False,
PREV_APPROVED_COUNT,False,594,9.811e-05,PREV,previous_application,NAME_CONTRACT_STATUS,UInt32,"Count of the customer's previous Home Credit applications with `NAME_CONTRACT_STATUS` = ""Approved"".",previous_application.group_by(SK_ID_CURR).sum(NAME_CONTRACT_STATUS == 'Approved'),True,5.3507,0.0,27,2.88152,2.177554,0.0,0.0,1.0,2.0,4.0,10.0,27.0,5.673,-0.03155,0.05956,False,
PREV_NAME_PORTFOLIO_NUNIQUE,False,595,9.782e-05,PREV,previous_application,NAME_PORTFOLIO,UInt32,"Number of distinct `NAME_PORTFOLIO` values across the customer's previous Home Credit applications (5 distinct values exist in the source table). Source column: was the previous application for CASH, POS, CAR,",previous_application.group_by(SK_ID_CURR).n_unique(NAME_PORTFOLIO),True,5.3507,0.0,6,2.090289,1.139067,0.0,0.0,1.0,2.0,3.0,4.0,5.0,5.351,0.02666,0.05956,False,
PREV_CC_AMT_DRAWINGS_ATM_CURRENT_MAX_MIN,False,596,9.715e-05,CC,credit_card_balance,AMT_DRAWINGS_ATM_CURRENT,Float64,"Two-level roll-up of `AMT_DRAWINGS_ATM_CURRENT` from the credit_card_balance ledger — amount drawing at ATM during the month of the previous credit. Step 1: per prior loan, the maximum of `AMT_DRAWINGS_ATM_CURRENT` over that loan's monthly credit-card records. Step 2: the minimum of those per-loan values across all of the customer's previous Home Credit applications.",credit_card_balance.group_by(SK_ID_PREV).max(AMT_DRAWINGS_ATM_CURRENT) → join onto previous_application → .group_by(SK_ID_CURR).min(),False,82.7876,82.7876,1239,112399.031695,111386.611969,0.0,0.0,36000.0,90000.0,157500.0,495000.0,2115000.0,2.614,0.01536,0.07516,False,
PREV_POS_SK_DPD_MEAN_MIN,False,597,9.671e-05,POS,POS_CASH_balance,SK_DPD,Float64,"Two-level roll-up of `SK_DPD` from the POS_CASH_balance ledger — dPD (days past due) during the month of previous credit. Step 1: per prior loan, the average of `SK_DPD` over that loan's monthly POS/cash records. Step 2: the minimum of those per-loan values across all of the customer's previous Home Credit applications.",POS_CASH_balance.group_by(SK_ID_PREV).mean(SK_DPD) → join onto previous_application → .group_by(SK_ID_CURR).min(),False,6.6807,6.6807,1772,0.799488,22.565981,0.0,0.0,0.0,0.0,0.0,1.818182,1267.622222,90.36,0.00541,0.06946,False,
ELEVATORS_MODE,False,598,9.633e-05,DRIVER,application_train,ELEVATORS_MODE,Float64,"Normalized information about building where the client lives, What is average (_AVG suffix), modus (_MODE suffix), median (_MEDI suffix) apartment size, common area, living area, age of building, number of elevators, number of entrances, state of the building, number of floor",taken directly from application_train (no aggregation),False,53.296,53.296,27,0.07449,0.132256,0.0,0.0,0.0,0.0,0.1208,0.6042,1.0,29.104,-0.03213,0.09101,False,
BUREAU_CREDIT_TYPE_NUNIQUE,False,599,9.632e-05,BUREAU,bureau,CREDIT_TYPE,UInt32,"Number of distinct `CREDIT_TYPE` values across the customer's credit-bureau records (loans at other institutions) (15 distinct values exist in the source table). Source column: type of Credit Bureau credit (Car, cash,...)",bureau.group_by(SK_ID_CURR).n_unique(CREDIT_TYPE),True,14.3149,0.0,7,1.493579,0.851138,0.0,0.0,1.0,2.0,2.0,3.0,6.0,14.315,0.00462,0.10125,False,
PREV_PRODUCT_COMBINATION_NUNIQUE,False,600,9.602e-05,PREV,previous_application,PRODUCT_COMBINATION,UInt32,Number of distinct `PRODUCT_COMBINATION` values across the customer's previous Home Credit applications (17 distinct values exist in the source table). Source column: detailed product combination of the previous application,previous_application.group_by(SK_ID_CURR).n_unique(PRODUCT_COMBINATION),True,5.3507,0.0,14,2.917164,1.879986,0.0,0.0,1.0,3.0,4.0,8.0,13.0,5.351,0.00908,0.05956,False,
PREV_CC_CNT_DRAWINGS_POS_CURRENT_SUM_MEAN,False,601,9.579e-05,CC,credit_card_balance,CNT_DRAWINGS_POS_CURRENT,Float64,"Two-level roll-up of `CNT_DRAWINGS_POS_CURRENT` from the credit_card_balance ledger — number of drawings for goods during this month on the previous credit. Step 1: per prior loan, the total of `CNT_DRAWINGS_POS_CURRENT` over that loan's monthly credit-card records. Step 2: the average of those per-loan values across all of the customer's previous Home Credit applications.",credit_card_balance.group_by(SK_ID_PREV).sum(CNT_DRAWINGS_POS_CURRENT) → join onto previous_application → .group_by(SK_ID_CURR).mean(),False,74.6565,74.6565,573,17.816781,51.015558,0.0,0.0,0.0,0.0,11.0,232.0,2298.0,14.815,0.03604,0.07745,False,
FLAG_PHONE,False,602,9.566e-05,DRIVER,application_train,FLAG_PHONE,Int64,"Did client provide home phone (1=YES, 0=NO)",taken directly from application_train (no aggregation),False,0.0,0.0,2,0.281066,0.449521,0.0,0.0,0.0,0.0,1.0,1.0,1.0,71.893,-0.02381,,False,
PREV_CC_AMT_DRAWINGS_ATM_CURRENT_SUM_MAX,False,603,9.534e-05,CC,credit_card_balance,AMT_DRAWINGS_ATM_CURRENT,Float64,"Two-level roll-up of `AMT_DRAWINGS_ATM_CURRENT` from the credit_card_balance ledger — amount drawing at ATM during the month of the previous credit. Step 1: per prior loan, the total of `AMT_DRAWINGS_ATM_CURRENT` over that loan's monthly credit-card records. Step 2: the maximum of those per-loan values across all of the customer's previous Home Credit applications.",credit_card_balance.group_by(SK_ID_PREV).sum(AMT_DRAWINGS_ATM_CURRENT) → join onto previous_application → .group_by(SK_ID_CURR).max(),False,74.6565,74.6565,4596,179955.11374,296230.521868,0.0,0.0,0.0,63000.0,245250.0,1292400.0,8384850.0,10.733,0.04009,0.07745,False,
PREV_CC_AMT_DRAWINGS_CURRENT_SUM_MEAN,False,604,9.492e-05,CC,credit_card_balance,AMT_DRAWINGS_CURRENT,Float64,"Two-level roll-up of `AMT_DRAWINGS_CURRENT` from the credit_card_balance ledger — amount drawing during the month of the previous credit. Step 1: per prior loan, the total of `AMT_DRAWINGS_CURRENT` over that loan's monthly credit-card records. Step 2: the average of those per-loan values across all of the customer's previous Home Credit applications.",credit_card_balance.group_by(SK_ID_PREV).sum(AMT_DRAWINGS_CURRENT) → join onto previous_application → .group_by(SK_ID_CURR).mean(),False,74.6565,74.6565,37333,283419.038366,454697.42034,0.0,0.0,0.0,151650.0,374762.25,1919856.15,18469299.195,8.17,0.02256,0.07745,False,
PREV_CHANNEL_TYPE_NUNIQUE,False,605,9.473e-05,PREV,previous_application,CHANNEL_TYPE,UInt32,Number of distinct `CHANNEL_TYPE` values across the customer's previous Home Credit applications (8 distinct values exist in the source table). Source column: through which channel we acquired the client on the previous application,previous_application.group_by(SK_ID_CURR).n_unique(CHANNEL_TYPE),True,5.3507,0.0,8,1.957784,1.032432,0.0,0.0,1.0,2.0,3.0,5.0,7.0,5.351,0.0017,0.05956,False,
PREV_CC_AMT_RECIVABLE_MIN_MAX,False,606,9.328e-05,CC,credit_card_balance,AMT_RECIVABLE,Float64,"Two-level roll-up of `AMT_RECIVABLE` from the credit_card_balance ledger — amount receivable on the previous credit. Step 1: per prior loan, the minimum of `AMT_RECIVABLE` over that loan's monthly credit-card records. Step 2: the maximum of those per-loan values across all of the customer's previous Home Credit applications.",credit_card_balance.group_by(SK_ID_PREV).min(AMT_RECIVABLE) → join onto previous_application → .group_by(SK_ID_CURR).max(),False,74.6565,74.6565,16019,11605.588632,46812.945492,-420250.185,-3076.74,0.0,0.0,0.0,228227.04,855565.875,19.378,0.06301,0.07745,False,
PREV_WEEKDAY_APPR_PROCESS_START_NUNIQUE,False,607,9.273e-05,PREV,previous_application,WEEKDAY_APPR_PROCESS_START,UInt32,Number of distinct `WEEKDAY_APPR_PROCESS_START` values across the customer's previous Home Credit applications (7 distinct values exist in the source table). Source column: on which day of the week did the client apply for previous application,previous_application.group_by(SK_ID_CURR).n_unique(WEEKDAY_APPR_PROCESS_START),True,5.3507,0.0,8,2.623688,1.566558,0.0,0.0,1.0,2.0,4.0,7.0,7.0,5.351,0.00121,0.05956,False,
PREV_CC_AMT_PAYMENT_CURRENT_SUM_MAX,False,608,9.236e-05,CC,credit_card_balance,AMT_PAYMENT_CURRENT,Float64,"Two-level roll-up of `AMT_PAYMENT_CURRENT` from the credit_card_balance ledger — how much did the client pay during the month on the previous credit. Step 1: per prior loan, the total of `AMT_PAYMENT_CURRENT` over that loan's monthly credit-card records. Step 2: the maximum of those per-loan values across all of the customer's previous Home Credit applications.",credit_card_balance.group_by(SK_ID_PREV).sum(AMT_PAYMENT_CURRENT) → join onto previous_application → .group_by(SK_ID_CURR).max(),False,74.6565,74.6565,46136,289983.908711,468753.242278,0.0,0.0,0.0,119896.47,412734.195,1947609.675,19347594.795,8.198,-0.00276,0.07745,False,
PREV_CC_AMT_RECIVABLE_MAX_SUM,False,609,9.185e-05,CC,credit_card_balance,AMT_RECIVABLE,Float64,"Two-level roll-up of `AMT_RECIVABLE` from the credit_card_balance ledger — amount receivable on the previous credit. Step 1: per prior loan, the maximum of `AMT_RECIVABLE` over that loan's monthly credit-card records. Step 2: the total of those per-loan values across all of the customer's previous Home Credit applications.",credit_card_balance.group_by(SK_ID_PREV).max(AMT_RECIVABLE) → join onto previous_application → .group_by(SK_ID_CURR).sum(),True,5.3507,0.0,48866,37243.143194,110513.944424,0.0,0.0,0.0,0.0,0.0,511811.595,1354829.265,83.25,0.0411,0.05956,False,
PREV_CC_AMT_RECIVABLE_MAX_MAX,False,610,9.01e-05,CC,credit_card_balance,AMT_RECIVABLE,Float64,"Two-level roll-up of `AMT_RECIVABLE` from the credit_card_balance ledger — amount receivable on the previous credit. Step 1: per prior loan, the maximum of `AMT_RECIVABLE` over that loan's monthly credit-card records. Step 2: the maximum of those per-loan values across all of the customer's previous Home Credit applications.",credit_card_balance.group_by(SK_ID_PREV).max(AMT_RECIVABLE) → join onto previous_application → .group_by(SK_ID_CURR).max(),False,74.6565,74.6565,48859,146782.969539,178854.891724,0.0,0.0,0.0,95987.25,208792.755,796628.475,1354829.265,8.593,0.06862,0.07745,False,
PREV_CC_CNT_DRAWINGS_CURRENT_SUM_MAX,False,611,9.01e-05,CC,credit_card_balance,CNT_DRAWINGS_CURRENT,Int64,"Two-level roll-up of `CNT_DRAWINGS_CURRENT` from the credit_card_balance ledger — number of drawings during this month on the previous credit. Step 1: per prior loan, the total of `CNT_DRAWINGS_CURRENT` over that loan's monthly credit-card records. Step 2: the maximum of those per-loan values across all of the customer's previous Home Credit applications.",credit_card_balance.group_by(SK_ID_PREV).sum(CNT_DRAWINGS_CURRENT) → join onto previous_application → .group_by(SK_ID_CURR).max(),False,74.6565,74.6565,546,26.943106,53.985906,0.0,0.0,0.0,9.0,31.0,248.0,2298.0,8.274,0.04977,0.07745,False,
PREV_CC_AMT_DRAWINGS_CURRENT_MAX_MIN,False,612,8.971e-05,CC,credit_card_balance,AMT_DRAWINGS_CURRENT,Float64,"Two-level roll-up of `AMT_DRAWINGS_CURRENT` from the credit_card_balance ledger — amount drawing during the month of the previous credit. Step 1: per prior loan, the maximum of `AMT_DRAWINGS_CURRENT` over that loan's monthly credit-card records. Step 2: the minimum of those per-loan values across all of the customer's previous Home Credit applications.",credit_card_balance.group_by(SK_ID_PREV).max(AMT_DRAWINGS_CURRENT) → join onto previous_application → .group_by(SK_ID_CURR).min(),False,74.6565,74.6565,23252,103584.052879,126390.664302,0.0,0.0,0.0,74727.0,150844.815,569875.5,2115000.0,8.222,0.0506,0.07745,False,
PREV_CC_AMT_RECEIVABLE_PRINCIPAL_MEAN_MAX,False,613,8.727e-05,CC,credit_card_balance,AMT_RECEIVABLE_PRINCIPAL,Float64,"Two-level roll-up of `AMT_RECEIVABLE_PRINCIPAL` from the credit_card_balance ledger — amount receivable for principal on the previous credit. Step 1: per prior loan, the average of `AMT_RECEIVABLE_PRINCIPAL` over that loan's monthly credit-card records. Step 2: the maximum of those per-loan values across all of the customer's previous Home Credit applications.",credit_card_balance.group_by(SK_ID_PREV).mean(AMT_RECEIVABLE_PRINCIPAL) → join onto previous_application → .group_by(SK_ID_CURR).max(),False,74.6565,74.6565,50744,72914.488894,109793.061584,-2930.232558,0.0,0.0,27720.855,102272.727273,516387.1,884547.880714,8.728,0.08566,0.07745,False,
PREV_NAME_GOODS_CATEGORY_NUNIQUE,False,614,8.715e-05,PREV,previous_application,NAME_GOODS_CATEGORY,UInt32,Number of distinct `NAME_GOODS_CATEGORY` values across the customer's previous Home Credit applications (28 distinct values exist in the source table). Source column: what kind of goods did the client apply for in the previous application,previous_application.group_by(SK_ID_CURR).n_unique(NAME_GOODS_CATEGORY),True,5.3507,0.0,12,2.148538,1.209773,0.0,0.0,1.0,2.0,3.0,6.0,11.0,5.351,-0.02219,0.05956,False,
PREV_CC_AMT_RECIVABLE_MIN_MEAN,False,615,8.696e-05,CC,credit_card_balance,AMT_RECIVABLE,Float64,"Two-level roll-up of `AMT_RECIVABLE` from the credit_card_balance ledger — amount receivable on the previous credit. Step 1: per prior loan, the minimum of `AMT_RECIVABLE` over that loan's monthly credit-card records. Step 2: the average of those per-loan values across all of the customer's previous Home Credit applications.",credit_card_balance.group_by(SK_ID_PREV).min(AMT_RECIVABLE) → join onto previous_application → .group_by(SK_ID_CURR).mean(),False,74.6565,74.6565,16096,11570.821712,46723.543752,-420250.185,-3087.81,0.0,0.0,0.0,228135.78,855565.875,19.35,0.06297,0.07745,False,
PREV_CC_CNT_DRAWINGS_ATM_CURRENT_SUM_MIN,False,616,8.597e-05,CC,credit_card_balance,CNT_DRAWINGS_ATM_CURRENT,Float64,"Two-level roll-up of `CNT_DRAWINGS_ATM_CURRENT` from the credit_card_balance ledger — number of drawings at ATM during this month on the previous credit. Step 1: per prior loan, the total of `CNT_DRAWINGS_ATM_CURRENT` over that loan's monthly credit-card records. Step 2: the minimum of those per-loan values across all of the customer's previous Home Credit applications.",credit_card_balance.group_by(SK_ID_PREV).sum(CNT_DRAWINGS_ATM_CURRENT) → join onto previous_application → .group_by(SK_ID_CURR).min(),False,74.6565,74.6565,161,8.931827,14.527852,0.0,0.0,0.0,3.0,12.0,66.0,390.0,10.79,0.05735,0.07745,False,
PREV_CC_AMT_BALANCE_MEAN_MEAN,False,617,8.403e-05,CC,credit_card_balance,AMT_BALANCE,Float64,"Two-level roll-up of `AMT_BALANCE` from the credit_card_balance ledger — balance during the month of previous credit. Step 1: per prior loan, the average of `AMT_BALANCE` over that loan's monthly credit-card records. Step 2: the average of those per-loan values across all of the customer's previous Home Credit applications.",credit_card_balance.group_by(SK_ID_PREV).mean(AMT_BALANCE) → join onto previous_application → .group_by(SK_ID_CURR).mean(),False,74.6565,74.6565,51560,75634.628384,113612.338217,-2930.232558,0.0,0.0,28875.90375,106291.829681,534055.005,928686.323571,8.538,0.08669,0.07745,False,
PREV_NAME_TYPE_SUITE_Children_RATE,False,618,8.292e-05,PREV,previous_application,NAME_TYPE_SUITE,Float64,"Share of the customer's previous Home Credit applications whose `NAME_TYPE_SUITE` equals ""Children"" (0 = never, 1 = always). Source column: who accompanied client when applying for the previous application",previous_application.group_by(SK_ID_CURR).mean(NAME_TYPE_SUITE == 'Children'),True,20.1362,0.0,89,0.031446,0.137707,0.0,0.0,0.0,0.0,0.0,1.0,1.0,92.871,-0.01686,0.08485,False,
PREV_NAME_CONTRACT_TYPE_NUNIQUE,False,619,8.253e-05,PREV,previous_application,NAME_CONTRACT_TYPE,UInt32,"Number of distinct `NAME_CONTRACT_TYPE` values across the customer's previous Home Credit applications (4 distinct values exist in the source table). Source column: contract product type (Cash loan, consumer loan [POS] ,...) of the previous application",previous_application.group_by(SK_ID_CURR).n_unique(NAME_CONTRACT_TYPE),True,5.3507,0.0,5,1.771475,0.864733,0.0,0.0,1.0,2.0,2.0,3.0,4.0,5.351,0.02455,0.05956,False,
PREV_CC_CNT_INSTALMENT_MATURE_CUM_SUM_MEAN,False,620,8.187e-05,CC,credit_card_balance,CNT_INSTALMENT_MATURE_CUM,Float64,"Two-level roll-up of `CNT_INSTALMENT_MATURE_CUM` from the credit_card_balance ledger — number of paid installments on the previous credit. Step 1: per prior loan, the total of `CNT_INSTALMENT_MATURE_CUM` over that loan's monthly credit-card records. Step 2: the average of those per-loan values across all of the customer's previous Home Credit applications.",credit_card_balance.group_by(SK_ID_PREV).sum(CNT_INSTALMENT_MATURE_CUM) → join onto previous_application → .group_by(SK_ID_CURR).mean(),False,74.6565,74.6565,3726,479.197678,941.253928,0.0,0.0,0.0,36.0,350.0,3843.0,4560.0,8.659,-0.03312,0.07745,False,
BUREAU_CNT_CREDIT_PROLONG_MEAN,False,621,8.181e-05,BUREAU,bureau,CNT_CREDIT_PROLONG,Float64,The average of `CNT_CREDIT_PROLONG` across the customer's credit-bureau records (loans at other institutions). Source column: how many times was the Credit Bureau credit prolonged,bureau.group_by(SK_ID_CURR).mean(CNT_CREDIT_PROLONG),False,14.3149,14.3149,112,0.007919,0.066479,0.0,0.0,0.0,0.0,0.0,0.25,6.0,82.918,0.00303,0.10125,False,
PREV_CC_AMT_BALANCE_MEAN_MAX,False,622,8.16e-05,CC,credit_card_balance,AMT_BALANCE,Float64,"Two-level roll-up of `AMT_BALANCE` from the credit_card_balance ledger — balance during the month of previous credit. Step 1: per prior loan, the average of `AMT_BALANCE` over that loan's monthly credit-card records. Step 2: the maximum of those per-loan values across all of the customer's previous Home Credit applications.",credit_card_balance.group_by(SK_ID_PREV).mean(AMT_BALANCE) → join onto previous_application → .group_by(SK_ID_CURR).max(),False,74.6565,74.6565,51559,75762.418347,113683.439023,-2930.232558,0.0,0.0,28986.398182,106640.890714,534055.005,928686.323571,8.538,0.08686,0.07745,False,
PREV_CC_AMT_DRAWINGS_ATM_CURRENT_SUM_MIN,False,623,8.145e-05,CC,credit_card_balance,AMT_DRAWINGS_ATM_CURRENT,Float64,"Two-level roll-up of `AMT_DRAWINGS_ATM_CURRENT` from the credit_card_balance ledger — amount drawing at ATM during the month of the previous credit. Step 1: per prior loan, the total of `AMT_DRAWINGS_ATM_CURRENT` over that loan's monthly credit-card records. Step 2: the minimum of those per-loan values across all of the customer's previous Home Credit applications.",credit_card_balance.group_by(SK_ID_PREV).sum(AMT_DRAWINGS_ATM_CURRENT) → join onto previous_application → .group_by(SK_ID_CURR).min(),False,74.6565,74.6565,4588,179291.844142,296080.149586,0.0,0.0,0.0,60750.0,243000.0,1291950.0,8384850.0,10.79,0.04013,0.07745,False,
PREV_CC_AMT_BALANCE_MEAN_MIN,False,624,8.009e-05,CC,credit_card_balance,AMT_BALANCE,Float64,"Two-level roll-up of `AMT_BALANCE` from the credit_card_balance ledger — balance during the month of previous credit. Step 1: per prior loan, the average of `AMT_BALANCE` over that loan's monthly credit-card records. Step 2: the minimum of those per-loan values across all of the customer's previous Home Credit applications.",credit_card_balance.group_by(SK_ID_PREV).mean(AMT_BALANCE) → join onto previous_application → .group_by(SK_ID_CURR).min(),False,74.6565,74.6565,51408,75506.891654,113630.287218,-2930.232558,0.0,0.0,28582.312,106127.188043,534055.005,928686.323571,8.587,0.08645,0.07745,False,
PREV_CC_CNT_INSTALMENT_MATURE_CUM_MEAN_MIN,False,625,7.977e-05,CC,credit_card_balance,CNT_INSTALMENT_MATURE_CUM,Float64,"Two-level roll-up of `CNT_INSTALMENT_MATURE_CUM` from the credit_card_balance ledger — number of paid installments on the previous credit. Step 1: per prior loan, the average of `CNT_INSTALMENT_MATURE_CUM` over that loan's monthly credit-card records. Step 2: the minimum of those per-loan values across all of the customer's previous Home Credit applications.",credit_card_balance.group_by(SK_ID_PREV).mean(CNT_INSTALMENT_MATURE_CUM) → join onto previous_application → .group_by(SK_ID_CURR).min(),False,74.6565,74.6565,9834,7.974061,11.244132,0.0,0.0,0.0,3.052632,10.826087,43.148936,48.0,8.708,-0.01673,0.07745,False,
PREV_CC_AMT_DRAWINGS_POS_CURRENT_MAX_MAX,False,626,7.974e-05,CC,credit_card_balance,AMT_DRAWINGS_POS_CURRENT,Float64,"Two-level roll-up of `AMT_DRAWINGS_POS_CURRENT` from the credit_card_balance ledger — amount drawing or buying goods during the month of the previous credit. Step 1: per prior loan, the maximum of `AMT_DRAWINGS_POS_CURRENT` over that loan's monthly credit-card records. Step 2: the maximum of those per-loan values across all of the customer's previous Home Credit applications.",credit_card_balance.group_by(SK_ID_PREV).max(AMT_DRAWINGS_POS_CURRENT) → join onto previous_application → .group_by(SK_ID_CURR).max(),False,82.7876,82.7876,27708,48676.743284,87018.736944,0.0,0.0,0.0,14251.5,65610.0,403582.5,2060030.16,6.684,-0.0195,0.07516,False,
FLAG_OWN_REALTY,False,627,7.973e-05,DRIVER,application_train,FLAG_OWN_REALTY,String,Flag if client owns a house or flat,taken directly from application_train (no aggregation),False,0.0,0.0,2,,,,,,,,,,,,,False,Y=69.367%(dr 0.07962); N=30.633%(dr 0.08325)
PREV_CC_AMT_DRAWINGS_POS_CURRENT_MAX_MIN,False,628,7.963e-05,CC,credit_card_balance,AMT_DRAWINGS_POS_CURRENT,Float64,"Two-level roll-up of `AMT_DRAWINGS_POS_CURRENT` from the credit_card_balance ledger — amount drawing or buying goods during the month of the previous credit. Step 1: per prior loan, the maximum of `AMT_DRAWINGS_POS_CURRENT` over that loan's monthly credit-card records. Step 2: the minimum of those per-loan values across all of the customer's previous Home Credit applications.",credit_card_balance.group_by(SK_ID_PREV).max(AMT_DRAWINGS_POS_CURRENT) → join onto previous_application → .group_by(SK_ID_CURR).min(),False,82.7876,82.7876,27653,48516.607195,86899.893333,0.0,0.0,0.0,14075.145,65349.9,402912.765,2060030.16,6.7,-0.02001,0.07516,False,
PREV_CC_AMT_DRAWINGS_POS_CURRENT_SUM_MAX,False,629,7.898e-05,CC,credit_card_balance,AMT_DRAWINGS_POS_CURRENT,Float64,"Two-level roll-up of `AMT_DRAWINGS_POS_CURRENT` from the credit_card_balance ledger — amount drawing or buying goods during the month of the previous credit. Step 1: per prior loan, the total of `AMT_DRAWINGS_POS_CURRENT` over that loan's monthly credit-card records. Step 2: the maximum of those per-loan values across all of the customer's previous Home Credit applications.",credit_card_balance.group_by(SK_ID_PREV).sum(AMT_DRAWINGS_POS_CURRENT) → join onto previous_application → .group_by(SK_ID_CURR).max(),False,74.6565,74.6565,30190,94193.786559,310929.708929,0.0,0.0,0.0,0.0,73041.93,1169880.66,18372909.195,14.815,-0.00661,0.07745,False,
PREV_CC_AMT_DRAWINGS_POS_CURRENT_MEAN_MIN,False,630,7.875e-05,CC,credit_card_balance,AMT_DRAWINGS_POS_CURRENT,Float64,"Two-level roll-up of `AMT_DRAWINGS_POS_CURRENT` from the credit_card_balance ledger — amount drawing or buying goods during the month of the previous credit. Step 1: per prior loan, the average of `AMT_DRAWINGS_POS_CURRENT` over that loan's monthly credit-card records. Step 2: the minimum of those per-loan values across all of the customer's previous Home Credit applications.",credit_card_balance.group_by(SK_ID_PREV).mean(AMT_DRAWINGS_POS_CURRENT) → join onto previous_application → .group_by(SK_ID_CURR).min(),False,82.7876,82.7876,31682,9564.216422,23940.065603,0.0,0.0,0.0,1000.0,10618.87125,93849.798214,918645.45975,6.7,-0.01331,0.07516,False,
PREV_HAS_CC_RATE,False,631,7.866e-05,PREV,previous_application,,Float64,Share of the customer's previous Home Credit applications that have any credit-card ledger history attached (a mix of product type and data coverage).,HAS_CC = per-loan flag that the credit-card join matched → .group_by(SK_ID_CURR).mean(),True,5.3507,0.0,79,0.053672,0.120251,0.0,0.0,0.0,0.0,0.047619,0.5,1.0,74.657,0.01306,0.05956,False,
PREV_CC_AMT_CREDIT_LIMIT_ACTUAL_MIN_MIN,False,632,7.854e-05,CC,credit_card_balance,AMT_CREDIT_LIMIT_ACTUAL,Int64,"Two-level roll-up of `AMT_CREDIT_LIMIT_ACTUAL` from the credit_card_balance ledger — credit card limit during the month of the previous credit. Step 1: per prior loan, the minimum of `AMT_CREDIT_LIMIT_ACTUAL` over that loan's monthly credit-card records. Step 2: the minimum of those per-loan values across all of the customer's previous Home Credit applications.",credit_card_balance.group_by(SK_ID_PREV).min(AMT_CREDIT_LIMIT_ACTUAL) → join onto previous_application → .group_by(SK_ID_CURR).min(),False,74.6565,74.6565,162,163509.007622,208236.552776,0.0,0.0,45000.0,67500.0,225000.0,900000.0,1350000.0,5.425,-0.00917,0.07745,False,
PREV_CC_AMT_RECEIVABLE_PRINCIPAL_MAX_MIN,False,633,7.815e-05,CC,credit_card_balance,AMT_RECEIVABLE_PRINCIPAL,Float64,"Two-level roll-up of `AMT_RECEIVABLE_PRINCIPAL` from the credit_card_balance ledger — amount receivable for principal on the previous credit. Step 1: per prior loan, the maximum of `AMT_RECEIVABLE_PRINCIPAL` over that loan's monthly credit-card records. Step 2: the minimum of those per-loan values across all of the customer's previous Home Credit applications.",credit_card_balance.group_by(SK_ID_PREV).max(AMT_RECEIVABLE_PRINCIPAL) → join onto previous_application → .group_by(SK_ID_CURR).min(),False,74.6565,74.6565,39484,140869.96461,173016.081115,0.0,0.0,0.0,90000.0,201375.0,764852.355,1354829.265,8.788,0.06705,0.07745,False,
PREV_NAME_TYPE_SUITE_Other_A_RATE,False,634,7.796e-05,PREV,previous_application,NAME_TYPE_SUITE,Float64,"Share of the customer's previous Home Credit applications whose `NAME_TYPE_SUITE` equals ""Other_A"" (0 = never, 1 = always). Source column: who accompanied client when applying for the previous application",previous_application.group_by(SK_ID_CURR).mean(NAME_TYPE_SUITE == 'Other_A'),True,20.1362,0.0,53,0.0097,0.077767,0.0,0.0,0.0,0.0,0.0,0.333333,1.0,97.771,0.00775,0.08485,False,
PREV_NAME_PRODUCT_TYPE_NUNIQUE,False,635,7.754e-05,PREV,previous_application,NAME_PRODUCT_TYPE,UInt32,Number of distinct `NAME_PRODUCT_TYPE` values across the customer's previous Home Credit applications (3 distinct values exist in the source table). Source column: was the previous application x-sell o walk-in,previous_application.group_by(SK_ID_CURR).n_unique(NAME_PRODUCT_TYPE),True,5.3507,0.0,4,1.639528,0.782352,0.0,0.0,1.0,2.0,2.0,3.0,3.0,5.351,0.02838,0.05956,False,
PREV_CC_SK_DPD_MEAN_MEAN,False,636,7.731e-05,CC,credit_card_balance,SK_DPD,Float64,"Two-level roll-up of `SK_DPD` from the credit_card_balance ledger — dPD (Days past due) during the month on the previous credit. Step 1: per prior loan, the average of `SK_DPD` over that loan's monthly credit-card records. Step 2: the average of those per-loan values across all of the customer's previous Home Credit applications.",credit_card_balance.group_by(SK_ID_PREV).mean(SK_DPD) → join onto previous_application → .group_by(SK_ID_CURR).mean(),False,74.6565,74.6565,2970,3.142326,37.823598,0.0,0.0,0.0,0.0,0.0,24.285714,1342.263158,21.253,-0.00461,0.07745,False,
PREV_CC_AMT_RECEIVABLE_PRINCIPAL_MAX_MAX,False,637,7.721e-05,CC,credit_card_balance,AMT_RECEIVABLE_PRINCIPAL,Float64,"Two-level roll-up of `AMT_RECEIVABLE_PRINCIPAL` from the credit_card_balance ledger — amount receivable for principal on the previous credit. Step 1: per prior loan, the maximum of `AMT_RECEIVABLE_PRINCIPAL` over that loan's monthly credit-card records. Step 2: the maximum of those per-loan values across all of the customer's previous Home Credit applications.",credit_card_balance.group_by(SK_ID_PREV).max(AMT_RECEIVABLE_PRINCIPAL) → join onto previous_application → .group_by(SK_ID_CURR).max(),False,74.6565,74.6565,39594,141344.887255,173062.097081,0.0,0.0,0.0,90000.0,202138.47,764852.715,1354829.265,8.737,0.06736,0.07745,False,
PREV_CC_AMT_INST_MIN_REGULARITY_MAX_MIN,False,638,7.72e-05,CC,credit_card_balance,AMT_INST_MIN_REGULARITY,Float64,"Two-level roll-up of `AMT_INST_MIN_REGULARITY` from the credit_card_balance ledger — minimal installment for this month of the previous credit. Step 1: per prior loan, the maximum of `AMT_INST_MIN_REGULARITY` over that loan's monthly credit-card records. Step 2: the minimum of those per-loan values across all of the customer's previous Home Credit applications.",credit_card_balance.group_by(SK_ID_PREV).max(AMT_INST_MIN_REGULARITY) → join onto previous_application → .group_by(SK_ID_CURR).min(),False,74.6565,74.6565,31574,7306.422911,8929.729654,0.0,0.0,0.0,4611.51,10257.795,39768.705,64474.65,8.708,0.06511,0.07745,False,
PREV_CC_COUNT_MIN,False,639,7.656e-05,CC,credit_card_balance,,UInt32,"The minimum, across the customer's previous Home Credit applications, of the number of monthly credit-card ledger records a prior loan has. A null means the customer has no prior loan with any credit-card history.",credit_card_balance.group_by(SK_ID_PREV).len() → join onto previous_application → .group_by(SK_ID_CURR).min(),False,74.6565,74.6565,97,30.005594,28.484422,1.0,2.0,9.0,18.0,40.0,95.0,96.0,0.0,-0.04949,0.07745,False,
PREV_CC_AMT_PAYMENT_TOTAL_CURRENT_SUM_MAX,False,640,7.606e-05,CC,credit_card_balance,AMT_PAYMENT_TOTAL_CURRENT,Float64,"Two-level roll-up of `AMT_PAYMENT_TOTAL_CURRENT` from the credit_card_balance ledger — how much did the client pay during the month in total on the previous credit. Step 1: per prior loan, the total of `AMT_PAYMENT_TOTAL_CURRENT` over that loan's monthly credit-card records. Step 2: the maximum of those per-loan values across all of the customer's previous Home Credit applications.",credit_card_balance.group_by(SK_ID_PREV).sum(AMT_PAYMENT_TOTAL_CURRENT) → join onto previous_application → .group_by(SK_ID_CURR).max(),False,74.6565,74.6565,46608,268717.911248,450782.675418,0.0,0.0,0.0,103196.025,374989.5,1873392.57,19210117.365,8.201,-0.00298,0.07745,False,
PREV_CC_CNT_DRAWINGS_ATM_CURRENT_MAX_MAX,False,641,7.602e-05,CC,credit_card_balance,CNT_DRAWINGS_ATM_CURRENT,Float64,"Two-level roll-up of `CNT_DRAWINGS_ATM_CURRENT` from the credit_card_balance ledger — number of drawings at ATM during this month on the previous credit. Step 1: per prior loan, the maximum of `CNT_DRAWINGS_ATM_CURRENT` over that loan's monthly credit-card records. Step 2: the maximum of those per-loan values across all of the customer's previous Home Credit applications.",credit_card_balance.group_by(SK_ID_PREV).max(CNT_DRAWINGS_ATM_CURRENT) → join onto previous_application → .group_by(SK_ID_CURR).max(),False,82.7876,82.7876,45,4.135632,3.738867,0.0,0.0,2.0,3.0,6.0,17.0,51.0,2.602,0.06227,0.07516,False,
PREV_CODE_REJECT_REASON_VERIF_RATE,False,642,7.502e-05,PREV,previous_application,CODE_REJECT_REASON,Float64,"Share of the customer's previous Home Credit applications whose `CODE_REJECT_REASON` equals ""VERIF"" (0 = never, 1 = always). Source column: why was the previous application rejected",previous_application.group_by(SK_ID_CURR).mean(CODE_REJECT_REASON == 'VERIF'),True,5.3507,0.0,84,0.001418,0.019348,0.0,0.0,0.0,0.0,0.0,0.0,1.0,99.181,0.00068,0.05956,False,
PREV_CC_AMT_INST_MIN_REGULARITY_MEAN_MIN,False,643,7.467e-05,CC,credit_card_balance,AMT_INST_MIN_REGULARITY,Float64,"Two-level roll-up of `AMT_INST_MIN_REGULARITY` from the credit_card_balance ledger — minimal installment for this month of the previous credit. Step 1: per prior loan, the average of `AMT_INST_MIN_REGULARITY` over that loan's monthly credit-card records. Step 2: the minimum of those per-loan values across all of the customer's previous Home Credit applications.",credit_card_balance.group_by(SK_ID_PREV).mean(AMT_INST_MIN_REGULARITY) → join onto previous_application → .group_by(SK_ID_CURR).min(),False,74.6565,74.6565,49376,3732.800313,5352.857064,0.0,0.0,0.0,1703.984062,5306.976862,24284.73,43014.126429,8.708,0.07398,0.07745,False,
PREV_CC_AMT_DRAWINGS_CURRENT_SUM_MIN,False,644,7.373e-05,CC,credit_card_balance,AMT_DRAWINGS_CURRENT,Float64,"Two-level roll-up of `AMT_DRAWINGS_CURRENT` from the credit_card_balance ledger — amount drawing during the month of the previous credit. Step 1: per prior loan, the total of `AMT_DRAWINGS_CURRENT` over that loan's monthly credit-card records. Step 2: the minimum of those per-loan values across all of the customer's previous Home Credit applications.",credit_card_balance.group_by(SK_ID_PREV).sum(AMT_DRAWINGS_CURRENT) → join onto previous_application → .group_by(SK_ID_CURR).min(),False,74.6565,74.6565,37186,282924.544282,454638.264446,0.0,0.0,0.0,150750.0,374255.19,1919742.075,18469299.195,8.222,0.02258,0.07745,False,
BUREAU_CREDIT_DAY_OVERDUE_MEAN,False,645,7.339e-05,BUREAU,bureau,CREDIT_DAY_OVERDUE,Float64,The average of `CREDIT_DAY_OVERDUE` across the customer's credit-bureau records (loans at other institutions). Source column: number of days past due on CB credit at the time of application for related loan in our sample,bureau.group_by(SK_ID_CURR).mean(CREDIT_DAY_OVERDUE),False,14.3149,14.3149,1542,1.035863,25.825412,0.0,0.0,0.0,0.0,0.0,2.5,2776.0,84.58,0.00812,0.10125,False,
FLAG_DOCUMENT_13,False,646,7.275e-05,DRIVER,application_train,FLAG_DOCUMENT_13,Int64,Did client provide document 13,taken directly from application_train (no aggregation),False,0.0,0.0,2,0.003525,0.059268,0.0,0.0,0.0,0.0,0.0,0.0,1.0,99.647,-0.01158,,False,
PREV_CC_AMT_DRAWINGS_CURRENT_MAX_MAX,False,647,7.26e-05,CC,credit_card_balance,AMT_DRAWINGS_CURRENT,Float64,"Two-level roll-up of `AMT_DRAWINGS_CURRENT` from the credit_card_balance ledger — amount drawing during the month of the previous credit. Step 1: per prior loan, the maximum of `AMT_DRAWINGS_CURRENT` over that loan's monthly credit-card records. Step 2: the maximum of those per-loan values across all of the customer's previous Home Credit applications.",credit_card_balance.group_by(SK_ID_PREV).max(AMT_DRAWINGS_CURRENT) → join onto previous_application → .group_by(SK_ID_CURR).max(),False,74.6565,74.6565,23314,104013.2409,126558.894872,0.0,0.0,0.0,76115.25,152343.675,571157.325,2115000.0,8.17,0.05086,0.07745,False,
PREV_CC_AMT_CREDIT_LIMIT_ACTUAL_MEAN_SUM,False,648,7.237e-05,CC,credit_card_balance,AMT_CREDIT_LIMIT_ACTUAL,Float64,"Two-level roll-up of `AMT_CREDIT_LIMIT_ACTUAL` from the credit_card_balance ledger — credit card limit during the month of the previous credit. Step 1: per prior loan, the average of `AMT_CREDIT_LIMIT_ACTUAL` over that loan's monthly credit-card records. Step 2: the total of those per-loan values across all of the customer's previous Home Credit applications.",credit_card_balance.group_by(SK_ID_PREV).mean(AMT_CREDIT_LIMIT_ACTUAL) → join onto previous_application → .group_by(SK_ID_CURR).sum(),True,5.3507,0.0,10708,56596.605683,138811.916302,0.0,0.0,0.0,0.0,7312.5,765000.0,1372500.0,74.94,0.00577,0.05956,False,
PREV_CC_AMT_INST_MIN_REGULARITY_MAX_SUM,False,649,7.197e-05,CC,credit_card_balance,AMT_INST_MIN_REGULARITY,Float64,"Two-level roll-up of `AMT_INST_MIN_REGULARITY` from the credit_card_balance ledger — minimal installment for this month of the previous credit. Step 1: per prior loan, the maximum of `AMT_INST_MIN_REGULARITY` over that loan's monthly credit-card records. Step 2: the total of those per-loan values across all of the customer's previous Home Credit applications.",credit_card_balance.group_by(SK_ID_PREV).max(AMT_INST_MIN_REGULARITY) → join onto previous_application → .group_by(SK_ID_CURR).sum(),True,5.3507,0.0,31695,1860.141977,5519.304125,0.0,0.0,0.0,0.0,0.0,25545.015,64474.65,83.316,0.0397,0.05956,False,
PREV_CC_AMT_CREDIT_LIMIT_ACTUAL_MAX_MEAN,False,650,7.189e-05,CC,credit_card_balance,AMT_CREDIT_LIMIT_ACTUAL,Float64,"Two-level roll-up of `AMT_CREDIT_LIMIT_ACTUAL` from the credit_card_balance ledger — credit card limit during the month of the previous credit. Step 1: per prior loan, the maximum of `AMT_CREDIT_LIMIT_ACTUAL` over that loan's monthly credit-card records. Step 2: the average of those per-loan values across all of the customer's previous Home Credit applications.",credit_card_balance.group_by(SK_ID_PREV).max(AMT_CREDIT_LIMIT_ACTUAL) → join onto previous_application → .group_by(SK_ID_CURR).mean(),False,74.6565,74.6565,89,262791.106898,207774.301496,0.0,0.0,135000.0,180000.0,360000.0,900000.0,1350000.0,0.284,-0.02092,0.07745,False,
PREV_CC_AMT_PAYMENT_TOTAL_CURRENT_MAX_MIN,False,651,7.099e-05,CC,credit_card_balance,AMT_PAYMENT_TOTAL_CURRENT,Float64,"Two-level roll-up of `AMT_PAYMENT_TOTAL_CURRENT` from the credit_card_balance ledger — how much did the client pay during the month in total on the previous credit. Step 1: per prior loan, the maximum of `AMT_PAYMENT_TOTAL_CURRENT` over that loan's monthly credit-card records. Step 2: the minimum of those per-loan values across all of the customer's previous Home Credit applications.",credit_card_balance.group_by(SK_ID_PREV).max(AMT_PAYMENT_TOTAL_CURRENT) → join onto previous_application → .group_by(SK_ID_CURR).min(),False,74.6565,74.6565,28966,82764.407966,140176.850766,0.0,0.0,0.0,22500.0,107086.95,663006.51,4278315.69,8.251,0.027,0.07745,False,
PREV_CC_AMT_BALANCE_MAX_MIN,False,652,7.089e-05,CC,credit_card_balance,AMT_BALANCE,Float64,"Two-level roll-up of `AMT_BALANCE` from the credit_card_balance ledger — balance during the month of previous credit. Step 1: per prior loan, the maximum of `AMT_BALANCE` over that loan's monthly credit-card records. Step 2: the minimum of those per-loan values across all of the customer's previous Home Credit applications.",credit_card_balance.group_by(SK_ID_PREV).max(AMT_BALANCE) → join onto previous_application → .group_by(SK_ID_CURR).min(),False,74.6565,74.6565,48993,147448.349333,180004.010635,0.0,0.0,0.0,96294.195,209648.205,802030.86,1354829.265,8.594,0.06903,0.07745,False,
PREV_CC_MONTHS_BALANCE_MIN_MEAN,False,653,7.079e-05,CC,credit_card_balance,MONTHS_BALANCE,Float64,"Two-level roll-up of `MONTHS_BALANCE` from the credit_card_balance ledger — month of balance relative to application date (-1 means the freshest balance date). Step 1: per prior loan, the minimum of `MONTHS_BALANCE` over that loan's monthly credit-card records. Step 2: the average of those per-loan values across all of the customer's previous Home Credit applications.",credit_card_balance.group_by(SK_ID_PREV).min(MONTHS_BALANCE) → join onto previous_application → .group_by(SK_ID_CURR).mean(),False,74.6565,74.6565,148,-30.598367,28.449742,-96.0,-95.0,-40.0,-18.0,-9.0,-2.0,-1.0,0.0,0.05009,0.07745,False,
PREV_CC_CNT_INSTALMENT_MATURE_CUM_MAX_MEAN,False,654,6.94e-05,CC,credit_card_balance,CNT_INSTALMENT_MATURE_CUM,Float64,"Two-level roll-up of `CNT_INSTALMENT_MATURE_CUM` from the credit_card_balance ledger — number of paid installments on the previous credit. Step 1: per prior loan, the maximum of `CNT_INSTALMENT_MATURE_CUM` over that loan's monthly credit-card records. Step 2: the average of those per-loan values across all of the customer's previous Home Credit applications.",credit_card_balance.group_by(SK_ID_PREV).max(CNT_INSTALMENT_MATURE_CUM) → join onto previous_application → .group_by(SK_ID_CURR).mean(),False,74.6565,74.6565,134,13.399021,18.557731,0.0,0.0,0.0,6.0,18.0,81.0,95.0,8.659,-0.00688,0.07745,False,
PREV_CC_CNT_DRAWINGS_POS_CURRENT_MIN_MAX,False,655,6.918e-05,CC,credit_card_balance,CNT_DRAWINGS_POS_CURRENT,Float64,"Two-level roll-up of `CNT_DRAWINGS_POS_CURRENT` from the credit_card_balance ledger — number of drawings for goods during this month on the previous credit. Step 1: per prior loan, the minimum of `CNT_DRAWINGS_POS_CURRENT` over that loan's monthly credit-card records. Step 2: the maximum of those per-loan values across all of the customer's previous Home Credit applications.",credit_card_balance.group_by(SK_ID_PREV).min(CNT_DRAWINGS_POS_CURRENT) → join onto previous_application → .group_by(SK_ID_CURR).max(),False,82.7876,82.7876,46,0.193029,1.475212,0.0,0.0,0.0,0.0,0.0,5.0,78.0,16.316,0.01524,0.07516,False,
PREV_CC_SK_DPD_DEF_MEAN_MIN,False,656,6.904e-05,CC,credit_card_balance,SK_DPD_DEF,Float64,"Two-level roll-up of `SK_DPD_DEF` from the credit_card_balance ledger — dPD (Days past due) during the month with tolerance (debts with low loan amounts are ignored) of the previous credit. Step 1: per prior loan, the average of `SK_DPD_DEF` over that loan's monthly credit-card records. Step 2: the minimum of those per-loan values across all of the customer's previous Home Credit applications.",credit_card_balance.group_by(SK_ID_PREV).mean(SK_DPD_DEF) → join onto previous_application → .group_by(SK_ID_CURR).min(),False,74.6565,74.6565,1362,0.027151,0.328712,0.0,0.0,0.0,0.0,0.0,0.583333,63.857143,22.118,0.02246,0.07745,False,
PREV_CC_AMT_DRAWINGS_OTHER_CURRENT_MAX_MEAN,False,657,6.834e-05,CC,credit_card_balance,AMT_DRAWINGS_OTHER_CURRENT,Float64,"Two-level roll-up of `AMT_DRAWINGS_OTHER_CURRENT` from the credit_card_balance ledger — amount of other drawings during the month of the previous credit. Step 1: per prior loan, the maximum of `AMT_DRAWINGS_OTHER_CURRENT` over that loan's monthly credit-card records. Step 2: the average of those per-loan values across all of the customer's previous Home Credit applications.",credit_card_balance.group_by(SK_ID_PREV).max(AMT_DRAWINGS_OTHER_CURRENT) → join onto previous_application → .group_by(SK_ID_CURR).mean(),False,82.7876,82.7876,1269,10683.480601,53115.019604,0.0,0.0,0.0,0.0,0.0,262080.0,1529847.0,15.757,0.00168,0.07516,False,
PREV_POS_COMPLETED_MONTHS_SUM,False,658,6.817e-05,POS,POS_CASH_balance,POS_COMPLETED_MONTHS,UInt32,"The total, across the customer's previous Home Credit applications, of a per-loan derived metric: the number of monthly records with contract status 'Completed', computed over that loan's POS/cash ledger.",per-SK_ID_PREV `POS_COMPLETED_MONTHS` (see features.aggregate_pos_cash_by_prev) → .group_by(SK_ID_CURR).sum(),True,5.3507,0.0,41,1.918712,2.576319,0.0,0.0,1.0,1.0,3.0,8.0,65.0,17.756,-0.02165,0.05956,False,
PREV_CC_AMT_CREDIT_LIMIT_ACTUAL_MIN_MAX,False,659,6.802e-05,CC,credit_card_balance,AMT_CREDIT_LIMIT_ACTUAL,Int64,"Two-level roll-up of `AMT_CREDIT_LIMIT_ACTUAL` from the credit_card_balance ledger — credit card limit during the month of the previous credit. Step 1: per prior loan, the minimum of `AMT_CREDIT_LIMIT_ACTUAL` over that loan's monthly credit-card records. Step 2: the maximum of those per-loan values across all of the customer's previous Home Credit applications.",credit_card_balance.group_by(SK_ID_PREV).min(AMT_CREDIT_LIMIT_ACTUAL) → join onto previous_application → .group_by(SK_ID_CURR).max(),False,74.6565,74.6565,162,164222.399723,208380.557194,0.0,0.0,45000.0,67500.0,225000.0,900000.0,1350000.0,5.37,-0.00907,0.07745,False,
PREV_NAME_YIELD_GROUP_NUNIQUE,False,660,6.799e-05,PREV,previous_application,NAME_YIELD_GROUP,UInt32,Number of distinct `NAME_YIELD_GROUP` values across the customer's previous Home Credit applications (5 distinct values exist in the source table). Source column: grouped interest rate into small medium and high of the previous application,previous_application.group_by(SK_ID_CURR).n_unique(NAME_YIELD_GROUP),True,5.3507,0.0,6,2.339012,1.220754,0.0,0.0,1.0,2.0,3.0,5.0,5.0,5.351,-0.00763,0.05956,False,
PREV_CC_CNT_DRAWINGS_POS_CURRENT_SUM_MIN,False,661,6.732e-05,CC,credit_card_balance,CNT_DRAWINGS_POS_CURRENT,Float64,"Two-level roll-up of `CNT_DRAWINGS_POS_CURRENT` from the credit_card_balance ledger — number of drawings for goods during this month on the previous credit. Step 1: per prior loan, the total of `CNT_DRAWINGS_POS_CURRENT` over that loan's monthly credit-card records. Step 2: the minimum of those per-loan values across all of the customer's previous Home Credit applications.",credit_card_balance.group_by(SK_ID_PREV).sum(CNT_DRAWINGS_POS_CURRENT) → join onto previous_application → .group_by(SK_ID_CURR).min(),False,74.6565,74.6565,532,17.775951,51.001034,0.0,0.0,0.0,0.0,11.0,232.0,2298.0,14.857,0.03587,0.07745,False,
PREV_POS_SK_DPD_MAX_MIN,False,662,6.656e-05,POS,POS_CASH_balance,SK_DPD,Int64,"Two-level roll-up of `SK_DPD` from the POS_CASH_balance ledger — dPD (days past due) during the month of previous credit. Step 1: per prior loan, the maximum of `SK_DPD` over that loan's monthly POS/cash records. Step 2: the minimum of those per-loan values across all of the customer's previous Home Credit applications.",POS_CASH_balance.group_by(SK_ID_PREV).max(SK_DPD) → join onto previous_application → .group_by(SK_ID_CURR).min(),False,6.6807,6.6807,638,2.844944,66.198065,0.0,0.0,0.0,0.0,0.0,14.0,2664.0,90.36,0.00544,0.06946,False,
PREV_CC_CNT_DRAWINGS_POS_CURRENT_MIN_MIN,False,663,6.532e-05,CC,credit_card_balance,CNT_DRAWINGS_POS_CURRENT,Float64,"Two-level roll-up of `CNT_DRAWINGS_POS_CURRENT` from the credit_card_balance ledger — number of drawings for goods during this month on the previous credit. Step 1: per prior loan, the minimum of `CNT_DRAWINGS_POS_CURRENT` over that loan's monthly credit-card records. Step 2: the minimum of those per-loan values across all of the customer's previous Home Credit applications.",credit_card_balance.group_by(SK_ID_PREV).min(CNT_DRAWINGS_POS_CURRENT) → join onto previous_application → .group_by(SK_ID_CURR).min(),False,82.7876,82.7876,46,0.191253,1.467393,0.0,0.0,0.0,0.0,0.0,5.0,78.0,16.324,0.01549,0.07516,False,
PREV_NAME_CONTRACT_STATUS_NUNIQUE,False,664,6.478e-05,PREV,previous_application,NAME_CONTRACT_STATUS,UInt32,"Number of distinct `NAME_CONTRACT_STATUS` values across the customer's previous Home Credit applications (4 distinct values exist in the source table). Source column: contract status (approved, cancelled, ...) of previous application",previous_application.group_by(SK_ID_CURR).n_unique(NAME_CONTRACT_STATUS),True,5.3507,0.0,5,1.69138,0.878782,0.0,0.0,1.0,2.0,2.0,4.0,4.0,5.351,0.04109,0.05956,False,
BUREAU_L730D_CREDIT_DAY_OVERDUE_MEAN,False,665,6.34e-05,BUREAU_L730D,bureau,CREDIT_DAY_OVERDUE,Float64,The average of `CREDIT_DAY_OVERDUE` over bureau records within the last 730 days (`DAYS_CREDIT` >= -730). Source column: number of days past due on CB credit at the time of application for related loan in our sample,bureau.filter(DAYS_CREDIT >= -730).group_by(SK_ID_CURR).mean(CREDIT_DAY_OVERDUE),False,31.8353,31.8353,530,0.174608,4.193614,0.0,0.0,0.0,0.0,0.0,0.0,652.0,67.573,0.01919,0.07608,False,
PREV_CC_AMT_PAYMENT_CURRENT_MEAN_SUM,False,666,6.186e-05,CC,credit_card_balance,AMT_PAYMENT_CURRENT,Float64,"Two-level roll-up of `AMT_PAYMENT_CURRENT` from the credit_card_balance ledger — how much did the client pay during the month on the previous credit. Step 1: per prior loan, the average of `AMT_PAYMENT_CURRENT` over that loan's monthly credit-card records. Step 2: the total of those per-loan values across all of the customer's previous Home Credit applications.",credit_card_balance.group_by(SK_ID_PREV).mean(AMT_PAYMENT_CURRENT) → join onto previous_application → .group_by(SK_ID_CURR).sum(),True,5.3507,0.0,48604,3457.632128,14554.927492,0.0,0.0,0.0,0.0,0.0,58499.535937,1125000.0,82.854,0.01985,0.05956,False,
FONDKAPREMONT_MODE,False,667,6.141e-05,DRIVER,application_train,FONDKAPREMONT_MODE,String,"Normalized information about building where the client lives, What is average (_AVG suffix), modus (_MODE suffix), median (_MEDI suffix) apartment size, common area, living area, age of building, number of elevators, number of entrances, state of the building, number of floor",taken directly from application_train (no aggregation),False,68.3862,68.3862,5,,,,,,,,,,,,,False,(null)=68.386%(dr 0.08619); reg oper account=24.009%(dr 0.06978); reg oper spec account=3.928%(dr 0.06556); not specified=1.849%(dr 0.07544); org spec account=1.827%(dr 0.0582)
PREV_CC_AMT_RECEIVABLE_PRINCIPAL_MEAN_SUM,False,668,6.139e-05,CC,credit_card_balance,AMT_RECEIVABLE_PRINCIPAL,Float64,"Two-level roll-up of `AMT_RECEIVABLE_PRINCIPAL` from the credit_card_balance ledger — amount receivable for principal on the previous credit. Step 1: per prior loan, the average of `AMT_RECEIVABLE_PRINCIPAL` over that loan's monthly credit-card records. Step 2: the total of those per-loan values across all of the customer's previous Home Credit applications.",credit_card_balance.group_by(SK_ID_PREV).mean(AMT_RECEIVABLE_PRINCIPAL) → join onto previous_application → .group_by(SK_ID_CURR).sum(),True,5.3507,0.0,50746,18491.783889,63760.793253,-2930.232558,0.0,0.0,0.0,0.0,333066.917812,884547.880714,83.384,0.04951,0.05956,False,
PREV_CC_AMT_RECIVABLE_MAX_MIN,False,669,6.129e-05,CC,credit_card_balance,AMT_RECIVABLE,Float64,"Two-level roll-up of `AMT_RECIVABLE` from the credit_card_balance ledger — amount receivable on the previous credit. Step 1: per prior loan, the maximum of `AMT_RECIVABLE` over that loan's monthly credit-card records. Step 2: the minimum of those per-loan values across all of the customer's previous Home Credit applications.",credit_card_balance.group_by(SK_ID_PREV).max(AMT_RECIVABLE) → join onto previous_application → .group_by(SK_ID_CURR).min(),False,74.6565,74.6565,48720,146293.375347,178810.523616,0.0,0.0,0.0,95543.415,207405.72,796590.09,1354829.265,8.644,0.06834,0.07745,False,
PREV_CC_AMT_DRAWINGS_CURRENT_SUM_MAX,False,670,6.067e-05,CC,credit_card_balance,AMT_DRAWINGS_CURRENT,Float64,"Two-level roll-up of `AMT_DRAWINGS_CURRENT` from the credit_card_balance ledger — amount drawing during the month of the previous credit. Step 1: per prior loan, the total of `AMT_DRAWINGS_CURRENT` over that loan's monthly credit-card records. Step 2: the maximum of those per-loan values across all of the customer's previous Home Credit applications.",credit_card_balance.group_by(SK_ID_PREV).sum(AMT_DRAWINGS_CURRENT) → join onto previous_application → .group_by(SK_ID_CURR).max(),False,74.6565,74.6565,37295,283914.199819,455295.425266,0.0,0.0,0.0,152378.145,375750.0,1921162.5,18469299.195,8.17,0.02251,0.07745,False,
PREV_INST_NUM_INSTALMENT_NUMBER_MIN_SUM,False,671,6.04e-05,INST,installments_payments,NUM_INSTALMENT_NUMBER,Int64,"Two-level roll-up of `NUM_INSTALMENT_NUMBER` from the installments_payments ledger — on which installment we observe payment. Step 1: per prior loan, the minimum of `NUM_INSTALMENT_NUMBER` over that loan's monthly installment records. Step 2: the total of those per-loan values across all of the customer's previous Home Credit applications.",installments_payments.group_by(SK_ID_PREV).min(NUM_INSTALMENT_NUMBER) → join onto previous_application → .group_by(SK_ID_CURR).sum(),True,5.3507,0.0,26,2.668887,2.023576,0.0,0.0,1.0,2.0,4.0,9.0,25.0,5.888,-0.02929,0.05956,False,
PREV_CC_AMT_RECEIVABLE_PRINCIPAL_MAX_SUM,False,672,5.992e-05,CC,credit_card_balance,AMT_RECEIVABLE_PRINCIPAL,Float64,"Two-level roll-up of `AMT_RECEIVABLE_PRINCIPAL` from the credit_card_balance ledger — amount receivable for principal on the previous credit. Step 1: per prior loan, the maximum of `AMT_RECEIVABLE_PRINCIPAL` over that loan's monthly credit-card records. Step 2: the total of those per-loan values across all of the customer's previous Home Credit applications.",credit_card_balance.group_by(SK_ID_PREV).max(AMT_RECEIVABLE_PRINCIPAL) → join onto previous_application → .group_by(SK_ID_CURR).sum(),True,5.3507,0.0,39607,35863.124156,106762.078357,0.0,0.0,0.0,0.0,0.0,494835.165,1354829.265,83.394,0.04055,0.05956,False,
PREV_CC_AMT_PAYMENT_CURRENT_MIN_MAX,False,673,5.979e-05,CC,credit_card_balance,AMT_PAYMENT_CURRENT,Float64,"Two-level roll-up of `AMT_PAYMENT_CURRENT` from the credit_card_balance ledger — how much did the client pay during the month on the previous credit. Step 1: per prior loan, the minimum of `AMT_PAYMENT_CURRENT` over that loan's monthly credit-card records. Step 2: the maximum of those per-loan values across all of the customer's previous Home Credit applications.",credit_card_balance.group_by(SK_ID_PREV).min(AMT_PAYMENT_CURRENT) → join onto previous_application → .group_by(SK_ID_CURR).max(),False,82.8162,82.8162,8641,2460.643614,12248.540324,0.0,0.0,0.0,0.0,1642.5,28530.99,1125000.0,10.499,0.00904,0.07529,False,
PREV_CC_AMT_RECEIVABLE_PRINCIPAL_MEAN_MIN,False,674,5.884e-05,CC,credit_card_balance,AMT_RECEIVABLE_PRINCIPAL,Float64,"Two-level roll-up of `AMT_RECEIVABLE_PRINCIPAL` from the credit_card_balance ledger — amount receivable for principal on the previous credit. Step 1: per prior loan, the average of `AMT_RECEIVABLE_PRINCIPAL` over that loan's monthly credit-card records. Step 2: the minimum of those per-loan values across all of the customer's previous Home Credit applications.",credit_card_balance.group_by(SK_ID_PREV).mean(AMT_RECEIVABLE_PRINCIPAL) → join onto previous_application → .group_by(SK_ID_CURR).min(),False,74.6565,74.6565,50592,72667.900345,109741.491749,-2930.232558,0.0,0.0,27291.259286,101767.200723,516387.1,884547.880714,8.778,0.08525,0.07745,False,
PREV_CC_CNT_DRAWINGS_OTHER_CURRENT_MEAN_MEAN,False,675,5.82e-05,CC,credit_card_balance,CNT_DRAWINGS_OTHER_CURRENT,Float64,"Two-level roll-up of `CNT_DRAWINGS_OTHER_CURRENT` from the credit_card_balance ledger — number of other drawings during this month on the previous credit. Step 1: per prior loan, the average of `CNT_DRAWINGS_OTHER_CURRENT` over that loan's monthly credit-card records. Step 2: the average of those per-loan values across all of the customer's previous Home Credit applications.",credit_card_balance.group_by(SK_ID_PREV).mean(CNT_DRAWINGS_OTHER_CURRENT) → join onto previous_application → .group_by(SK_ID_CURR).mean(),False,82.7876,82.7876,424,0.007689,0.050421,0.0,0.0,0.0,0.0,0.0,0.181818,2.0,15.752,0.01469,0.07516,False,
CC_L12M_SK_DPD_SUM,False,676,5.797e-05,CC_L12M,credit_card_balance,SK_DPD,Int64,The total of `SK_DPD` over credit_card_balance records within the last 12 months (`MONTHS_BALANCE` >= -12). Source column: dPD (Days past due) during the month on the previous credit,credit_card_balance.filter(MONTHS_BALANCE >= -12).group_by(SK_ID_CURR).sum(SK_DPD),True,71.7392,0.0,731,29.127221,653.18201,0.0,0.0,0.0,0.0,0.0,1.0,30873.0,98.894,-0.00309,0.07838,False,
PREV_NAME_CLIENT_TYPE_NUNIQUE,False,677,5.738e-05,PREV,previous_application,NAME_CLIENT_TYPE,UInt32,Number of distinct `NAME_CLIENT_TYPE` values across the customer's previous Home Credit applications (4 distinct values exist in the source table). Source column: was the client old or new client when applying for the previous application,previous_application.group_by(SK_ID_CURR).n_unique(NAME_CLIENT_TYPE),True,5.3507,0.0,5,1.741427,0.727907,0.0,0.0,1.0,2.0,2.0,3.0,4.0,5.351,0.00102,0.05956,False,
PREV_CC_CNT_INSTALMENT_MATURE_CUM_SUM_MIN,False,678,5.732e-05,CC,credit_card_balance,CNT_INSTALMENT_MATURE_CUM,Float64,"Two-level roll-up of `CNT_INSTALMENT_MATURE_CUM` from the credit_card_balance ledger — number of paid installments on the previous credit. Step 1: per prior loan, the total of `CNT_INSTALMENT_MATURE_CUM` over that loan's monthly credit-card records. Step 2: the minimum of those per-loan values across all of the customer's previous Home Credit applications.",credit_card_balance.group_by(SK_ID_PREV).sum(CNT_INSTALMENT_MATURE_CUM) → join onto previous_application → .group_by(SK_ID_CURR).min(),False,74.6565,74.6565,3625,477.265327,940.932452,0.0,0.0,0.0,35.0,341.0,3843.0,4560.0,8.708,-0.03331,0.07745,False,
PREV_CC_AMT_PAYMENT_CURRENT_SUM_SUM,False,679,5.623e-05,CC,credit_card_balance,AMT_PAYMENT_CURRENT,Float64,"Two-level roll-up of `AMT_PAYMENT_CURRENT` from the credit_card_balance ledger — how much did the client pay during the month on the previous credit. Step 1: per prior loan, the total of `AMT_PAYMENT_CURRENT` over that loan's monthly credit-card records. Step 2: the total of those per-loan values across all of the customer's previous Home Credit applications.",credit_card_balance.group_by(SK_ID_PREV).sum(AMT_PAYMENT_CURRENT) → join onto previous_application → .group_by(SK_ID_CURR).sum(),True,5.3507,0.0,46146,73556.701493,267752.928326,0.0,0.0,0.0,0.0,0.0,1202562.81,19347594.795,82.854,0.00744,0.05956,False,
REG_CITY_NOT_WORK_CITY,False,680,5.6e-05,DRIVER,application_train,REG_CITY_NOT_WORK_CITY,Int64,"Flag if client's permanent address does not match work address (1=different, 0=same, at city level)",taken directly from application_train (no aggregation),False,0.0,0.0,2,0.230454,0.421124,0.0,0.0,0.0,0.0,0.0,1.0,1.0,76.955,0.05099,,False,
PREV_CC_AMT_DRAWINGS_POS_CURRENT_SUM_MIN,False,681,5.545e-05,CC,credit_card_balance,AMT_DRAWINGS_POS_CURRENT,Float64,"Two-level roll-up of `AMT_DRAWINGS_POS_CURRENT` from the credit_card_balance ledger — amount drawing or buying goods during the month of the previous credit. Step 1: per prior loan, the total of `AMT_DRAWINGS_POS_CURRENT` over that loan's monthly credit-card records. Step 2: the minimum of those per-loan values across all of the customer's previous Home Credit applications.",credit_card_balance.group_by(SK_ID_PREV).sum(AMT_DRAWINGS_POS_CURRENT) → join onto previous_application → .group_by(SK_ID_CURR).min(),False,74.6565,74.6565,30074,93750.382871,309927.835912,0.0,0.0,0.0,0.0,72166.5,1165053.78,18372909.195,14.857,-0.00665,0.07745,False,
PREV_CC_COUNT_MEAN,False,682,5.503e-05,CC,credit_card_balance,,Float64,"The average, across the customer's previous Home Credit applications, of the number of monthly credit-card ledger records a prior loan has. A null means the customer has no prior loan with any credit-card history.",credit_card_balance.group_by(SK_ID_PREV).len() → join onto previous_application → .group_by(SK_ID_CURR).mean(),False,74.6565,74.6565,146,30.094826,28.465887,1.0,2.0,9.0,18.0,40.0,95.0,96.0,0.0,-0.04937,0.07745,False,
PREV_CC_AMT_CREDIT_LIMIT_ACTUAL_MAX_MIN,False,683,5.418e-05,CC,credit_card_balance,AMT_CREDIT_LIMIT_ACTUAL,Int64,"Two-level roll-up of `AMT_CREDIT_LIMIT_ACTUAL` from the credit_card_balance ledger — credit card limit during the month of the previous credit. Step 1: per prior loan, the maximum of `AMT_CREDIT_LIMIT_ACTUAL` over that loan's monthly credit-card records. Step 2: the minimum of those per-loan values across all of the customer's previous Home Credit applications.",credit_card_balance.group_by(SK_ID_PREV).max(AMT_CREDIT_LIMIT_ACTUAL) → join onto previous_application → .group_by(SK_ID_CURR).min(),False,74.6565,74.6565,55,262405.015783,207864.892638,0.0,0.0,135000.0,180000.0,360000.0,900000.0,1350000.0,0.296,-0.02103,0.07745,False,
PREV_INST_NUM_INSTALMENT_VERSION_MAX_MIN,False,684,5.397e-05,INST,installments_payments,NUM_INSTALMENT_VERSION,Float64,"Two-level roll-up of `NUM_INSTALMENT_VERSION` from the installments_payments ledger — version of installment calendar (0 is for credit card) of previous credit. Change of installment version from month to month signifies that some parameter of payment calendar has changed. Step 1: per prior loan, the maximum of `NUM_INSTALMENT_VERSION` over that loan's monthly installment records. Step 2: the minimum of those per-loan values across all of the customer's previous Home Credit applications.",installments_payments.group_by(SK_ID_PREV).max(NUM_INSTALMENT_VERSION) → join onto previous_application → .group_by(SK_ID_CURR).min(),False,5.8876,5.8876,36,1.068136,0.933443,0.0,0.0,1.0,1.0,1.0,4.0,44.0,17.28,-0.01547,0.06214,False,
PREV_CC_AMT_RECIVABLE_MEAN_MEAN,False,685,5.374e-05,CC,credit_card_balance,AMT_RECIVABLE,Float64,"Two-level roll-up of `AMT_RECIVABLE` from the credit_card_balance ledger — amount receivable on the previous credit. Step 1: per prior loan, the average of `AMT_RECIVABLE` over that loan's monthly credit-card records. Step 2: the average of those per-loan values across all of the customer's previous Home Credit applications.",credit_card_balance.group_by(SK_ID_PREV).mean(AMT_RECIVABLE) → join onto previous_application → .group_by(SK_ID_CURR).mean(),False,74.6565,74.6565,51341,75101.100475,112968.124431,-2930.232558,0.0,0.0,28552.5075,105342.035625,530885.922,913096.639286,8.57,0.08596,0.07745,False,
PREV_CC_MONTHS_BALANCE_MEAN_MIN,False,686,5.331e-05,CC,credit_card_balance,MONTHS_BALANCE,Float64,"Two-level roll-up of `MONTHS_BALANCE` from the credit_card_balance ledger — month of balance relative to application date (-1 means the freshest balance date). Step 1: per prior loan, the average of `MONTHS_BALANCE` over that loan's monthly credit-card records. Step 2: the minimum of those per-loan values across all of the customer's previous Home Credit applications.",credit_card_balance.group_by(SK_ID_PREV).mean(MONTHS_BALANCE) → join onto previous_application → .group_by(SK_ID_CURR).min(),False,74.6565,74.6565,107,-16.095574,14.265595,-50.0,-48.0,-21.0,-10.0,-5.5,-2.0,-1.0,0.0,0.0505,0.07745,False,
PREV_CC_AMT_PAYMENT_TOTAL_CURRENT_MAX_MAX,False,687,5.312e-05,CC,credit_card_balance,AMT_PAYMENT_TOTAL_CURRENT,Float64,"Two-level roll-up of `AMT_PAYMENT_TOTAL_CURRENT` from the credit_card_balance ledger — how much did the client pay during the month in total on the previous credit. Step 1: per prior loan, the maximum of `AMT_PAYMENT_TOTAL_CURRENT` over that loan's monthly credit-card records. Step 2: the maximum of those per-loan values across all of the customer's previous Home Credit applications.",credit_card_balance.group_by(SK_ID_PREV).max(AMT_PAYMENT_TOTAL_CURRENT) → join onto previous_application → .group_by(SK_ID_CURR).max(),False,74.6565,74.6565,29036,83225.390434,140457.632489,0.0,0.0,0.0,22500.0,108450.0,664551.0,4278315.69,8.201,0.02701,0.07745,False,
PREV_CC_AMT_INST_MIN_REGULARITY_MEAN_MAX,False,688,5.207e-05,CC,credit_card_balance,AMT_INST_MIN_REGULARITY,Float64,"Two-level roll-up of `AMT_INST_MIN_REGULARITY` from the credit_card_balance ledger — minimal installment for this month of the previous credit. Step 1: per prior loan, the average of `AMT_INST_MIN_REGULARITY` over that loan's monthly credit-card records. Step 2: the maximum of those per-loan values across all of the customer's previous Home Credit applications.",credit_card_balance.group_by(SK_ID_PREV).mean(AMT_INST_MIN_REGULARITY) → join onto previous_application → .group_by(SK_ID_CURR).max(),False,74.6565,74.6565,49525,3744.418021,5354.055028,0.0,0.0,0.0,1719.286364,5330.003824,24284.73,43014.126429,8.659,0.07437,0.07745,False,
PREV_CC_MONTHS_BALANCE_MEAN_SUM,False,689,5.181e-05,CC,credit_card_balance,MONTHS_BALANCE,Float64,"Two-level roll-up of `MONTHS_BALANCE` from the credit_card_balance ledger — month of balance relative to application date (-1 means the freshest balance date). Step 1: per prior loan, the average of `MONTHS_BALANCE` over that loan's monthly credit-card records. Step 2: the total of those per-loan values across all of the customer's previous Home Credit applications.",credit_card_balance.group_by(SK_ID_PREV).mean(MONTHS_BALANCE) → join onto previous_application → .group_by(SK_ID_CURR).sum(),True,5.3507,0.0,127,-4.084473,10.043683,-63.5,-46.5,-2.0,0.0,0.0,0.0,0.0,74.657,0.00663,0.05956,False,
PREV_POS_CNT_INSTALMENT_FUTURE_MIN_MIN,False,690,5.172e-05,POS,POS_CASH_balance,CNT_INSTALMENT_FUTURE,Float64,"Two-level roll-up of `CNT_INSTALMENT_FUTURE` from the POS_CASH_balance ledger — installments left to pay on the previous credit. Step 1: per prior loan, the minimum of `CNT_INSTALMENT_FUTURE` over that loan's monthly POS/cash records. Step 2: the minimum of those per-loan values across all of the customer's previous Home Credit applications.",POS_CASH_balance.group_by(SK_ID_PREV).min(CNT_INSTALMENT_FUTURE) → join onto previous_application → .group_by(SK_ID_CURR).min(),False,6.6911,6.6911,62,0.618391,2.95725,0.0,0.0,0.0,0.0,0.0,15.0,60.0,83.819,0.01795,0.06969,False,
PREV_CC_AMT_PAYMENT_TOTAL_CURRENT_MEAN_SUM,False,691,5.103e-05,CC,credit_card_balance,AMT_PAYMENT_TOTAL_CURRENT,Float64,"Two-level roll-up of `AMT_PAYMENT_TOTAL_CURRENT` from the credit_card_balance ledger — how much did the client pay during the month in total on the previous credit. Step 1: per prior loan, the average of `AMT_PAYMENT_TOTAL_CURRENT` over that loan's monthly credit-card records. Step 2: the total of those per-loan values across all of the customer's previous Home Credit applications.",credit_card_balance.group_by(SK_ID_PREV).mean(AMT_PAYMENT_TOTAL_CURRENT) → join onto previous_application → .group_by(SK_ID_CURR).sum(),True,5.3507,0.0,50284,2841.538909,12561.128812,0.0,0.0,0.0,0.0,0.0,49349.043,1125000.0,82.857,0.01683,0.05956,False,
PREV_CC_AMT_DRAWINGS_POS_CURRENT_MIN_MIN,False,692,5.071e-05,CC,credit_card_balance,AMT_DRAWINGS_POS_CURRENT,Float64,"Two-level roll-up of `AMT_DRAWINGS_POS_CURRENT` from the credit_card_balance ledger — amount drawing or buying goods during the month of the previous credit. Step 1: per prior loan, the minimum of `AMT_DRAWINGS_POS_CURRENT` over that loan's monthly credit-card records. Step 2: the minimum of those per-loan values across all of the customer's previous Home Credit applications.",credit_card_balance.group_by(SK_ID_PREV).min(AMT_DRAWINGS_POS_CURRENT) → join onto previous_application → .group_by(SK_ID_CURR).min(),False,82.7876,82.7876,2468,705.186782,8209.190299,0.0,0.0,0.0,0.0,0.0,15967.98,720177.435,16.324,-0.0073,0.07516,False,
PREV_CC_AMT_CREDIT_LIMIT_ACTUAL_MAX_MAX,False,693,5.048e-05,CC,credit_card_balance,AMT_CREDIT_LIMIT_ACTUAL,Int64,"Two-level roll-up of `AMT_CREDIT_LIMIT_ACTUAL` from the credit_card_balance ledger — credit card limit during the month of the previous credit. Step 1: per prior loan, the maximum of `AMT_CREDIT_LIMIT_ACTUAL` over that loan's monthly credit-card records. Step 2: the maximum of those per-loan values across all of the customer's previous Home Credit applications.",credit_card_balance.group_by(SK_ID_PREV).max(AMT_CREDIT_LIMIT_ACTUAL) → join onto previous_application → .group_by(SK_ID_CURR).max(),False,74.6565,74.6565,55,263178.400955,207999.181968,0.0,0.0,135000.0,180000.0,360000.0,900000.0,1350000.0,0.284,-0.02078,0.07745,False,
PREV_CC_AMT_BALANCE_MIN_MAX,False,694,5.015e-05,CC,credit_card_balance,AMT_BALANCE,Float64,"Two-level roll-up of `AMT_BALANCE` from the credit_card_balance ledger — balance during the month of previous credit. Step 1: per prior loan, the minimum of `AMT_BALANCE` over that loan's monthly credit-card records. Step 2: the maximum of those per-loan values across all of the customer's previous Home Credit applications.",credit_card_balance.group_by(SK_ID_PREV).min(AMT_BALANCE) → join onto previous_application → .group_by(SK_ID_CURR).max(),False,74.6565,74.6565,11319,11991.014376,47558.984279,-420250.185,0.0,0.0,0.0,0.0,233865.72,869873.535,21.359,0.06373,0.07745,False,
PREV_NAME_PAYMENT_TYPE_Non_cash_from_your_account_RATE,False,695,4.967e-05,PREV,previous_application,NAME_PAYMENT_TYPE,Float64,"Share of the customer's previous Home Credit applications whose `NAME_PAYMENT_TYPE` equals ""Non-cash from your account"" (0 = never, 1 = always). Source column: payment method that client chose to pay for the previous application",previous_application.group_by(SK_ID_CURR).mean(NAME_PAYMENT_TYPE == 'Non-cash from your account'),True,5.3507,0.0,99,0.005781,0.054986,0.0,0.0,0.0,0.0,0.0,0.2,1.0,98.139,0.00025,0.05956,False,
PREV_CC_AMT_DRAWINGS_POS_CURRENT_SUM_SUM,False,696,4.965e-05,CC,credit_card_balance,AMT_DRAWINGS_POS_CURRENT,Float64,"Two-level roll-up of `AMT_DRAWINGS_POS_CURRENT` from the credit_card_balance ledger — amount drawing or buying goods during the month of the previous credit. Step 1: per prior loan, the total of `AMT_DRAWINGS_POS_CURRENT` over that loan's monthly credit-card records. Step 2: the total of those per-loan values across all of the customer's previous Home Credit applications.",credit_card_balance.group_by(SK_ID_PREV).sum(AMT_DRAWINGS_POS_CURRENT) → join onto previous_application → .group_by(SK_ID_CURR).sum(),True,5.3507,0.0,30191,23888.006496,161859.342467,0.0,0.0,0.0,0.0,0.0,537258.015,18372909.195,89.471,0.00122,0.05956,False,
PREV_CC_CNT_INSTALMENT_MATURE_CUM_MEAN_MAX,False,697,4.926e-05,CC,credit_card_balance,CNT_INSTALMENT_MATURE_CUM,Float64,"Two-level roll-up of `CNT_INSTALMENT_MATURE_CUM` from the credit_card_balance ledger — number of paid installments on the previous credit. Step 1: per prior loan, the average of `CNT_INSTALMENT_MATURE_CUM` over that loan's monthly credit-card records. Step 2: the maximum of those per-loan values across all of the customer's previous Home Credit applications.",credit_card_balance.group_by(SK_ID_PREV).mean(CNT_INSTALMENT_MATURE_CUM) → join onto previous_application → .group_by(SK_ID_CURR).max(),False,74.6565,74.6565,9866,8.02229,11.271136,0.0,0.0,0.0,3.111111,11.0,43.166667,48.0,8.659,-0.0163,0.07745,False,
PREV_CC_AMT_INST_MIN_REGULARITY_SUM_MIN,False,698,4.876e-05,CC,credit_card_balance,AMT_INST_MIN_REGULARITY,Float64,"Two-level roll-up of `AMT_INST_MIN_REGULARITY` from the credit_card_balance ledger — minimal installment for this month of the previous credit. Step 1: per prior loan, the total of `AMT_INST_MIN_REGULARITY` over that loan's monthly credit-card records. Step 2: the minimum of those per-loan values across all of the customer's previous Home Credit applications.",credit_card_balance.group_by(SK_ID_PREV).sum(AMT_INST_MIN_REGULARITY) → join onto previous_application → .group_by(SK_ID_CURR).min(),False,74.6565,74.6565,48481,108919.458259,166959.460277,0.0,0.0,0.0,30345.075,151696.305,718102.125,2025557.325,8.708,0.01061,0.07745,False,
PREV_CC_CNT_INSTALMENT_MATURE_CUM_MAX_MAX,False,699,4.824e-05,CC,credit_card_balance,CNT_INSTALMENT_MATURE_CUM,Float64,"Two-level roll-up of `CNT_INSTALMENT_MATURE_CUM` from the credit_card_balance ledger — number of paid installments on the previous credit. Step 1: per prior loan, the maximum of `CNT_INSTALMENT_MATURE_CUM` over that loan's monthly credit-card records. Step 2: the maximum of those per-loan values across all of the customer's previous Home Credit applications.",credit_card_balance.group_by(SK_ID_PREV).max(CNT_INSTALMENT_MATURE_CUM) → join onto previous_application → .group_by(SK_ID_CURR).max(),False,74.6565,74.6565,97,13.43125,18.586742,0.0,0.0,0.0,6.0,18.0,81.0,95.0,8.659,-0.00668,0.07745,False,
BUREAU_CREDIT_DAY_OVERDUE_MAX,False,700,4.78e-05,BUREAU,bureau,CREDIT_DAY_OVERDUE,Int64,The maximum of `CREDIT_DAY_OVERDUE` across the customer's credit-bureau records (loans at other institutions). Source column: number of days past due on CB credit at the time of application for related loan in our sample,bureau.group_by(SK_ID_CURR).max(CREDIT_DAY_OVERDUE),False,14.3149,14.3149,869,4.772759,89.141274,0.0,0.0,0.0,0.0,0.0,17.0,2792.0,84.58,0.00549,0.10125,False,
FLAG_DOCUMENT_8,False,701,4.717e-05,DRIVER,application_train,FLAG_DOCUMENT_8,Int64,Did client provide document 8,taken directly from application_train (no aggregation),False,0.0,0.0,2,0.081376,0.273412,0.0,0.0,0.0,0.0,0.0,1.0,1.0,91.862,-0.00804,,False,
PREV_CC_AMT_RECIVABLE_MEAN_MAX,False,702,4.679e-05,CC,credit_card_balance,AMT_RECIVABLE,Float64,"Two-level roll-up of `AMT_RECIVABLE` from the credit_card_balance ledger — amount receivable on the previous credit. Step 1: per prior loan, the average of `AMT_RECIVABLE` over that loan's monthly credit-card records. Step 2: the maximum of those per-loan values across all of the customer's previous Home Credit applications.",credit_card_balance.group_by(SK_ID_PREV).mean(AMT_RECIVABLE) → join onto previous_application → .group_by(SK_ID_CURR).max(),False,74.6565,74.6565,51340,75227.746928,113037.680324,-2930.232558,0.0,0.0,28659.086471,105658.925625,530885.922,913096.639286,8.57,0.08614,0.07745,False,
PREV_CC_AMT_RECEIVABLE_PRINCIPAL_MEAN_MEAN,False,703,4.658e-05,CC,credit_card_balance,AMT_RECEIVABLE_PRINCIPAL,Float64,"Two-level roll-up of `AMT_RECEIVABLE_PRINCIPAL` from the credit_card_balance ledger — amount receivable for principal on the previous credit. Step 1: per prior loan, the average of `AMT_RECEIVABLE_PRINCIPAL` over that loan's monthly credit-card records. Step 2: the average of those per-loan values across all of the customer's previous Home Credit applications.",credit_card_balance.group_by(SK_ID_PREV).mean(AMT_RECEIVABLE_PRINCIPAL) → join onto previous_application → .group_by(SK_ID_CURR).mean(),False,74.6565,74.6565,50746,72791.169479,109724.405572,-2930.232558,0.0,0.0,27589.653,101939.765745,516387.1,884547.880714,8.728,0.08549,0.07745,False,
PREV_CC_AMT_DRAWINGS_ATM_CURRENT_MAX_MAX,False,704,4.653e-05,CC,credit_card_balance,AMT_DRAWINGS_ATM_CURRENT,Float64,"Two-level roll-up of `AMT_DRAWINGS_ATM_CURRENT` from the credit_card_balance ledger — amount drawing at ATM during the month of the previous credit. Step 1: per prior loan, the maximum of `AMT_DRAWINGS_ATM_CURRENT` over that loan's monthly credit-card records. Step 2: the maximum of those per-loan values across all of the customer's previous Home Credit applications.",credit_card_balance.group_by(SK_ID_PREV).max(AMT_DRAWINGS_ATM_CURRENT) → join onto previous_application → .group_by(SK_ID_CURR).max(),False,82.7876,82.7876,1238,112578.479078,111387.963439,0.0,0.0,37350.0,90000.0,157500.0,495000.0,2115000.0,2.602,0.01542,0.07516,False,
PREV_CC_AMT_BALANCE_SUM_MAX,False,705,4.631e-05,CC,credit_card_balance,AMT_BALANCE,Float64,"Two-level roll-up of `AMT_BALANCE` from the credit_card_balance ledger — balance during the month of previous credit. Step 1: per prior loan, the total of `AMT_BALANCE` over that loan's monthly credit-card records. Step 2: the maximum of those per-loan values across all of the customer's previous Home Credit applications.",credit_card_balance.group_by(SK_ID_PREV).sum(AMT_BALANCE) → join onto previous_application → .group_by(SK_ID_CURR).max(),False,74.6565,74.6565,50934,2043153.445231,3122621.584513,-126000.0,0.0,0.0,622692.63,2813626.8,13685357.205,29492116.245,8.538,0.02403,0.07745,False,
PREV_CC_AMT_RECIVABLE_MEAN_MIN,False,706,4.478e-05,CC,credit_card_balance,AMT_RECIVABLE,Float64,"Two-level roll-up of `AMT_RECIVABLE` from the credit_card_balance ledger — amount receivable on the previous credit. Step 1: per prior loan, the average of `AMT_RECIVABLE` over that loan's monthly credit-card records. Step 2: the minimum of those per-loan values across all of the customer's previous Home Credit applications.",credit_card_balance.group_by(SK_ID_PREV).mean(AMT_RECIVABLE) → join onto previous_application → .group_by(SK_ID_CURR).min(),False,74.6565,74.6565,51183,74974.507159,112986.110249,-2930.232558,0.0,0.0,28285.711071,105201.895714,530885.922,913096.639286,8.621,0.08572,0.07745,False,
CC_L12M_COUNT,False,707,4.468e-05,CC_L12M,credit_card_balance,,UInt32,Number of credit_card_balance records within the last 12 months (`MONTHS_BALANCE` >= -12) — a recent-activity volume signal.,credit_card_balance.filter(MONTHS_BALANCE >= -12).group_by(SK_ID_CURR).len(),True,71.7392,0.0,27,2.884456,4.802068,0.0,0.0,0.0,0.0,7.0,12.0,30.0,71.739,-0.019,0.07838,False,
PREV_CC_AMT_BALANCE_SUM_MIN,False,708,4.346e-05,CC,credit_card_balance,AMT_BALANCE,Float64,"Two-level roll-up of `AMT_BALANCE` from the credit_card_balance ledger — balance during the month of previous credit. Step 1: per prior loan, the total of `AMT_BALANCE` over that loan's monthly credit-card records. Step 2: the minimum of those per-loan values across all of the customer's previous Home Credit applications.",credit_card_balance.group_by(SK_ID_PREV).sum(AMT_BALANCE) → join onto previous_application → .group_by(SK_ID_CURR).min(),False,74.6565,74.6565,50793,2036332.508752,3121600.75213,-126000.0,0.0,0.0,614027.34,2798046.135,13685357.205,29492116.245,8.587,0.02384,0.07745,False,
PREV_CC_MONTHS_BALANCE_MAX_MEAN,False,709,4.308e-05,CC,credit_card_balance,MONTHS_BALANCE,Float64,"Two-level roll-up of `MONTHS_BALANCE` from the credit_card_balance ledger — month of balance relative to application date (-1 means the freshest balance date). Step 1: per prior loan, the maximum of `MONTHS_BALANCE` over that loan's monthly credit-card records. Step 2: the average of those per-loan values across all of the customer's previous Home Credit applications.",credit_card_balance.group_by(SK_ID_PREV).max(MONTHS_BALANCE) → join onto previous_application → .group_by(SK_ID_CURR).mean(),False,74.6565,74.6565,6,-1.50299,0.687661,-5.0,-4.0,-2.0,-1.0,-1.0,-1.0,-1.0,0.0,0.02896,0.07745,False,
BUREAU_L730D_CREDIT_DAY_OVERDUE_MAX,False,710,4.302e-05,BUREAU_L730D,bureau,CREDIT_DAY_OVERDUE,Int64,The maximum of `CREDIT_DAY_OVERDUE` over bureau records within the last 730 days (`DAYS_CREDIT` >= -730). Source column: number of days past due on CB credit at the time of application for related loan in our sample,bureau.filter(DAYS_CREDIT >= -730).group_by(SK_ID_CURR).max(CREDIT_DAY_OVERDUE),False,31.8353,31.8353,217,0.411208,8.435079,0.0,0.0,0.0,0.0,0.0,0.0,672.0,67.573,0.01978,0.07608,False,
PREV_CC_AMT_DRAWINGS_CURRENT_MEAN_SUM,False,711,4.182e-05,CC,credit_card_balance,AMT_DRAWINGS_CURRENT,Float64,"Two-level roll-up of `AMT_DRAWINGS_CURRENT` from the credit_card_balance ledger — amount drawing during the month of the previous credit. Step 1: per prior loan, the average of `AMT_DRAWINGS_CURRENT` over that loan's monthly credit-card records. Step 2: the total of those per-loan values across all of the customer's previous Home Credit applications.",credit_card_balance.group_by(SK_ID_PREV).mean(AMT_DRAWINGS_CURRENT) → join onto previous_application → .group_by(SK_ID_CURR).sum(),True,5.3507,0.0,44704,3894.042651,15597.632732,0.0,0.0,0.0,0.0,0.0,67500.0,1125000.0,82.827,0.03492,0.05956,False,
PREV_CC_AMT_RECIVABLE_MIN_MIN,False,712,4.139e-05,CC,credit_card_balance,AMT_RECIVABLE,Float64,"Two-level roll-up of `AMT_RECIVABLE` from the credit_card_balance ledger — amount receivable on the previous credit. Step 1: per prior loan, the minimum of `AMT_RECIVABLE` over that loan's monthly credit-card records. Step 2: the minimum of those per-loan values across all of the customer's previous Home Credit applications.",credit_card_balance.group_by(SK_ID_PREV).min(AMT_RECIVABLE) → join onto previous_application → .group_by(SK_ID_CURR).min(),False,74.6565,74.6565,16036,11536.053808,46699.604469,-420250.185,-3095.1,0.0,0.0,0.0,228135.78,855565.875,19.365,0.06284,0.07745,False,
BUREAU_L730D_CREDIT_DAY_OVERDUE_SUM,False,713,4.135e-05,BUREAU_L730D,bureau,CREDIT_DAY_OVERDUE,Int64,The total of `CREDIT_DAY_OVERDUE` over bureau records within the last 730 days (`DAYS_CREDIT` >= -730). Source column: number of days past due on CB credit at the time of application for related loan in our sample,bureau.filter(DAYS_CREDIT >= -730).group_by(SK_ID_CURR).sum(CREDIT_DAY_OVERDUE),True,31.8353,0.0,227,0.301069,7.745146,0.0,0.0,0.0,0.0,0.0,0.0,986.0,99.408,0.0231,0.07608,False,
PREV_CC_AMT_RECEIVABLE_PRINCIPAL_SUM_MEAN,False,714,4.118e-05,CC,credit_card_balance,AMT_RECEIVABLE_PRINCIPAL,Float64,"Two-level roll-up of `AMT_RECEIVABLE_PRINCIPAL` from the credit_card_balance ledger — amount receivable for principal on the previous credit. Step 1: per prior loan, the total of `AMT_RECEIVABLE_PRINCIPAL` over that loan's monthly credit-card records. Step 2: the average of those per-loan values across all of the customer's previous Home Credit applications.",credit_card_balance.group_by(SK_ID_PREV).sum(AMT_RECEIVABLE_PRINCIPAL) → join onto previous_application → .group_by(SK_ID_CURR).mean(),False,74.6565,74.6565,50018,1959292.467127,3002545.830385,-126000.0,0.0,0.0,594047.745,2688474.915,13155425.595,28641132.495,8.728,0.0236,0.07745,False,
PREV_CC_AMT_DRAWINGS_OTHER_CURRENT_SUM_MEAN,False,715,4.094e-05,CC,credit_card_balance,AMT_DRAWINGS_OTHER_CURRENT,Float64,"Two-level roll-up of `AMT_DRAWINGS_OTHER_CURRENT` from the credit_card_balance ledger — amount of other drawings during the month of the previous credit. Step 1: per prior loan, the total of `AMT_DRAWINGS_OTHER_CURRENT` over that loan's monthly credit-card records. Step 2: the average of those per-loan values across all of the customer's previous Home Credit applications.",credit_card_balance.group_by(SK_ID_PREV).sum(AMT_DRAWINGS_OTHER_CURRENT) → join onto previous_application → .group_by(SK_ID_CURR).mean(),False,74.6565,74.6565,1850,9292.414755,62428.032476,0.0,0.0,0.0,0.0,0.0,257400.0,3192750.0,23.888,0.0082,0.07745,False,
CC_L12M_SK_DPD_MAX,False,716,4.082e-05,CC_L12M,credit_card_balance,SK_DPD,Int64,The maximum of `SK_DPD` over credit_card_balance records within the last 12 months (`MONTHS_BALANCE` >= -12). Source column: dPD (Days past due) during the month on the previous credit,credit_card_balance.filter(MONTHS_BALANCE >= -12).group_by(SK_ID_CURR).max(SK_DPD),False,71.7392,71.7392,327,12.112939,132.596504,0.0,0.0,0.0,0.0,0.0,69.0,2831.0,27.154,-0.00262,0.07838,False,
PREV_CC_CNT_DRAWINGS_ATM_CURRENT_MAX_SUM,False,717,4.064e-05,CC,credit_card_balance,CNT_DRAWINGS_ATM_CURRENT,Float64,"Two-level roll-up of `CNT_DRAWINGS_ATM_CURRENT` from the credit_card_balance ledger — number of drawings at ATM during this month on the previous credit. Step 1: per prior loan, the maximum of `CNT_DRAWINGS_ATM_CURRENT` over that loan's monthly credit-card records. Step 2: the total of those per-loan values across all of the customer's previous Home Credit applications.",credit_card_balance.group_by(SK_ID_PREV).max(CNT_DRAWINGS_ATM_CURRENT) → join onto previous_application → .group_by(SK_ID_CURR).sum(),True,5.3507,0.0,45,0.71268,2.203646,0.0,0.0,0.0,0.0,0.0,10.0,51.0,85.39,0.05234,0.05956,False,
LIVE_CITY_NOT_WORK_CITY,False,718,3.918e-05,DRIVER,application_train,LIVE_CITY_NOT_WORK_CITY,Int64,"Flag if client's contact address does not match work address (1=different, 0=same, at city level)",taken directly from application_train (no aggregation),False,0.0,0.0,2,0.179555,0.383817,0.0,0.0,0.0,0.0,0.0,1.0,1.0,82.045,0.03252,,False,
PREV_INST_NUM_INSTALMENT_VERSION_MIN_SUM,False,719,3.887e-05,INST,installments_payments,NUM_INSTALMENT_VERSION,Float64,"Two-level roll-up of `NUM_INSTALMENT_VERSION` from the installments_payments ledger — version of installment calendar (0 is for credit card) of previous credit. Change of installment version from month to month signifies that some parameter of payment calendar has changed. Step 1: per prior loan, the minimum of `NUM_INSTALMENT_VERSION` over that loan's monthly installment records. Step 2: the total of those per-loan values across all of the customer's previous Home Credit applications.",installments_payments.group_by(SK_ID_PREV).min(NUM_INSTALMENT_VERSION) → join onto previous_application → .group_by(SK_ID_CURR).sum(),True,5.3507,0.0,29,2.555844,2.024532,0.0,0.0,1.0,2.0,3.0,9.0,39.0,6.709,-0.03747,0.05956,False,
PREV_CC_CNT_DRAWINGS_POS_CURRENT_MAX_SUM,False,720,3.866e-05,CC,credit_card_balance,CNT_DRAWINGS_POS_CURRENT,Float64,"Two-level roll-up of `CNT_DRAWINGS_POS_CURRENT` from the credit_card_balance ledger — number of drawings for goods during this month on the previous credit. Step 1: per prior loan, the maximum of `CNT_DRAWINGS_POS_CURRENT` over that loan's monthly credit-card records. Step 2: the total of those per-loan values across all of the customer's previous Home Credit applications.",credit_card_balance.group_by(SK_ID_PREV).max(CNT_DRAWINGS_POS_CURRENT) → join onto previous_application → .group_by(SK_ID_CURR).sum(),True,5.3507,0.0,124,1.251461,5.795098,0.0,0.0,0.0,0.0,0.0,30.0,165.0,89.471,0.04648,0.05956,False,
PREV_CC_AMT_INST_MIN_REGULARITY_SUM_MAX,False,721,3.849e-05,CC,credit_card_balance,AMT_INST_MIN_REGULARITY,Float64,"Two-level roll-up of `AMT_INST_MIN_REGULARITY` from the credit_card_balance ledger — minimal installment for this month of the previous credit. Step 1: per prior loan, the total of `AMT_INST_MIN_REGULARITY` over that loan's monthly credit-card records. Step 2: the maximum of those per-loan values across all of the customer's previous Home Credit applications.",credit_card_balance.group_by(SK_ID_PREV).sum(AMT_INST_MIN_REGULARITY) → join onto previous_application → .group_by(SK_ID_CURR).max(),False,74.6565,74.6565,48619,109327.593222,167056.094415,0.0,0.0,0.0,30743.595,152649.27,718102.125,2025557.325,8.659,0.01078,0.07745,False,
PREV_CC_AMT_RECEIVABLE_PRINCIPAL_SUM_MIN,False,722,3.84e-05,CC,credit_card_balance,AMT_RECEIVABLE_PRINCIPAL,Float64,"Two-level roll-up of `AMT_RECEIVABLE_PRINCIPAL` from the credit_card_balance ledger — amount receivable for principal on the previous credit. Step 1: per prior loan, the total of `AMT_RECEIVABLE_PRINCIPAL` over that loan's monthly credit-card records. Step 2: the minimum of those per-loan values across all of the customer's previous Home Credit applications.",credit_card_balance.group_by(SK_ID_PREV).sum(AMT_RECEIVABLE_PRINCIPAL) → join onto previous_application → .group_by(SK_ID_CURR).min(),False,74.6565,74.6565,49864,1956030.976135,3003147.39239,-126000.0,0.0,0.0,587483.91,2682524.16,13155425.595,28641132.495,8.778,0.0235,0.07745,False,
PREV_CC_MONTHS_BALANCE_SUM_MIN,False,723,3.798e-05,CC,credit_card_balance,MONTHS_BALANCE,Int64,"Two-level roll-up of `MONTHS_BALANCE` from the credit_card_balance ledger — month of balance relative to application date (-1 means the freshest balance date). Step 1: per prior loan, the total of `MONTHS_BALANCE` over that loan's monthly credit-card records. Step 2: the minimum of those per-loan values across all of the customer's previous Home Credit applications.",credit_card_balance.group_by(SK_ID_PREV).sum(MONTHS_BALANCE) → join onto previous_application → .group_by(SK_ID_CURR).min(),False,74.6565,74.6565,372,-892.603421,1383.580085,-4656.0,-4560.0,-820.0,-171.0,-45.0,-3.0,-1.0,0.0,0.04692,0.07745,False,
PREV_CC_CNT_DRAWINGS_POS_CURRENT_MIN_MEAN,False,724,3.735e-05,CC,credit_card_balance,CNT_DRAWINGS_POS_CURRENT,Float64,"Two-level roll-up of `CNT_DRAWINGS_POS_CURRENT` from the credit_card_balance ledger — number of drawings for goods during this month on the previous credit. Step 1: per prior loan, the minimum of `CNT_DRAWINGS_POS_CURRENT` over that loan's monthly credit-card records. Step 2: the average of those per-loan values across all of the customer's previous Home Credit applications.",credit_card_balance.group_by(SK_ID_PREV).min(CNT_DRAWINGS_POS_CURRENT) → join onto previous_application → .group_by(SK_ID_CURR).mean(),False,82.7876,82.7876,50,0.192141,1.469294,0.0,0.0,0.0,0.0,0.0,5.0,78.0,16.316,0.01539,0.07516,False,
PREV_CC_AMT_CREDIT_LIMIT_ACTUAL_MIN_SUM,False,725,3.725e-05,CC,credit_card_balance,AMT_CREDIT_LIMIT_ACTUAL,Int64,"Two-level roll-up of `AMT_CREDIT_LIMIT_ACTUAL` from the credit_card_balance ledger — credit card limit during the month of the previous credit. Step 1: per prior loan, the minimum of `AMT_CREDIT_LIMIT_ACTUAL` over that loan's monthly credit-card records. Step 2: the total of those per-loan values across all of the customer's previous Home Credit applications.",credit_card_balance.group_by(SK_ID_PREV).min(AMT_CREDIT_LIMIT_ACTUAL) → join onto previous_application → .group_by(SK_ID_CURR).sum(),True,5.3507,0.0,170,41673.001941,127080.893996,0.0,0.0,0.0,0.0,0.0,765000.0,1372500.0,80.027,0.00635,0.05956,False,
PREV_CC_AMT_BALANCE_SUM_MEAN,False,726,3.686e-05,CC,credit_card_balance,AMT_BALANCE,Float64,"Two-level roll-up of `AMT_BALANCE` from the credit_card_balance ledger — balance during the month of previous credit. Step 1: per prior loan, the total of `AMT_BALANCE` over that loan's monthly credit-card records. Step 2: the average of those per-loan values across all of the customer's previous Home Credit applications.",credit_card_balance.group_by(SK_ID_PREV).sum(AMT_BALANCE) → join onto previous_application → .group_by(SK_ID_CURR).mean(),False,74.6565,74.6565,50949,2039740.741219,3120974.619396,-126000.0,0.0,0.0,620478.855,2804224.05,13685357.205,29492116.245,8.538,0.02394,0.07745,False,
PREV_CC_SK_DPD_DEF_MEAN_MAX,False,727,3.683e-05,CC,credit_card_balance,SK_DPD_DEF,Float64,"Two-level roll-up of `SK_DPD_DEF` from the credit_card_balance ledger — dPD (Days past due) during the month with tolerance (debts with low loan amounts are ignored) of the previous credit. Step 1: per prior loan, the average of `SK_DPD_DEF` over that loan's monthly credit-card records. Step 2: the maximum of those per-loan values across all of the customer's previous Home Credit applications.",credit_card_balance.group_by(SK_ID_PREV).mean(SK_DPD_DEF) → join onto previous_application → .group_by(SK_ID_CURR).max(),False,74.6565,74.6565,1365,0.027251,0.328768,0.0,0.0,0.0,0.0,0.0,0.583333,63.857143,22.095,0.02247,0.07745,False,
PREV_CC_AMT_DRAWINGS_OTHER_CURRENT_MAX_MIN,False,728,3.625e-05,CC,credit_card_balance,AMT_DRAWINGS_OTHER_CURRENT,Float64,"Two-level roll-up of `AMT_DRAWINGS_OTHER_CURRENT` from the credit_card_balance ledger — amount of other drawings during the month of the previous credit. Step 1: per prior loan, the maximum of `AMT_DRAWINGS_OTHER_CURRENT` over that loan's monthly credit-card records. Step 2: the minimum of those per-loan values across all of the customer's previous Home Credit applications.",credit_card_balance.group_by(SK_ID_PREV).max(AMT_DRAWINGS_OTHER_CURRENT) → join onto previous_application → .group_by(SK_ID_CURR).min(),False,82.7876,82.7876,1259,10659.955639,53097.978737,0.0,0.0,0.0,0.0,0.0,262080.0,1529847.0,15.764,0.00159,0.07516,False,
PREV_CC_COUNT_SUM,False,729,3.56e-05,CC,credit_card_balance,,UInt32,"The total, across the customer's previous Home Credit applications, of the number of monthly credit-card ledger records a prior loan has. A null means the customer has no prior loan with any credit-card history.",credit_card_balance.group_by(SK_ID_PREV).len() → join onto previous_application → .group_by(SK_ID_CURR).sum(),True,5.3507,0.0,117,7.65824,19.488807,0.0,0.0,0.0,0.0,2.0,91.0,119.0,74.657,-0.00712,0.05956,False,
PREV_CC_CNT_DRAWINGS_ATM_CURRENT_SUM_SUM,False,730,3.462e-05,CC,credit_card_balance,CNT_DRAWINGS_ATM_CURRENT,Float64,"Two-level roll-up of `CNT_DRAWINGS_ATM_CURRENT` from the credit_card_balance ledger — number of drawings at ATM during this month on the previous credit. Step 1: per prior loan, the total of `CNT_DRAWINGS_ATM_CURRENT` over that loan's monthly credit-card records. Step 2: the total of those per-loan values across all of the customer's previous Home Credit applications.",credit_card_balance.group_by(SK_ID_PREV).sum(CNT_DRAWINGS_ATM_CURRENT) → join onto previous_application → .group_by(SK_ID_CURR).sum(),True,5.3507,0.0,162,2.275128,8.301829,0.0,0.0,0.0,0.0,0.0,41.0,390.0,85.39,0.03615,0.05956,False,
PREV_CC_AMT_CREDIT_LIMIT_ACTUAL_MAX_SUM,False,731,3.406e-05,CC,credit_card_balance,AMT_CREDIT_LIMIT_ACTUAL,Int64,"Two-level roll-up of `AMT_CREDIT_LIMIT_ACTUAL` from the credit_card_balance ledger — credit card limit during the month of the previous credit. Step 1: per prior loan, the maximum of `AMT_CREDIT_LIMIT_ACTUAL` over that loan's monthly credit-card records. Step 2: the total of those per-loan values across all of the customer's previous Home Credit applications.",credit_card_balance.group_by(SK_ID_PREV).max(AMT_CREDIT_LIMIT_ACTUAL) → join onto previous_application → .group_by(SK_ID_CURR).sum(),True,5.3507,0.0,78,66850.779322,155579.846902,0.0,0.0,0.0,0.0,45000.0,765000.0,2475000.0,74.94,0.00612,0.05956,False,
PREV_CC_AMT_DRAWINGS_CURRENT_SUM_SUM,False,732,3.399e-05,CC,credit_card_balance,AMT_DRAWINGS_CURRENT,Float64,"Two-level roll-up of `AMT_DRAWINGS_CURRENT` from the credit_card_balance ledger — amount drawing during the month of the previous credit. Step 1: per prior loan, the total of `AMT_DRAWINGS_CURRENT` over that loan's monthly credit-card records. Step 2: the total of those per-loan values across all of the customer's previous Home Credit applications.",credit_card_balance.group_by(SK_ID_PREV).sum(AMT_DRAWINGS_CURRENT) → join onto previous_application → .group_by(SK_ID_CURR).sum(),True,5.3507,0.0,37318,72028.068401,260542.109592,0.0,0.0,0.0,0.0,0.0,1147403.25,18469299.195,82.827,0.01955,0.05956,False,
BUREAU_CREDIT_ACTIVE_NUNIQUE,False,733,3.385e-05,BUREAU,bureau,CREDIT_ACTIVE,UInt32,Number of distinct `CREDIT_ACTIVE` values across the customer's credit-bureau records (loans at other institutions) (4 distinct values exist in the source table). Source column: status of the Credit Bureau (CB) reported credits,bureau.group_by(SK_ID_CURR).n_unique(CREDIT_ACTIVE),True,14.3149,0.0,5,1.47169,0.750379,0.0,0.0,1.0,2.0,2.0,3.0,4.0,14.315,-0.00068,0.10125,False,
PREV_CC_MONTHS_BALANCE_MIN_MIN,False,734,3.33e-05,CC,credit_card_balance,MONTHS_BALANCE,Int64,"Two-level roll-up of `MONTHS_BALANCE` from the credit_card_balance ledger — month of balance relative to application date (-1 means the freshest balance date). Step 1: per prior loan, the minimum of `MONTHS_BALANCE` over that loan's monthly credit-card records. Step 2: the minimum of those per-loan values across all of the customer's previous Home Credit applications.",credit_card_balance.group_by(SK_ID_PREV).min(MONTHS_BALANCE) → join onto previous_application → .group_by(SK_ID_CURR).min(),False,74.6565,74.6565,97,-30.688159,28.531523,-96.0,-95.0,-40.0,-18.0,-9.0,-2.0,-1.0,0.0,0.0498,0.07745,False,
PREV_RATE_INTEREST_PRIMARY_MAX,False,735,3.304e-05,PREV,previous_application,RATE_INTEREST_PRIMARY,Float64,The maximum of `RATE_INTEREST_PRIMARY` across the customer's previous Home Credit applications. Source column: interest rate normalized on previous credit,previous_application.group_by(SK_ID_CURR).max(RATE_INTEREST_PRIMARY),False,98.5012,98.5012,135,0.190258,0.092137,0.034781,0.127635,0.160716,0.189136,0.19333,0.696291,1.0,0.0,-0.00051,0.08072,False,
PREV_CC_AMT_TOTAL_RECEIVABLE_MAX_MIN,False,736,3.25e-05,CC,credit_card_balance,AMT_TOTAL_RECEIVABLE,Float64,"Two-level roll-up of `AMT_TOTAL_RECEIVABLE` from the credit_card_balance ledger — total amount receivable on the previous credit. Step 1: per prior loan, the maximum of `AMT_TOTAL_RECEIVABLE` over that loan's monthly credit-card records. Step 2: the minimum of those per-loan values across all of the customer's previous Home Credit applications.",credit_card_balance.group_by(SK_ID_PREV).max(AMT_TOTAL_RECEIVABLE) → join onto previous_application → .group_by(SK_ID_CURR).min(),False,74.6565,74.6565,48727,146300.456208,178813.338256,0.0,0.0,0.0,95572.71,207485.235,796590.09,1354829.265,8.644,0.06835,0.07745,False,
PREV_CC_CNT_DRAWINGS_POS_CURRENT_MEAN_SUM,False,737,3.243e-05,CC,credit_card_balance,CNT_DRAWINGS_POS_CURRENT,Float64,"Two-level roll-up of `CNT_DRAWINGS_POS_CURRENT` from the credit_card_balance ledger — number of drawings for goods during this month on the previous credit. Step 1: per prior loan, the average of `CNT_DRAWINGS_POS_CURRENT` over that loan's monthly credit-card records. Step 2: the total of those per-loan values across all of the customer's previous Home Credit applications.",credit_card_balance.group_by(SK_ID_PREV).mean(CNT_DRAWINGS_POS_CURRENT) → join onto previous_application → .group_by(SK_ID_CURR).sum(),True,5.3507,0.0,4897,0.349214,2.040331,0.0,0.0,0.0,0.0,0.0,9.363636,118.25,89.471,0.03667,0.05956,False,
PREV_CC_MONTHS_BALANCE_MAX_SUM,False,738,3.213e-05,CC,credit_card_balance,MONTHS_BALANCE,Int64,"Two-level roll-up of `MONTHS_BALANCE` from the credit_card_balance ledger — month of balance relative to application date (-1 means the freshest balance date). Step 1: per prior loan, the maximum of `MONTHS_BALANCE` over that loan's monthly credit-card records. Step 2: the total of those per-loan values across all of the customer's previous Home Credit applications.",credit_card_balance.group_by(SK_ID_PREV).max(MONTHS_BALANCE) → join onto previous_application → .group_by(SK_ID_CURR).sum(),True,5.3507,0.0,9,-0.382555,0.744665,-8.0,-3.0,-1.0,0.0,0.0,0.0,0.0,74.657,-0.00922,0.05956,False,
PREV_CC_CNT_INSTALMENT_MATURE_CUM_MEAN_SUM,False,739,3.211e-05,CC,credit_card_balance,CNT_INSTALMENT_MATURE_CUM,Float64,"Two-level roll-up of `CNT_INSTALMENT_MATURE_CUM` from the credit_card_balance ledger — number of paid installments on the previous credit. Step 1: per prior loan, the average of `CNT_INSTALMENT_MATURE_CUM` over that loan's monthly credit-card records. Step 2: the total of those per-loan values across all of the customer's previous Home Credit applications.",credit_card_balance.group_by(SK_ID_PREV).mean(CNT_INSTALMENT_MATURE_CUM) → join onto previous_application → .group_by(SK_ID_CURR).sum(),True,5.3507,0.0,9949,2.03418,6.664712,0.0,0.0,0.0,0.0,0.0,37.296296,51.200388,83.316,0.0022,0.05956,False,
PREV_CC_AMT_CREDIT_LIMIT_ACTUAL_SUM_SUM,False,740,3.194e-05,CC,credit_card_balance,AMT_CREDIT_LIMIT_ACTUAL,Int64,"Two-level roll-up of `AMT_CREDIT_LIMIT_ACTUAL` from the credit_card_balance ledger — credit card limit during the month of the previous credit. Step 1: per prior loan, the total of `AMT_CREDIT_LIMIT_ACTUAL` over that loan's monthly credit-card records. Step 2: the total of those per-loan values across all of the customer's previous Home Credit applications.",credit_card_balance.group_by(SK_ID_PREV).sum(AMT_CREDIT_LIMIT_ACTUAL) → join onto previous_application → .group_by(SK_ID_CURR).sum(),True,5.3507,0.0,2349,1359506.206282,3434436.804542,0.0,0.0,0.0,0.0,54000.0,15750000.0,32850000.0,74.94,-0.00537,0.05956,False,
PREV_CC_MONTHS_BALANCE_SUM_SUM,False,741,3.194e-05,CC,credit_card_balance,MONTHS_BALANCE,Int64,"Two-level roll-up of `MONTHS_BALANCE` from the credit_card_balance ledger — month of balance relative to application date (-1 means the freshest balance date). Step 1: per prior loan, the total of `MONTHS_BALANCE` over that loan's monthly credit-card records. Step 2: the total of those per-loan values across all of the customer's previous Home Credit applications.",credit_card_balance.group_by(SK_ID_PREV).sum(MONTHS_BALANCE) → join onto previous_application → .group_by(SK_ID_CURR).sum(),True,5.3507,0.0,633,-226.269851,797.579206,-4932.0,-4277.0,-5.0,0.0,0.0,0.0,0.0,74.657,0.0132,0.05956,False,
PREV_CC_AMT_PAYMENT_TOTAL_CURRENT_SUM_SUM,False,742,3.194e-05,CC,credit_card_balance,AMT_PAYMENT_TOTAL_CURRENT,Float64,"Two-level roll-up of `AMT_PAYMENT_TOTAL_CURRENT` from the credit_card_balance ledger — how much did the client pay during the month in total on the previous credit. Step 1: per prior loan, the total of `AMT_PAYMENT_TOTAL_CURRENT` over that loan's monthly credit-card records. Step 2: the total of those per-loan values across all of the customer's previous Home Credit applications.",credit_card_balance.group_by(SK_ID_PREV).sum(AMT_PAYMENT_TOTAL_CURRENT) → join onto previous_application → .group_by(SK_ID_CURR).sum(),True,5.3507,0.0,46618,68163.59359,255438.883836,0.0,0.0,0.0,0.0,0.0,1138567.5,19210117.365,82.857,0.00707,0.05956,False,
PREV_CC_COUNT_MAX,False,743,3.19e-05,CC,credit_card_balance,,UInt32,"The maximum, across the customer's previous Home Credit applications, of the number of monthly credit-card ledger records a prior loan has. A null means the customer has no prior loan with any credit-card history.",credit_card_balance.group_by(SK_ID_PREV).len() → join onto previous_application → .group_by(SK_ID_CURR).max(),False,74.6565,74.6565,97,30.184489,28.547464,1.0,2.0,9.0,18.0,40.0,95.0,96.0,0.0,-0.04909,0.07745,False,
PREV_CC_CNT_DRAWINGS_POS_CURRENT_SUM_MAX,False,744,3.179e-05,CC,credit_card_balance,CNT_DRAWINGS_POS_CURRENT,Float64,"Two-level roll-up of `CNT_DRAWINGS_POS_CURRENT` from the credit_card_balance ledger — number of drawings for goods during this month on the previous credit. Step 1: per prior loan, the total of `CNT_DRAWINGS_POS_CURRENT` over that loan's monthly credit-card records. Step 2: the maximum of those per-loan values across all of the customer's previous Home Credit applications.",credit_card_balance.group_by(SK_ID_PREV).sum(CNT_DRAWINGS_POS_CURRENT) → join onto previous_application → .group_by(SK_ID_CURR).max(),False,74.6565,74.6565,532,17.85761,51.076721,0.0,0.0,0.0,0.0,11.0,232.0,2298.0,14.815,0.03617,0.07745,False,
PREV_CC_AMT_DRAWINGS_POS_CURRENT_MEAN_MAX,False,745,3.177e-05,CC,credit_card_balance,AMT_DRAWINGS_POS_CURRENT,Float64,"Two-level roll-up of `AMT_DRAWINGS_POS_CURRENT` from the credit_card_balance ledger — amount drawing or buying goods during the month of the previous credit. Step 1: per prior loan, the average of `AMT_DRAWINGS_POS_CURRENT` over that loan's monthly credit-card records. Step 2: the maximum of those per-loan values across all of the customer's previous Home Credit applications.",credit_card_balance.group_by(SK_ID_PREV).mean(AMT_DRAWINGS_POS_CURRENT) → join onto previous_application → .group_by(SK_ID_CURR).max(),False,82.7876,82.7876,31731,9614.446932,24010.35159,0.0,0.0,0.0,1019.295,10693.5525,94268.915,918645.45975,6.684,-0.01323,0.07516,False,
PREV_CC_AMT_DRAWINGS_POS_CURRENT_MAX_SUM,False,746,3.156e-05,CC,credit_card_balance,AMT_DRAWINGS_POS_CURRENT,Float64,"Two-level roll-up of `AMT_DRAWINGS_POS_CURRENT` from the credit_card_balance ledger — amount drawing or buying goods during the month of the previous credit. Step 1: per prior loan, the maximum of `AMT_DRAWINGS_POS_CURRENT` over that loan's monthly credit-card records. Step 2: the total of those per-loan values across all of the customer's previous Home Credit applications.",credit_card_balance.group_by(SK_ID_PREV).max(AMT_DRAWINGS_POS_CURRENT) → join onto previous_application → .group_by(SK_ID_CURR).sum(),True,5.3507,0.0,27706,8386.520648,40557.747841,0.0,0.0,0.0,0.0,0.0,180477.45,2060030.16,89.471,0.0115,0.05956,False,
PREV_CC_AMT_TOTAL_RECEIVABLE_MEAN_SUM,False,747,3.138e-05,CC,credit_card_balance,AMT_TOTAL_RECEIVABLE,Float64,"Two-level roll-up of `AMT_TOTAL_RECEIVABLE` from the credit_card_balance ledger — total amount receivable on the previous credit. Step 1: per prior loan, the average of `AMT_TOTAL_RECEIVABLE` over that loan's monthly credit-card records. Step 2: the total of those per-loan values across all of the customer's previous Home Credit applications.",credit_card_balance.group_by(SK_ID_PREV).mean(AMT_TOTAL_RECEIVABLE) → join onto previous_application → .group_by(SK_ID_CURR).sum(),True,5.3507,0.0,51341,19078.716699,65679.802025,-2930.232558,0.0,0.0,0.0,0.0,343386.257143,913096.639286,83.227,0.04973,0.05956,False,
PREV_CC_AMT_RECEIVABLE_PRINCIPAL_MIN_MIN,False,748,3.095e-05,CC,credit_card_balance,AMT_RECEIVABLE_PRINCIPAL,Float64,"Two-level roll-up of `AMT_RECEIVABLE_PRINCIPAL` from the credit_card_balance ledger — amount receivable for principal on the previous credit. Step 1: per prior loan, the minimum of `AMT_RECEIVABLE_PRINCIPAL` over that loan's monthly credit-card records. Step 2: the minimum of those per-loan values across all of the customer's previous Home Credit applications.",credit_card_balance.group_by(SK_ID_PREV).min(AMT_RECEIVABLE_PRINCIPAL) → join onto previous_application → .group_by(SK_ID_CURR).min(),False,74.6565,74.6565,8312,11435.690988,45882.98903,-423305.82,0.0,0.0,0.0,0.0,225000.0,854043.075,21.87,0.06262,0.07745,False,
PREV_CC_AMT_TOTAL_RECEIVABLE_MAX_SUM,False,749,3.082e-05,CC,credit_card_balance,AMT_TOTAL_RECEIVABLE,Float64,"Two-level roll-up of `AMT_TOTAL_RECEIVABLE` from the credit_card_balance ledger — total amount receivable on the previous credit. Step 1: per prior loan, the maximum of `AMT_TOTAL_RECEIVABLE` over that loan's monthly credit-card records. Step 2: the total of those per-loan values across all of the customer's previous Home Credit applications.",credit_card_balance.group_by(SK_ID_PREV).max(AMT_TOTAL_RECEIVABLE) → join onto previous_application → .group_by(SK_ID_CURR).sum(),True,5.3507,0.0,48873,37244.949345,110516.880754,0.0,0.0,0.0,0.0,0.0,511811.595,1354829.265,83.25,0.0411,0.05956,False,
PREV_POS_COMPLETED_MONTHS_MIN,False,750,3.024e-05,POS,POS_CASH_balance,POS_COMPLETED_MONTHS,UInt32,"The minimum, across the customer's previous Home Credit applications, of a per-loan derived metric: the number of monthly records with contract status 'Completed', computed over that loan's POS/cash ledger.",per-SK_ID_PREV `POS_COMPLETED_MONTHS` (see features.aggregate_pos_cash_by_prev) → .group_by(SK_ID_CURR).min(),False,6.6807,6.6807,18,0.475319,1.063371,0.0,0.0,0.0,0.0,1.0,1.0,56.0,50.609,0.0118,0.06946,False,
HOUSETYPE_MODE,False,751,3.005e-05,DRIVER,application_train,HOUSETYPE_MODE,String,"Normalized information about building where the client lives, What is average (_AVG suffix), modus (_MODE suffix), median (_MEDI suffix) apartment size, common area, living area, age of building, number of elevators, number of entrances, state of the building, number of floor",taken directly from application_train (no aggregation),False,50.1761,50.1761,4,,,,,,,,,,,,,False,(null)=50.176%(dr 0.09151); block of flats=48.942%(dr 0.06943); specific housing=0.487%(dr 0.1014); terraced house=0.394%(dr 0.08498)
PREV_CC_AMT_DRAWINGS_ATM_CURRENT_MAX_SUM,False,752,2.987e-05,CC,credit_card_balance,AMT_DRAWINGS_ATM_CURRENT,Float64,"Two-level roll-up of `AMT_DRAWINGS_ATM_CURRENT` from the credit_card_balance ledger — amount drawing at ATM during the month of the previous credit. Step 1: per prior loan, the maximum of `AMT_DRAWINGS_ATM_CURRENT` over that loan's monthly credit-card records. Step 2: the total of those per-loan values across all of the customer's previous Home Credit applications.",credit_card_balance.group_by(SK_ID_PREV).max(AMT_DRAWINGS_ATM_CURRENT) → join onto previous_application → .group_by(SK_ID_CURR).sum(),True,5.3507,0.0,1242,19397.312527,62849.481931,0.0,0.0,0.0,0.0,0.0,297000.0,2115000.0,85.39,0.03516,0.05956,False,
PREV_CC_AMT_PAYMENT_TOTAL_CURRENT_MAX_SUM,False,753,2.958e-05,CC,credit_card_balance,AMT_PAYMENT_TOTAL_CURRENT,Float64,"Two-level roll-up of `AMT_PAYMENT_TOTAL_CURRENT` from the credit_card_balance ledger — how much did the client pay during the month in total on the previous credit. Step 1: per prior loan, the maximum of `AMT_PAYMENT_TOTAL_CURRENT` over that loan's monthly credit-card records. Step 2: the total of those per-loan values across all of the customer's previous Home Credit applications.",credit_card_balance.group_by(SK_ID_PREV).max(AMT_PAYMENT_TOTAL_CURRENT) → join onto previous_application → .group_by(SK_ID_CURR).sum(),True,5.3507,0.0,29070,21116.531591,79522.587295,0.0,0.0,0.0,0.0,0.0,443718.0,4278315.69,82.857,0.02155,0.05956,False,
PREV_CC_AMT_RECIVABLE_SUM_MAX,False,754,2.95e-05,CC,credit_card_balance,AMT_RECIVABLE,Float64,"Two-level roll-up of `AMT_RECIVABLE` from the credit_card_balance ledger — amount receivable on the previous credit. Step 1: per prior loan, the total of `AMT_RECIVABLE` over that loan's monthly credit-card records. Step 2: the maximum of those per-loan values across all of the customer's previous Home Credit applications.",credit_card_balance.group_by(SK_ID_PREV).sum(AMT_RECIVABLE) → join onto previous_application → .group_by(SK_ID_CURR).max(),False,74.6565,74.6565,50722,2034605.210855,3116049.77493,-126000.0,0.0,0.0,613086.345,2797610.715,13666074.75,29471430.285,8.57,0.0236,0.07745,False,
PREV_CC_CNT_INSTALMENT_MATURE_CUM_MAX_MIN,False,755,2.941e-05,CC,credit_card_balance,CNT_INSTALMENT_MATURE_CUM,Float64,"Two-level roll-up of `CNT_INSTALMENT_MATURE_CUM` from the credit_card_balance ledger — number of paid installments on the previous credit. Step 1: per prior loan, the maximum of `CNT_INSTALMENT_MATURE_CUM` over that loan's monthly credit-card records. Step 2: the minimum of those per-loan values across all of the customer's previous Home Credit applications.",credit_card_balance.group_by(SK_ID_PREV).max(CNT_INSTALMENT_MATURE_CUM) → join onto previous_application → .group_by(SK_ID_CURR).min(),False,74.6565,74.6565,97,13.366836,18.559961,0.0,0.0,0.0,6.0,18.0,81.0,95.0,8.708,-0.00707,0.07745,False,
PREV_INST_NUM_INSTALMENT_VERSION_MIN_MAX,False,756,2.933e-05,INST,installments_payments,NUM_INSTALMENT_VERSION,Float64,"Two-level roll-up of `NUM_INSTALMENT_VERSION` from the installments_payments ledger — version of installment calendar (0 is for credit card) of previous credit. Change of installment version from month to month signifies that some parameter of payment calendar has changed. Step 1: per prior loan, the minimum of `NUM_INSTALMENT_VERSION` over that loan's monthly installment records. Step 2: the maximum of those per-loan values across all of the customer's previous Home Credit applications.",installments_payments.group_by(SK_ID_PREV).min(NUM_INSTALMENT_VERSION) → join onto previous_application → .group_by(SK_ID_CURR).max(),False,5.8876,5.8876,14,1.05012,0.275639,0.0,1.0,1.0,1.0,1.0,2.0,39.0,0.821,-0.00333,0.06214,False,
PREV_CC_AMT_DRAWINGS_POS_CURRENT_MEAN_SUM,False,757,2.905e-05,CC,credit_card_balance,AMT_DRAWINGS_POS_CURRENT,Float64,"Two-level roll-up of `AMT_DRAWINGS_POS_CURRENT` from the credit_card_balance ledger — amount drawing or buying goods during the month of the previous credit. Step 1: per prior loan, the average of `AMT_DRAWINGS_POS_CURRENT` over that loan's monthly credit-card records. Step 2: the total of those per-loan values across all of the customer's previous Home Credit applications.",credit_card_balance.group_by(SK_ID_PREV).mean(AMT_DRAWINGS_POS_CURRENT) → join onto previous_application → .group_by(SK_ID_CURR).sum(),True,5.3507,0.0,31733,1655.83662,10607.733098,0.0,0.0,0.0,0.0,0.0,38312.055,918645.45975,89.471,0.009,0.05956,False,
PREV_POS_SK_DPD_SUM_MIN,False,758,2.858e-05,POS,POS_CASH_balance,SK_DPD,Int64,"Two-level roll-up of `SK_DPD` from the POS_CASH_balance ledger — dPD (days past due) during the month of previous credit. Step 1: per prior loan, the total of `SK_DPD` over that loan's monthly POS/cash records. Step 2: the minimum of those per-loan values across all of the customer's previous Home Credit applications.",POS_CASH_balance.group_by(SK_ID_PREV).sum(SK_DPD) → join onto previous_application → .group_by(SK_ID_CURR).min(),False,6.6807,6.6807,834,50.294926,1757.546783,0.0,0.0,0.0,0.0,0.0,22.0,117895.0,90.36,0.00292,0.06946,False,
AMT_REQ_CREDIT_BUREAU_DAY,False,759,2.765e-05,DRIVER,application_train,AMT_REQ_CREDIT_BUREAU_DAY,Float64,Number of enquiries to Credit Bureau about the client one day before application (excluding one hour before application),taken directly from application_train (no aggregation),False,13.5016,13.5016,10,0.007,0.110757,0.0,0.0,0.0,0.0,0.0,0.0,9.0,86.014,0.0027,0.10337,False,
PREV_CC_AMT_RECEIVABLE_PRINCIPAL_MIN_MEAN,False,760,2.758e-05,CC,credit_card_balance,AMT_RECEIVABLE_PRINCIPAL,Float64,"Two-level roll-up of `AMT_RECEIVABLE_PRINCIPAL` from the credit_card_balance ledger — amount receivable for principal on the previous credit. Step 1: per prior loan, the minimum of `AMT_RECEIVABLE_PRINCIPAL` over that loan's monthly credit-card records. Step 2: the average of those per-loan values across all of the customer's previous Home Credit applications.",credit_card_balance.group_by(SK_ID_PREV).min(AMT_RECEIVABLE_PRINCIPAL) → join onto previous_application → .group_by(SK_ID_CURR).mean(),False,74.6565,74.6565,8356,11469.410654,45907.118233,-423305.82,0.0,0.0,0.0,0.0,225000.0,854043.075,21.851,0.06275,0.07745,False,
PREV_CC_CNT_INSTALMENT_MATURE_CUM_SUM_MAX,False,761,2.752e-05,CC,credit_card_balance,CNT_INSTALMENT_MATURE_CUM,Float64,"Two-level roll-up of `CNT_INSTALMENT_MATURE_CUM` from the credit_card_balance ledger — number of paid installments on the previous credit. Step 1: per prior loan, the total of `CNT_INSTALMENT_MATURE_CUM` over that loan's monthly credit-card records. Step 2: the maximum of those per-loan values across all of the customer's previous Home Credit applications.",credit_card_balance.group_by(SK_ID_PREV).sum(CNT_INSTALMENT_MATURE_CUM) → join onto previous_application → .group_by(SK_ID_CURR).max(),False,74.6565,74.6565,3630,481.133972,944.080879,0.0,0.0,0.0,36.0,351.0,3844.0,4560.0,8.659,-0.03285,0.07745,False,
PREV_CC_SK_DPD_SUM_MIN,False,762,2.725e-05,CC,credit_card_balance,SK_DPD,Int64,"Two-level roll-up of `SK_DPD` from the credit_card_balance ledger — dPD (Days past due) during the month on the previous credit. Step 1: per prior loan, the total of `SK_DPD` over that loan's monthly credit-card records. Step 2: the minimum of those per-loan values across all of the customer's previous Home Credit applications.",credit_card_balance.group_by(SK_ID_PREV).sum(SK_DPD) → join onto previous_application → .group_by(SK_ID_CURR).min(),False,74.6565,74.6565,1084,246.26448,3085.487379,0.0,0.0,0.0,0.0,0.0,1108.0,127515.0,21.28,-0.00547,0.07745,False,
PREV_CC_AMT_RECIVABLE_SUM_MEAN,False,763,2.709e-05,CC,credit_card_balance,AMT_RECIVABLE,Float64,"Two-level roll-up of `AMT_RECIVABLE` from the credit_card_balance ledger — amount receivable on the previous credit. Step 1: per prior loan, the total of `AMT_RECIVABLE` over that loan's monthly credit-card records. Step 2: the average of those per-loan values across all of the customer's previous Home Credit applications.",credit_card_balance.group_by(SK_ID_PREV).sum(AMT_RECIVABLE) → join onto previous_application → .group_by(SK_ID_CURR).mean(),False,74.6565,74.6565,50737,2031205.812367,3114410.151295,-126000.0,0.0,0.0,611274.195,2789629.92,13666074.75,29471430.285,8.57,0.02352,0.07745,False,
PREV_CC_AMT_RECIVABLE_MIN_SUM,False,764,2.638e-05,CC,credit_card_balance,AMT_RECIVABLE,Float64,"Two-level roll-up of `AMT_RECIVABLE` from the credit_card_balance ledger — amount receivable on the previous credit. Step 1: per prior loan, the minimum of `AMT_RECIVABLE` over that loan's monthly credit-card records. Step 2: the total of those per-loan values across all of the customer's previous Home Credit applications.",credit_card_balance.group_by(SK_ID_PREV).min(AMT_RECIVABLE) → join onto previous_application → .group_by(SK_ID_CURR).sum(),True,5.3507,0.0,16082,2940.878715,24101.227547,-420250.185,-459.45,0.0,0.0,0.0,105750.0,855565.875,94.006,0.03722,0.05956,False,
PREV_CC_AMT_DRAWINGS_CURRENT_MAX_SUM,False,765,2.625e-05,CC,credit_card_balance,AMT_DRAWINGS_CURRENT,Float64,"Two-level roll-up of `AMT_DRAWINGS_CURRENT` from the credit_card_balance ledger — amount drawing during the month of the previous credit. Step 1: per prior loan, the maximum of `AMT_DRAWINGS_CURRENT` over that loan's monthly credit-card records. Step 2: the total of those per-loan values across all of the customer's previous Home Credit applications.",credit_card_balance.group_by(SK_ID_PREV).max(AMT_DRAWINGS_CURRENT) → join onto previous_application → .group_by(SK_ID_CURR).sum(),True,5.3507,0.0,23343,26397.320909,78264.286567,0.0,0.0,0.0,0.0,0.0,389619.36,2115000.0,82.827,0.03327,0.05956,False,
BUREAU_CNT_CREDIT_PROLONG_MAX,False,766,2.623e-05,BUREAU,bureau,CNT_CREDIT_PROLONG,Int64,The maximum of `CNT_CREDIT_PROLONG` across the customer's credit-bureau records (loans at other institutions). Source column: how many times was the Credit Bureau credit prolonged,bureau.group_by(SK_ID_CURR).max(CNT_CREDIT_PROLONG),False,14.3149,14.3149,11,0.039239,0.236642,0.0,0.0,0.0,0.0,0.0,1.0,9.0,82.918,0.00395,0.10125,False,
AMT_REQ_CREDIT_BUREAU_WEEK,False,767,2.611e-05,DRIVER,application_train,AMT_REQ_CREDIT_BUREAU_WEEK,Float64,Number of enquiries to Credit Bureau about the client one week before application (excluding one day before application),taken directly from application_train (no aggregation),False,13.5016,13.5016,10,0.034362,0.204685,0.0,0.0,0.0,0.0,0.0,1.0,8.0,83.723,0.00079,0.10337,False,
PREV_CC_AMT_PAYMENT_CURRENT_MAX_SUM,False,768,2.506e-05,CC,credit_card_balance,AMT_PAYMENT_CURRENT,Float64,"Two-level roll-up of `AMT_PAYMENT_CURRENT` from the credit_card_balance ledger — how much did the client pay during the month on the previous credit. Step 1: per prior loan, the maximum of `AMT_PAYMENT_CURRENT` over that loan's monthly credit-card records. Step 2: the total of those per-loan values across all of the customer's previous Home Credit applications.",credit_card_balance.group_by(SK_ID_PREV).max(AMT_PAYMENT_CURRENT) → join onto previous_application → .group_by(SK_ID_CURR).sum(),True,5.3507,0.0,24083,21560.156601,80552.227247,0.0,0.0,0.0,0.0,0.0,450000.0,4289207.445,82.854,0.02205,0.05956,False,
PREV_CC_CNT_DRAWINGS_POS_CURRENT_MIN_SUM,False,769,2.502e-05,CC,credit_card_balance,CNT_DRAWINGS_POS_CURRENT,Float64,"Two-level roll-up of `CNT_DRAWINGS_POS_CURRENT` from the credit_card_balance ledger — number of drawings for goods during this month on the previous credit. Step 1: per prior loan, the minimum of `CNT_DRAWINGS_POS_CURRENT` over that loan's monthly credit-card records. Step 2: the total of those per-loan values across all of the customer's previous Home Credit applications.",credit_card_balance.group_by(SK_ID_PREV).min(CNT_DRAWINGS_POS_CURRENT) → join onto previous_application → .group_by(SK_ID_CURR).sum(),True,5.3507,0.0,46,0.033225,0.616351,0.0,0.0,0.0,0.0,0.0,0.0,78.0,99.104,0.01246,0.05956,False,
PREV_CC_SK_DPD_SUM_MEAN,False,770,2.472e-05,CC,credit_card_balance,SK_DPD,Float64,"Two-level roll-up of `SK_DPD` from the credit_card_balance ledger — dPD (Days past due) during the month on the previous credit. Step 1: per prior loan, the total of `SK_DPD` over that loan's monthly credit-card records. Step 2: the average of those per-loan values across all of the customer's previous Home Credit applications.",credit_card_balance.group_by(SK_ID_PREV).sum(SK_DPD) → join onto previous_application → .group_by(SK_ID_CURR).mean(),False,74.6565,74.6565,1102,246.408846,3085.533089,0.0,0.0,0.0,0.0,0.0,1113.0,127515.0,21.253,-0.00549,0.07745,False,
PREV_CC_AMT_INST_MIN_REGULARITY_MEAN_SUM,False,771,2.442e-05,CC,credit_card_balance,AMT_INST_MIN_REGULARITY,Float64,"Two-level roll-up of `AMT_INST_MIN_REGULARITY` from the credit_card_balance ledger — minimal installment for this month of the previous credit. Step 1: per prior loan, the average of `AMT_INST_MIN_REGULARITY` over that loan's monthly credit-card records. Step 2: the total of those per-loan values across all of the customer's previous Home Credit applications.",credit_card_balance.group_by(SK_ID_PREV).mean(AMT_INST_MIN_REGULARITY) → join onto previous_application → .group_by(SK_ID_CURR).sum(),True,5.3507,0.0,49528,949.672804,3150.995731,0.0,0.0,0.0,0.0,0.0,16688.997,43014.126429,83.316,0.04411,0.05956,False,
PREV_CC_AMT_RECEIVABLE_PRINCIPAL_SUM_MAX,False,772,2.346e-05,CC,credit_card_balance,AMT_RECEIVABLE_PRINCIPAL,Float64,"Two-level roll-up of `AMT_RECEIVABLE_PRINCIPAL` from the credit_card_balance ledger — amount receivable for principal on the previous credit. Step 1: per prior loan, the total of `AMT_RECEIVABLE_PRINCIPAL` over that loan's monthly credit-card records. Step 2: the maximum of those per-loan values across all of the customer's previous Home Credit applications.",credit_card_balance.group_by(SK_ID_PREV).sum(AMT_RECEIVABLE_PRINCIPAL) → join onto previous_application → .group_by(SK_ID_CURR).max(),False,74.6565,74.6565,50003,1962558.181782,3004108.9482,-126000.0,0.0,0.0,595984.275,2696278.86,13155425.595,28641132.495,8.728,0.02369,0.07745,False,
PREV_CC_AMT_DRAWINGS_ATM_CURRENT_SUM_SUM,False,773,2.321e-05,CC,credit_card_balance,AMT_DRAWINGS_ATM_CURRENT,Float64,"Two-level roll-up of `AMT_DRAWINGS_ATM_CURRENT` from the credit_card_balance ledger — amount drawing at ATM during the month of the previous credit. Step 1: per prior loan, the total of `AMT_DRAWINGS_ATM_CURRENT` over that loan's monthly credit-card records. Step 2: the total of those per-loan values across all of the customer's previous Home Credit applications.",credit_card_balance.group_by(SK_ID_PREV).sum(AMT_DRAWINGS_ATM_CURRENT) → join onto previous_application → .group_by(SK_ID_CURR).sum(),True,5.3507,0.0,4601,45641.371347,168529.417261,0.0,0.0,0.0,0.0,0.0,819000.0,8384850.0,85.39,0.02786,0.05956,False,
PREV_CC_AMT_DRAWINGS_POS_CURRENT_MIN_MEAN,False,774,2.305e-05,CC,credit_card_balance,AMT_DRAWINGS_POS_CURRENT,Float64,"Two-level roll-up of `AMT_DRAWINGS_POS_CURRENT` from the credit_card_balance ledger — amount drawing or buying goods during the month of the previous credit. Step 1: per prior loan, the minimum of `AMT_DRAWINGS_POS_CURRENT` over that loan's monthly credit-card records. Step 2: the average of those per-loan values across all of the customer's previous Home Credit applications.",credit_card_balance.group_by(SK_ID_PREV).min(AMT_DRAWINGS_POS_CURRENT) → join onto previous_application → .group_by(SK_ID_CURR).mean(),False,82.7876,82.7876,2489,709.682959,8228.790783,0.0,0.0,0.0,0.0,0.0,16033.5,720177.435,16.316,-0.00746,0.07516,False,
PREV_CC_AMT_DRAWINGS_OTHER_CURRENT_MEAN_MEAN,False,775,2.248e-05,CC,credit_card_balance,AMT_DRAWINGS_OTHER_CURRENT,Float64,"Two-level roll-up of `AMT_DRAWINGS_OTHER_CURRENT` from the credit_card_balance ledger — amount of other drawings during the month of the previous credit. Step 1: per prior loan, the average of `AMT_DRAWINGS_OTHER_CURRENT` over that loan's monthly credit-card records. Step 2: the average of those per-loan values across all of the customer's previous Home Credit applications.",credit_card_balance.group_by(SK_ID_PREV).mean(AMT_DRAWINGS_OTHER_CURRENT) → join onto previous_application → .group_by(SK_ID_CURR).mean(),False,82.7876,82.7876,3436,695.935461,4990.841546,0.0,0.0,0.0,0.0,0.0,18562.5,187808.823529,15.757,0.00736,0.07516,False,
PREV_NFLAG_INSURED_ON_APPROVAL_MAX,False,776,2.244e-05,PREV,previous_application,NFLAG_INSURED_ON_APPROVAL,Float64,The maximum of `NFLAG_INSURED_ON_APPROVAL` across the customer's previous Home Credit applications. Source column: did the client requested insurance during the previous application,previous_application.group_by(SK_ID_CURR).max(NFLAG_INSURED_ON_APPROVAL),False,5.7725,5.7725,3,0.529038,0.499157,0.0,0.0,0.0,1.0,1.0,1.0,1.0,44.378,-0.01071,0.06118,False,
PREV_DAYS_FIRST_DRAWING_SUM,False,777,2.213e-05,PREV,previous_application,DAYS_FIRST_DRAWING,Float64,The total of `DAYS_FIRST_DRAWING` across the customer's previous Home Credit applications. Source column: relative to application date of current application when was the first disbursement of the previous application,previous_application.group_by(SK_ID_CURR).sum(DAYS_FIRST_DRAWING),True,5.3507,0.0,2836,-183.157737,558.447209,-3505.0,-2754.0,0.0,0.0,0.0,0.0,0.0,82.65,0.00055,0.05956,False,
PREV_CC_AMT_INST_MIN_REGULARITY_SUM_SUM,False,778,2.172e-05,CC,credit_card_balance,AMT_INST_MIN_REGULARITY,Float64,"Two-level roll-up of `AMT_INST_MIN_REGULARITY` from the credit_card_balance ledger — minimal installment for this month of the previous credit. Step 1: per prior loan, the total of `AMT_INST_MIN_REGULARITY` over that loan's monthly credit-card records. Step 2: the total of those per-loan values across all of the customer's previous Home Credit applications.",credit_card_balance.group_by(SK_ID_PREV).sum(AMT_INST_MIN_REGULARITY) → join onto previous_application → .group_by(SK_ID_CURR).sum(),True,5.3507,0.0,48628,27722.455567,96650.749797,0.0,0.0,0.0,0.0,0.0,518200.875,2025557.325,83.316,0.01422,0.05956,False,
PREV_CC_AMT_RECIVABLE_MEAN_SUM,False,779,2.164e-05,CC,credit_card_balance,AMT_RECIVABLE,Float64,"Two-level roll-up of `AMT_RECIVABLE` from the credit_card_balance ledger — amount receivable on the previous credit. Step 1: per prior loan, the average of `AMT_RECIVABLE` over that loan's monthly credit-card records. Step 2: the total of those per-loan values across all of the customer's previous Home Credit applications.",credit_card_balance.group_by(SK_ID_PREV).mean(AMT_RECIVABLE) → join onto previous_application → .group_by(SK_ID_CURR).sum(),True,5.3507,0.0,51341,19078.491802,65679.468496,-2930.232558,0.0,0.0,0.0,0.0,343386.257143,913096.639286,83.227,0.04973,0.05956,False,
FLAG_EMAIL,False,780,2.158e-05,DRIVER,application_train,FLAG_EMAIL,Int64,"Did client provide email (1=YES, 0=NO)",taken directly from application_train (no aggregation),False,0.0,0.0,2,0.05672,0.231307,0.0,0.0,0.0,0.0,0.0,1.0,1.0,94.328,-0.00176,,False,
PREV_CC_AMT_TOTAL_RECEIVABLE_MAX_MAX,False,781,2.155e-05,CC,credit_card_balance,AMT_TOTAL_RECEIVABLE,Float64,"Two-level roll-up of `AMT_TOTAL_RECEIVABLE` from the credit_card_balance ledger — total amount receivable on the previous credit. Step 1: per prior loan, the maximum of `AMT_TOTAL_RECEIVABLE` over that loan's monthly credit-card records. Step 2: the maximum of those per-loan values across all of the customer's previous Home Credit applications.",credit_card_balance.group_by(SK_ID_PREV).max(AMT_TOTAL_RECEIVABLE) → join onto previous_application → .group_by(SK_ID_CURR).max(),False,74.6565,74.6565,48866,146790.096226,178857.685999,0.0,0.0,0.0,96021.45,208796.67,796628.475,1354829.265,8.593,0.06863,0.07745,False,
PREV_CC_SK_DPD_MEAN_MIN,False,782,2.129e-05,CC,credit_card_balance,SK_DPD,Float64,"Two-level roll-up of `SK_DPD` from the credit_card_balance ledger — dPD (Days past due) during the month on the previous credit. Step 1: per prior loan, the average of `SK_DPD` over that loan's monthly credit-card records. Step 2: the minimum of those per-loan values across all of the customer's previous Home Credit applications.",credit_card_balance.group_by(SK_ID_PREV).mean(SK_DPD) → join onto previous_application → .group_by(SK_ID_CURR).min(),False,74.6565,74.6565,2935,3.14019,37.822672,0.0,0.0,0.0,0.0,0.0,24.272727,1342.263158,21.28,-0.0046,0.07745,False,
PREV_CC_AMT_DRAWINGS_OTHER_CURRENT_SUM_MIN,False,783,2.12e-05,CC,credit_card_balance,AMT_DRAWINGS_OTHER_CURRENT,Float64,"Two-level roll-up of `AMT_DRAWINGS_OTHER_CURRENT` from the credit_card_balance ledger — amount of other drawings during the month of the previous credit. Step 1: per prior loan, the total of `AMT_DRAWINGS_OTHER_CURRENT` over that loan's monthly credit-card records. Step 2: the minimum of those per-loan values across all of the customer's previous Home Credit applications.",credit_card_balance.group_by(SK_ID_PREV).sum(AMT_DRAWINGS_OTHER_CURRENT) → join onto previous_application → .group_by(SK_ID_CURR).min(),False,74.6565,74.6565,1834,9268.030773,62412.213603,0.0,0.0,0.0,0.0,0.0,257400.0,3192750.0,23.899,0.00808,0.07745,False,
EMERGENCYSTATE_MODE,False,784,2.076e-05,DRIVER,application_train,EMERGENCYSTATE_MODE,String,"Normalized information about building where the client lives, What is average (_AVG suffix), modus (_MODE suffix), median (_MEDI suffix) apartment size, common area, living area, age of building, number of elevators, number of entrances, state of the building, number of floor",taken directly from application_train (no aggregation),False,47.3983,47.3983,3,,,,,,,,,,,,,False,No=51.845%(dr 0.06965); (null)=47.398%(dr 0.09261); Yes=0.757%(dr 0.09579)
PREV_CC_AMT_TOTAL_RECEIVABLE_MEAN_MIN,False,785,2.006e-05,CC,credit_card_balance,AMT_TOTAL_RECEIVABLE,Float64,"Two-level roll-up of `AMT_TOTAL_RECEIVABLE` from the credit_card_balance ledger — total amount receivable on the previous credit. Step 1: per prior loan, the average of `AMT_TOTAL_RECEIVABLE` over that loan's monthly credit-card records. Step 2: the minimum of those per-loan values across all of the customer's previous Home Credit applications.",credit_card_balance.group_by(SK_ID_PREV).mean(AMT_TOTAL_RECEIVABLE) → join onto previous_application → .group_by(SK_ID_CURR).min(),False,74.6565,74.6565,51183,74975.387634,112986.437496,-2930.232558,0.0,0.0,28285.711071,105201.895714,530885.922,913096.639286,8.621,0.08573,0.07745,False,
PREV_FLAG_LAST_APPL_PER_CONTRACT_N_RATE,False,786,1.997e-05,PREV,previous_application,FLAG_LAST_APPL_PER_CONTRACT,Float64,"Share of the customer's previous Home Credit applications whose `FLAG_LAST_APPL_PER_CONTRACT` equals ""N"" (0 = never, 1 = always). Source column: flag if it was last application for the previous contract. Sometimes by mistake of client or our clerk there could be more applications for one single contract",previous_application.group_by(SK_ID_CURR).mean(FLAG_LAST_APPL_PER_CONTRACT == 'N'),True,5.3507,0.0,136,0.002852,0.026311,0.0,0.0,0.0,0.0,0.0,0.125,0.888889,98.367,0.00851,0.05956,False,
PREV_CC_MONTHS_BALANCE_MIN_MAX,False,787,1.975e-05,CC,credit_card_balance,MONTHS_BALANCE,Int64,"Two-level roll-up of `MONTHS_BALANCE` from the credit_card_balance ledger — month of balance relative to application date (-1 means the freshest balance date). Step 1: per prior loan, the minimum of `MONTHS_BALANCE` over that loan's monthly credit-card records. Step 2: the maximum of those per-loan values across all of the customer's previous Home Credit applications.",credit_card_balance.group_by(SK_ID_PREV).min(MONTHS_BALANCE) → join onto previous_application → .group_by(SK_ID_CURR).max(),False,74.6565,74.6565,97,-30.509008,28.468395,-96.0,-95.0,-40.0,-18.0,-9.0,-2.0,-1.0,0.0,0.05021,0.07745,False,
PREV_CC_CNT_INSTALMENT_MATURE_CUM_MAX_SUM,False,788,1.963e-05,CC,credit_card_balance,CNT_INSTALMENT_MATURE_CUM,Float64,"Two-level roll-up of `CNT_INSTALMENT_MATURE_CUM` from the credit_card_balance ledger — number of paid installments on the previous credit. Step 1: per prior loan, the maximum of `CNT_INSTALMENT_MATURE_CUM` over that loan's monthly credit-card records. Step 2: the total of those per-loan values across all of the customer's previous Home Credit applications.",credit_card_balance.group_by(SK_ID_PREV).max(CNT_INSTALMENT_MATURE_CUM) → join onto previous_application → .group_by(SK_ID_CURR).sum(),True,5.3507,0.0,97,3.406054,11.037291,0.0,0.0,0.0,0.0,0.0,62.0,95.0,83.316,0.00677,0.05956,False,
PREV_CC_AMT_DRAWINGS_OTHER_CURRENT_MAX_MAX,False,789,1.942e-05,CC,credit_card_balance,AMT_DRAWINGS_OTHER_CURRENT,Float64,"Two-level roll-up of `AMT_DRAWINGS_OTHER_CURRENT` from the credit_card_balance ledger — amount of other drawings during the month of the previous credit. Step 1: per prior loan, the maximum of `AMT_DRAWINGS_OTHER_CURRENT` over that loan's monthly credit-card records. Step 2: the maximum of those per-loan values across all of the customer's previous Home Credit applications.",credit_card_balance.group_by(SK_ID_PREV).max(AMT_DRAWINGS_OTHER_CURRENT) → join onto previous_application → .group_by(SK_ID_CURR).max(),False,82.7876,82.7876,1261,10707.005564,53174.395811,0.0,0.0,0.0,0.0,0.0,266760.0,1529847.0,15.757,0.00176,0.07516,False,
PREV_CC_CNT_DRAWINGS_POS_CURRENT_SUM_SUM,False,790,1.91e-05,CC,credit_card_balance,CNT_DRAWINGS_POS_CURRENT,Float64,"Two-level roll-up of `CNT_DRAWINGS_POS_CURRENT` from the credit_card_balance ledger — number of drawings for goods during this month on the previous credit. Step 1: per prior loan, the total of `CNT_DRAWINGS_POS_CURRENT` over that loan's monthly credit-card records. Step 2: the total of those per-loan values across all of the customer's previous Home Credit applications.",credit_card_balance.group_by(SK_ID_PREV).sum(CNT_DRAWINGS_POS_CURRENT) → join onto previous_application → .group_by(SK_ID_CURR).sum(),True,5.3507,0.0,532,4.528778,26.873874,0.0,0.0,0.0,0.0,0.0,113.0,2298.0,89.471,0.02406,0.05956,False,
PREV_CC_AMT_RECIVABLE_SUM_MIN,False,791,1.901e-05,CC,credit_card_balance,AMT_RECIVABLE,Float64,"Two-level roll-up of `AMT_RECIVABLE` from the credit_card_balance ledger — amount receivable on the previous credit. Step 1: per prior loan, the total of `AMT_RECIVABLE` over that loan's monthly credit-card records. Step 2: the minimum of those per-loan values across all of the customer's previous Home Credit applications.",credit_card_balance.group_by(SK_ID_PREV).sum(AMT_RECIVABLE) → join onto previous_application → .group_by(SK_ID_CURR).min(),False,74.6565,74.6565,50578,2027810.877338,3115032.497936,-126000.0,0.0,0.0,603913.185,2783659.05,13666074.75,29471430.285,8.621,0.02342,0.07745,False,
PREV_CC_AMT_INST_MIN_REGULARITY_MIN_MEAN,False,792,1.882e-05,CC,credit_card_balance,AMT_INST_MIN_REGULARITY,Float64,"Two-level roll-up of `AMT_INST_MIN_REGULARITY` from the credit_card_balance ledger — minimal installment for this month of the previous credit. Step 1: per prior loan, the minimum of `AMT_INST_MIN_REGULARITY` over that loan's monthly credit-card records. Step 2: the average of those per-loan values across all of the customer's previous Home Credit applications.",credit_card_balance.group_by(SK_ID_PREV).min(AMT_INST_MIN_REGULARITY) → join onto previous_application → .group_by(SK_ID_CURR).mean(),False,74.6565,74.6565,2265,258.159877,1445.470257,0.0,0.0,0.0,0.0,0.0,7746.48,34098.39,23.94,0.0015,0.07745,False,
PREV_NFLAG_LAST_APPL_IN_DAY_MEAN,False,793,1.84e-05,PREV,previous_application,NFLAG_LAST_APPL_IN_DAY,Float64,The average of `NFLAG_LAST_APPL_IN_DAY` across the customer's previous Home Credit applications. Source column: flag if the application was the last application per day of the client. Sometimes clients apply for more applications a day. Rarely it could also be error in our system that one application is in the database twice,previous_application.group_by(SK_ID_CURR).mean(NFLAG_LAST_APPL_IN_DAY),False,5.3507,5.3507,95,0.997605,0.025211,0.0,0.9,1.0,1.0,1.0,1.0,1.0,0.014,-0.00369,0.05956,False,
PREV_CC_AMT_RECEIVABLE_PRINCIPAL_SUM_SUM,False,794,1.827e-05,CC,credit_card_balance,AMT_RECEIVABLE_PRINCIPAL,Float64,"Two-level roll-up of `AMT_RECEIVABLE_PRINCIPAL` from the credit_card_balance ledger — amount receivable for principal on the previous credit. Step 1: per prior loan, the total of `AMT_RECEIVABLE_PRINCIPAL` over that loan's monthly credit-card records. Step 2: the total of those per-loan values across all of the customer's previous Home Credit applications.",credit_card_balance.group_by(SK_ID_PREV).sum(AMT_RECEIVABLE_PRINCIPAL) → join onto previous_application → .group_by(SK_ID_CURR).sum(),True,5.3507,0.0,50009,497679.427094,1737375.966628,-126000.0,0.0,0.0,0.0,0.0,9420440.715,28641132.495,83.384,0.02031,0.05956,False,
PREV_CC_AMT_RECEIVABLE_PRINCIPAL_MIN_MAX,False,795,1.79e-05,CC,credit_card_balance,AMT_RECEIVABLE_PRINCIPAL,Float64,"Two-level roll-up of `AMT_RECEIVABLE_PRINCIPAL` from the credit_card_balance ledger — amount receivable for principal on the previous credit. Step 1: per prior loan, the minimum of `AMT_RECEIVABLE_PRINCIPAL` over that loan's monthly credit-card records. Step 2: the maximum of those per-loan values across all of the customer's previous Home Credit applications.",credit_card_balance.group_by(SK_ID_PREV).min(AMT_RECEIVABLE_PRINCIPAL) → join onto previous_application → .group_by(SK_ID_CURR).max(),False,74.6565,74.6565,8351,11503.13032,45996.230486,-423305.82,0.0,0.0,0.0,0.0,225000.0,854043.075,21.852,0.06279,0.07745,False,
PREV_CODE_REJECT_REASON_XNA_RATE,False,796,1.77e-05,PREV,previous_application,CODE_REJECT_REASON,Float64,"Share of the customer's previous Home Credit applications whose `CODE_REJECT_REASON` equals ""XNA"" (0 = never, 1 = always). Source column: why was the previous application rejected",previous_application.group_by(SK_ID_CURR).mean(CODE_REJECT_REASON == 'XNA'),True,5.3507,0.0,105,0.001931,0.021221,0.0,0.0,0.0,0.0,0.0,0.076923,1.0,98.811,0.00399,0.05956,False,
PREV_CC_CNT_DRAWINGS_OTHER_CURRENT_MAX_MEAN,False,797,1.761e-05,CC,credit_card_balance,CNT_DRAWINGS_OTHER_CURRENT,Float64,"Two-level roll-up of `CNT_DRAWINGS_OTHER_CURRENT` from the credit_card_balance ledger — number of other drawings during this month on the previous credit. Step 1: per prior loan, the maximum of `CNT_DRAWINGS_OTHER_CURRENT` over that loan's monthly credit-card records. Step 2: the average of those per-loan values across all of the customer's previous Home Credit applications.",credit_card_balance.group_by(SK_ID_PREV).max(CNT_DRAWINGS_OTHER_CURRENT) → join onto previous_application → .group_by(SK_ID_CURR).mean(),False,82.7876,82.7876,13,0.108927,0.419878,0.0,0.0,0.0,0.0,0.0,2.0,12.0,15.752,0.00257,0.07516,False,
PREV_RATE_INTEREST_PRIMARY_SUM,False,798,1.749e-05,PREV,previous_application,RATE_INTEREST_PRIMARY,Float64,The total of `RATE_INTEREST_PRIMARY` across the customer's previous Home Credit applications. Source column: interest rate normalized on previous credit,previous_application.group_by(SK_ID_CURR).sum(RATE_INTEREST_PRIMARY),True,5.3507,0.0,198,0.002951,0.026846,0.0,0.0,0.0,0.0,0.0,0.160716,1.3322,98.501,-0.00029,0.05956,False,
PREV_CC_MONTHS_BALANCE_MIN_SUM,False,799,1.698e-05,CC,credit_card_balance,MONTHS_BALANCE,Int64,"Two-level roll-up of `MONTHS_BALANCE` from the credit_card_balance ledger — month of balance relative to application date (-1 means the freshest balance date). Step 1: per prior loan, the minimum of `MONTHS_BALANCE` over that loan's monthly credit-card records. Step 2: the total of those per-loan values across all of the customer's previous Home Credit applications.",credit_card_balance.group_by(SK_ID_PREV).min(MONTHS_BALANCE) → join onto previous_application → .group_by(SK_ID_CURR).sum(),True,5.3507,0.0,118,-7.786391,19.632609,-121.0,-92.0,-3.0,0.0,0.0,0.0,0.0,74.657,0.00713,0.05956,False,
PREV_CC_CNT_INSTALMENT_MATURE_CUM_SUM_SUM,False,800,1.688e-05,CC,credit_card_balance,CNT_INSTALMENT_MATURE_CUM,Float64,"Two-level roll-up of `CNT_INSTALMENT_MATURE_CUM` from the credit_card_balance ledger — number of paid installments on the previous credit. Step 1: per prior loan, the total of `CNT_INSTALMENT_MATURE_CUM` over that loan's monthly credit-card records. Step 2: the total of those per-loan values across all of the customer's previous Home Credit applications.",credit_card_balance.group_by(SK_ID_PREV).sum(CNT_INSTALMENT_MATURE_CUM) → join onto previous_application → .group_by(SK_ID_CURR).sum(),True,5.3507,0.0,3639,121.948951,519.3509,0.0,0.0,0.0,0.0,0.0,3081.0,4560.0,83.316,-0.00883,0.05956,False,
PREV_CC_AMT_PAYMENT_TOTAL_CURRENT_MIN_MAX,False,801,1.67e-05,CC,credit_card_balance,AMT_PAYMENT_TOTAL_CURRENT,Float64,"Two-level roll-up of `AMT_PAYMENT_TOTAL_CURRENT` from the credit_card_balance ledger — how much did the client pay during the month in total on the previous credit. Step 1: per prior loan, the minimum of `AMT_PAYMENT_TOTAL_CURRENT` over that loan's monthly credit-card records. Step 2: the maximum of those per-loan values across all of the customer's previous Home Credit applications.",credit_card_balance.group_by(SK_ID_PREV).min(AMT_PAYMENT_TOTAL_CURRENT) → join onto previous_application → .group_by(SK_ID_CURR).max(),False,74.6565,74.6565,1523,253.767209,7214.664399,0.0,0.0,0.0,0.0,0.0,4500.0,1125000.0,24.534,0.00198,0.07745,False,
BUREAU_CREDIT_DAY_OVERDUE_SUM,False,802,1.665e-05,BUREAU,bureau,CREDIT_DAY_OVERDUE,Int64,The total of `CREDIT_DAY_OVERDUE` across the customer's credit-bureau records (loans at other institutions). Source column: number of days past due on CB credit at the time of application for related loan in our sample,bureau.group_by(SK_ID_CURR).sum(CREDIT_DAY_OVERDUE),True,14.3149,0.0,880,4.235049,85.653653,0.0,0.0,0.0,0.0,0.0,9.0,5250.0,98.895,0.0063,0.10125,False,
PREV_CC_AMT_DRAWINGS_OTHER_CURRENT_SUM_MAX,False,803,1.619e-05,CC,credit_card_balance,AMT_DRAWINGS_OTHER_CURRENT,Float64,"Two-level roll-up of `AMT_DRAWINGS_OTHER_CURRENT` from the credit_card_balance ledger — amount of other drawings during the month of the previous credit. Step 1: per prior loan, the total of `AMT_DRAWINGS_OTHER_CURRENT` over that loan's monthly credit-card records. Step 2: the maximum of those per-loan values across all of the customer's previous Home Credit applications.",credit_card_balance.group_by(SK_ID_PREV).sum(AMT_DRAWINGS_OTHER_CURRENT) → join onto previous_application → .group_by(SK_ID_CURR).max(),False,74.6565,74.6565,1842,9316.798737,62480.307695,0.0,0.0,0.0,0.0,0.0,257400.0,3192750.0,23.888,0.00832,0.07745,False,
PREV_CC_AMT_DRAWINGS_OTHER_CURRENT_MEAN_MIN,False,804,1.539e-05,CC,credit_card_balance,AMT_DRAWINGS_OTHER_CURRENT,Float64,"Two-level roll-up of `AMT_DRAWINGS_OTHER_CURRENT` from the credit_card_balance ledger — amount of other drawings during the month of the previous credit. Step 1: per prior loan, the average of `AMT_DRAWINGS_OTHER_CURRENT` over that loan's monthly credit-card records. Step 2: the minimum of those per-loan values across all of the customer's previous Home Credit applications.",credit_card_balance.group_by(SK_ID_PREV).mean(AMT_DRAWINGS_OTHER_CURRENT) → join onto previous_application → .group_by(SK_ID_CURR).min(),False,82.7876,82.7876,3418,694.33193,4989.490226,0.0,0.0,0.0,0.0,0.0,18553.695652,187808.823529,15.764,0.00735,0.07516,False,
PREV_CC_CNT_DRAWINGS_CURRENT_MIN_MEAN,False,805,1.526e-05,CC,credit_card_balance,CNT_DRAWINGS_CURRENT,Float64,"Two-level roll-up of `CNT_DRAWINGS_CURRENT` from the credit_card_balance ledger — number of drawings during this month on the previous credit. Step 1: per prior loan, the minimum of `CNT_DRAWINGS_CURRENT` over that loan's monthly credit-card records. Step 2: the average of those per-loan values across all of the customer's previous Home Credit applications.",credit_card_balance.group_by(SK_ID_PREV).min(CNT_DRAWINGS_CURRENT) → join onto previous_application → .group_by(SK_ID_CURR).mean(),False,74.6565,74.6565,48,0.114257,1.119738,0.0,0.0,0.0,0.0,0.0,3.0,78.0,24.484,0.02421,0.07745,False,
PREV_CC_AMT_DRAWINGS_CURRENT_MIN_MAX,False,806,1.433e-05,CC,credit_card_balance,AMT_DRAWINGS_CURRENT,Float64,"Two-level roll-up of `AMT_DRAWINGS_CURRENT` from the credit_card_balance ledger — amount drawing during the month of the previous credit. Step 1: per prior loan, the minimum of `AMT_DRAWINGS_CURRENT` over that loan's monthly credit-card records. Step 2: the maximum of those per-loan values across all of the customer's previous Home Credit applications.",credit_card_balance.group_by(SK_ID_PREV).min(AMT_DRAWINGS_CURRENT) → join onto previous_application → .group_by(SK_ID_CURR).max(),False,74.6565,74.6565,2106,683.463572,10100.184869,0.0,0.0,0.0,0.0,0.0,13077.45,1125000.0,24.477,0.00938,0.07745,False,
FLAG_DOCUMENT_6,False,807,1.403e-05,DRIVER,application_train,FLAG_DOCUMENT_6,Int64,Did client provide document 6,taken directly from application_train (no aggregation),False,0.0,0.0,2,0.088055,0.283376,0.0,0.0,0.0,0.0,0.0,1.0,1.0,91.194,-0.0286,,False,
PREV_CC_CNT_DRAWINGS_OTHER_CURRENT_MEAN_SUM,False,808,1.378e-05,CC,credit_card_balance,CNT_DRAWINGS_OTHER_CURRENT,Float64,"Two-level roll-up of `CNT_DRAWINGS_OTHER_CURRENT` from the credit_card_balance ledger — number of other drawings during this month on the previous credit. Step 1: per prior loan, the average of `CNT_DRAWINGS_OTHER_CURRENT` over that loan's monthly credit-card records. Step 2: the total of those per-loan values across all of the customer's previous Home Credit applications.",credit_card_balance.group_by(SK_ID_PREV).mean(CNT_DRAWINGS_OTHER_CURRENT) → join onto previous_application → .group_by(SK_ID_CURR).sum(),True,5.3507,0.0,418,0.001326,0.021132,0.0,0.0,0.0,0.0,0.0,0.021978,2.0,98.539,0.01301,0.05956,False,
PREV_CC_AMT_RECEIVABLE_PRINCIPAL_MIN_SUM,False,809,1.342e-05,CC,credit_card_balance,AMT_RECEIVABLE_PRINCIPAL,Float64,"Two-level roll-up of `AMT_RECEIVABLE_PRINCIPAL` from the credit_card_balance ledger — amount receivable for principal on the previous credit. Step 1: per prior loan, the minimum of `AMT_RECEIVABLE_PRINCIPAL` over that loan's monthly credit-card records. Step 2: the total of those per-loan values across all of the customer's previous Home Credit applications.",credit_card_balance.group_by(SK_ID_PREV).min(AMT_RECEIVABLE_PRINCIPAL) → join onto previous_application → .group_by(SK_ID_CURR).sum(),True,5.3507,0.0,8354,2915.259304,23689.899034,-423305.82,0.0,0.0,0.0,0.0,103500.0,854043.075,96.507,0.03712,0.05956,False,
PREV_CC_SK_DPD_MAX_MEAN,False,810,1.329e-05,CC,credit_card_balance,SK_DPD,Float64,"Two-level roll-up of `SK_DPD` from the credit_card_balance ledger — dPD (Days past due) during the month on the previous credit. Step 1: per prior loan, the maximum of `SK_DPD` over that loan's monthly credit-card records. Step 2: the average of those per-loan values across all of the customer's previous Home Credit applications.",credit_card_balance.group_by(SK_ID_PREV).max(SK_DPD) → join onto previous_application → .group_by(SK_ID_CURR).mean(),False,74.6565,74.6565,387,12.436761,120.226959,0.0,0.0,0.0,0.0,0.0,244.0,2770.0,21.253,-0.00698,0.07745,False,
PREV_CC_AMT_DRAWINGS_POS_CURRENT_MIN_MAX,False,811,1.282e-05,CC,credit_card_balance,AMT_DRAWINGS_POS_CURRENT,Float64,"Two-level roll-up of `AMT_DRAWINGS_POS_CURRENT` from the credit_card_balance ledger — amount drawing or buying goods during the month of the previous credit. Step 1: per prior loan, the minimum of `AMT_DRAWINGS_POS_CURRENT` over that loan's monthly credit-card records. Step 2: the maximum of those per-loan values across all of the customer's previous Home Credit applications.",credit_card_balance.group_by(SK_ID_PREV).min(AMT_DRAWINGS_POS_CURRENT) → join onto previous_application → .group_by(SK_ID_CURR).max(),False,82.7876,82.7876,2489,714.179137,8288.079251,0.0,0.0,0.0,0.0,0.0,16115.715,720177.435,16.316,-0.00757,0.07516,False,
PREV_CC_CNT_DRAWINGS_OTHER_CURRENT_MEAN_MIN,False,812,1.256e-05,CC,credit_card_balance,CNT_DRAWINGS_OTHER_CURRENT,Float64,"Two-level roll-up of `CNT_DRAWINGS_OTHER_CURRENT` from the credit_card_balance ledger — number of other drawings during this month on the previous credit. Step 1: per prior loan, the average of `CNT_DRAWINGS_OTHER_CURRENT` over that loan's monthly credit-card records. Step 2: the minimum of those per-loan values across all of the customer's previous Home Credit applications.",credit_card_balance.group_by(SK_ID_PREV).mean(CNT_DRAWINGS_OTHER_CURRENT) → join onto previous_application → .group_by(SK_ID_CURR).min(),False,82.7876,82.7876,416,0.007676,0.050414,0.0,0.0,0.0,0.0,0.0,0.181818,2.0,15.759,0.0147,0.07516,False,
PREV_CC_MONTHS_BALANCE_MAX_MIN,False,813,1.254e-05,CC,credit_card_balance,MONTHS_BALANCE,Int64,"Two-level roll-up of `MONTHS_BALANCE` from the credit_card_balance ledger — month of balance relative to application date (-1 means the freshest balance date). Step 1: per prior loan, the maximum of `MONTHS_BALANCE` over that loan's monthly credit-card records. Step 2: the minimum of those per-loan values across all of the customer's previous Home Credit applications.",credit_card_balance.group_by(SK_ID_PREV).max(MONTHS_BALANCE) → join onto previous_application → .group_by(SK_ID_CURR).min(),False,74.6565,74.6565,6,-1.50299,0.687661,-5.0,-4.0,-2.0,-1.0,-1.0,-1.0,-1.0,0.0,0.02896,0.07745,False,
PREV_CC_CNT_DRAWINGS_OTHER_CURRENT_SUM_MIN,False,814,1.204e-05,CC,credit_card_balance,CNT_DRAWINGS_OTHER_CURRENT,Float64,"Two-level roll-up of `CNT_DRAWINGS_OTHER_CURRENT` from the credit_card_balance ledger — number of other drawings during this month on the previous credit. Step 1: per prior loan, the total of `CNT_DRAWINGS_OTHER_CURRENT` over that loan's monthly credit-card records. Step 2: the minimum of those per-loan values across all of the customer's previous Home Credit applications.",credit_card_balance.group_by(SK_ID_PREV).sum(CNT_DRAWINGS_OTHER_CURRENT) → join onto previous_application → .group_by(SK_ID_CURR).min(),False,74.6565,74.6565,32,0.12177,0.810337,0.0,0.0,0.0,0.0,0.0,3.0,38.0,23.894,0.00714,0.07745,False,
PREV_CC_SK_DPD_MEAN_MAX,False,815,1.199e-05,CC,credit_card_balance,SK_DPD,Float64,"Two-level roll-up of `SK_DPD` from the credit_card_balance ledger — dPD (Days past due) during the month on the previous credit. Step 1: per prior loan, the average of `SK_DPD` over that loan's monthly credit-card records. Step 2: the maximum of those per-loan values across all of the customer's previous Home Credit applications.",credit_card_balance.group_by(SK_ID_PREV).mean(SK_DPD) → join onto previous_application → .group_by(SK_ID_CURR).max(),False,74.6565,74.6565,2946,3.144463,37.826729,0.0,0.0,0.0,0.0,0.0,24.833333,1342.263158,21.253,-0.00463,0.07745,False,
PREV_CC_SK_DPD_SUM_MAX,False,816,1.189e-05,CC,credit_card_balance,SK_DPD,Int64,"Two-level roll-up of `SK_DPD` from the credit_card_balance ledger — dPD (Days past due) during the month on the previous credit. Step 1: per prior loan, the total of `SK_DPD` over that loan's monthly credit-card records. Step 2: the maximum of those per-loan values across all of the customer's previous Home Credit applications.",credit_card_balance.group_by(SK_ID_PREV).sum(SK_DPD) → join onto previous_application → .group_by(SK_ID_CURR).max(),False,74.6565,74.6565,1090,246.553212,3085.693261,0.0,0.0,0.0,0.0,0.0,1113.0,127515.0,21.253,-0.0055,0.07745,False,
PREV_RATE_INTEREST_PRIMARY_MIN,False,817,1.163e-05,PREV,previous_application,RATE_INTEREST_PRIMARY,Float64,The minimum of `RATE_INTEREST_PRIMARY` across the customer's previous Home Credit applications. Source column: interest rate normalized on previous credit,previous_application.group_by(SK_ID_CURR).min(RATE_INTEREST_PRIMARY),False,98.5012,98.5012,134,0.189377,0.091668,0.034781,0.120962,0.160716,0.189122,0.19333,0.696291,1.0,0.0,2e-05,0.08072,False,
PREV_CC_SK_DPD_DEF_MAX_MEAN,False,818,1.136e-05,CC,credit_card_balance,SK_DPD_DEF,Float64,"Two-level roll-up of `SK_DPD_DEF` from the credit_card_balance ledger — dPD (Days past due) during the month with tolerance (debts with low loan amounts are ignored) of the previous credit. Step 1: per prior loan, the maximum of `SK_DPD_DEF` over that loan's monthly credit-card records. Step 2: the average of those per-loan values across all of the customer's previous Home Credit applications.",credit_card_balance.group_by(SK_ID_PREV).max(SK_DPD_DEF) → join onto previous_application → .group_by(SK_ID_CURR).mean(),False,74.6565,74.6565,43,0.449746,2.987802,0.0,0.0,0.0,0.0,0.0,8.0,151.0,22.095,0.01644,0.07745,False,
PREV_CC_CNT_DRAWINGS_CURRENT_SUM_SUM,False,819,1.123e-05,CC,credit_card_balance,CNT_DRAWINGS_CURRENT,Int64,"Two-level roll-up of `CNT_DRAWINGS_CURRENT` from the credit_card_balance ledger — number of drawings during this month on the previous credit. Step 1: per prior loan, the total of `CNT_DRAWINGS_CURRENT` over that loan's monthly credit-card records. Step 2: the total of those per-loan values across all of the customer's previous Home Credit applications.",credit_card_balance.group_by(SK_ID_PREV).sum(CNT_DRAWINGS_CURRENT) → join onto previous_application → .group_by(SK_ID_CURR).sum(),True,5.3507,0.0,547,6.834952,29.617065,0.0,0.0,0.0,0.0,0.0,129.0,2298.0,82.93,0.03206,0.05956,False,
FLAG_EMP_PHONE,False,820,1.122e-05,DRIVER,application_train,FLAG_EMP_PHONE,Int64,"Did client provide work phone (1=YES, 0=NO)",taken directly from application_train (no aggregation),False,0.0,0.0,2,0.819889,0.38428,0.0,0.0,1.0,1.0,1.0,1.0,1.0,18.011,0.04598,,False,
LIVE_REGION_NOT_WORK_REGION,False,821,1.102e-05,DRIVER,application_train,LIVE_REGION_NOT_WORK_REGION,Int64,"Flag if client's contact address does not match work address (1=different, 0=same, at region level)",taken directly from application_train (no aggregation),False,0.0,0.0,2,0.040659,0.197499,0.0,0.0,0.0,0.0,0.0,1.0,1.0,95.934,0.00282,,False,
PREV_CC_AMT_RECIVABLE_SUM_SUM,False,822,1.084e-05,CC,credit_card_balance,AMT_RECIVABLE,Float64,"Two-level roll-up of `AMT_RECIVABLE` from the credit_card_balance ledger — amount receivable on the previous credit. Step 1: per prior loan, the total of `AMT_RECIVABLE` over that loan's monthly credit-card records. Step 2: the total of those per-loan values across all of the customer's previous Home Credit applications.",credit_card_balance.group_by(SK_ID_PREV).sum(AMT_RECIVABLE) → join onto previous_application → .group_by(SK_ID_CURR).sum(),True,5.3507,0.0,50728,515947.642066,1801878.690391,-126000.0,0.0,0.0,0.0,0.0,9774895.41,29471430.285,83.227,0.02027,0.05956,False,
PREV_CC_AMT_BALANCE_SUM_SUM,False,823,1e-05,CC,credit_card_balance,AMT_BALANCE,Float64,"Two-level roll-up of `AMT_BALANCE` from the credit_card_balance ledger — balance during the month of previous credit. Step 1: per prior loan, the total of `AMT_BALANCE` over that loan's monthly credit-card records. Step 2: the total of those per-loan values across all of the customer's previous Home Credit applications.",credit_card_balance.group_by(SK_ID_PREV).sum(AMT_BALANCE) → join onto previous_application → .group_by(SK_ID_CURR).sum(),True,5.3507,0.0,50940,518116.761717,1806594.875281,-126000.0,0.0,0.0,0.0,0.0,9789812.64,29492116.245,83.194,0.02048,0.05956,False,
PREV_CC_CNT_DRAWINGS_CURRENT_MIN_MIN,False,824,9.63e-06,CC,credit_card_balance,CNT_DRAWINGS_CURRENT,Int64,"Two-level roll-up of `CNT_DRAWINGS_CURRENT` from the credit_card_balance ledger — number of drawings during this month on the previous credit. Step 1: per prior loan, the minimum of `CNT_DRAWINGS_CURRENT` over that loan's monthly credit-card records. Step 2: the minimum of those per-loan values across all of the customer's previous Home Credit applications.",credit_card_balance.group_by(SK_ID_PREV).min(CNT_DRAWINGS_CURRENT) → join onto previous_application → .group_by(SK_ID_CURR).min(),False,74.6565,74.6565,44,0.11316,1.116396,0.0,0.0,0.0,0.0,0.0,3.0,78.0,24.495,0.02445,0.07745,False,
PREV_CC_SK_DPD_MAX_MIN,False,825,9.58e-06,CC,credit_card_balance,SK_DPD,Int64,"Two-level roll-up of `SK_DPD` from the credit_card_balance ledger — dPD (Days past due) during the month on the previous credit. Step 1: per prior loan, the maximum of `SK_DPD` over that loan's monthly credit-card records. Step 2: the minimum of those per-loan values across all of the customer's previous Home Credit applications.",credit_card_balance.group_by(SK_ID_PREV).max(SK_DPD) → join onto previous_application → .group_by(SK_ID_CURR).min(),False,74.6565,74.6565,374,12.416506,120.21246,0.0,0.0,0.0,0.0,0.0,244.0,2770.0,21.28,-0.00694,0.07745,False,
PREV_CC_AMT_TOTAL_RECEIVABLE_SUM_MIN,False,826,9.3e-06,CC,credit_card_balance,AMT_TOTAL_RECEIVABLE,Float64,"Two-level roll-up of `AMT_TOTAL_RECEIVABLE` from the credit_card_balance ledger — total amount receivable on the previous credit. Step 1: per prior loan, the total of `AMT_TOTAL_RECEIVABLE` over that loan's monthly credit-card records. Step 2: the minimum of those per-loan values across all of the customer's previous Home Credit applications.",credit_card_balance.group_by(SK_ID_PREV).sum(AMT_TOTAL_RECEIVABLE) → join onto previous_application → .group_by(SK_ID_CURR).min(),False,74.6565,74.6565,50577,2027874.50447,3115093.196664,-126000.0,0.0,0.0,603913.185,2783854.035,13666074.75,29471430.285,8.621,0.02342,0.07745,False,
PREV_CC_SK_DPD_MAX_MAX,False,827,8.97e-06,CC,credit_card_balance,SK_DPD,Int64,"Two-level roll-up of `SK_DPD` from the credit_card_balance ledger — dPD (Days past due) during the month on the previous credit. Step 1: per prior loan, the maximum of `SK_DPD` over that loan's monthly credit-card records. Step 2: the maximum of those per-loan values across all of the customer's previous Home Credit applications.",credit_card_balance.group_by(SK_ID_PREV).max(SK_DPD) → join onto previous_application → .group_by(SK_ID_CURR).max(),False,74.6565,74.6565,376,12.457015,120.274627,0.0,0.0,0.0,0.0,0.0,245.0,2770.0,21.253,-0.00703,0.07745,False,
PREV_CC_AMT_INST_MIN_REGULARITY_MIN_MIN,False,828,8.79e-06,CC,credit_card_balance,AMT_INST_MIN_REGULARITY,Float64,"Two-level roll-up of `AMT_INST_MIN_REGULARITY` from the credit_card_balance ledger — minimal installment for this month of the previous credit. Step 1: per prior loan, the minimum of `AMT_INST_MIN_REGULARITY` over that loan's monthly credit-card records. Step 2: the minimum of those per-loan values across all of the customer's previous Home Credit applications.",credit_card_balance.group_by(SK_ID_PREV).min(AMT_INST_MIN_REGULARITY) → join onto previous_application → .group_by(SK_ID_CURR).min(),False,74.6565,74.6565,2264,258.123111,1445.44038,0.0,0.0,0.0,0.0,0.0,7746.48,34098.39,23.94,0.00151,0.07745,False,
PREV_RATE_INTEREST_PRIVILEGED_MAX,False,829,8.44e-06,PREV,previous_application,RATE_INTEREST_PRIVILEGED,Float64,The maximum of `RATE_INTEREST_PRIVILEGED` across the customer's previous Home Credit applications. Source column: interest rate normalized on previous credit,previous_application.group_by(SK_ID_CURR).max(RATE_INTEREST_PRIVILEGED),False,98.5012,98.5012,24,0.772502,0.100348,0.37315,0.513742,0.715645,0.835095,0.852537,0.867336,1.0,0.0,0.03142,0.08072,False,
PREV_CC_SK_DPD_DEF_SUM_MEAN,False,830,7.5e-06,CC,credit_card_balance,SK_DPD_DEF,Float64,"Two-level roll-up of `SK_DPD_DEF` from the credit_card_balance ledger — dPD (Days past due) during the month with tolerance (debts with low loan amounts are ignored) of the previous credit. Step 1: per prior loan, the total of `SK_DPD_DEF` over that loan's monthly credit-card records. Step 2: the average of those per-loan values across all of the customer's previous Home Credit applications.",credit_card_balance.group_by(SK_ID_PREV).sum(SK_DPD_DEF) → join onto previous_application → .group_by(SK_ID_CURR).mean(),False,74.6565,74.6565,182,1.311494,9.525266,0.0,0.0,0.0,0.0,0.0,23.0,642.0,22.095,0.00943,0.07745,False,
FLAG_DOCUMENT_11,False,831,7.46e-06,DRIVER,application_train,FLAG_DOCUMENT_11,Int64,Did client provide document 11,taken directly from application_train (no aggregation),False,0.0,0.0,2,0.003912,0.062424,0.0,0.0,0.0,0.0,0.0,0.0,1.0,99.609,-0.00423,,False,
REG_REGION_NOT_LIVE_REGION,False,832,7.21e-06,DRIVER,application_train,REG_REGION_NOT_LIVE_REGION,Int64,"Flag if client's permanent address does not match contact address (1=different, 0=same, at region level)",taken directly from application_train (no aggregation),False,0.0,0.0,2,0.015144,0.122126,0.0,0.0,0.0,0.0,0.0,1.0,1.0,98.486,0.00558,,False,
REG_REGION_NOT_WORK_REGION,False,833,7.09e-06,DRIVER,application_train,REG_REGION_NOT_WORK_REGION,Int64,"Flag if client's permanent address does not match work address (1=different, 0=same, at region level)",taken directly from application_train (no aggregation),False,0.0,0.0,2,0.050769,0.219526,0.0,0.0,0.0,0.0,0.0,1.0,1.0,94.923,0.00694,,False,
PREV_FLAG_LAST_APPL_PER_CONTRACT_Y_RATE,False,834,7.04e-06,PREV,previous_application,FLAG_LAST_APPL_PER_CONTRACT,Float64,"Share of the customer's previous Home Credit applications whose `FLAG_LAST_APPL_PER_CONTRACT` equals ""Y"" (0 = never, 1 = always). Source column: flag if it was last application for the previous contract. Sometimes by mistake of client or our clerk there could be more applications for one single contract",previous_application.group_by(SK_ID_CURR).mean(FLAG_LAST_APPL_PER_CONTRACT == 'Y'),True,5.3507,0.0,136,0.943641,0.225901,0.0,0.0,1.0,1.0,1.0,1.0,1.0,5.351,-0.00851,0.05956,False,
PREV_CC_AMT_DRAWINGS_OTHER_CURRENT_MAX_SUM,False,835,7.02e-06,CC,credit_card_balance,AMT_DRAWINGS_OTHER_CURRENT,Float64,"Two-level roll-up of `AMT_DRAWINGS_OTHER_CURRENT` from the credit_card_balance ledger — amount of other drawings during the month of the previous credit. Step 1: per prior loan, the maximum of `AMT_DRAWINGS_OTHER_CURRENT` over that loan's monthly credit-card records. Step 2: the total of those per-loan values across all of the customer's previous Home Credit applications.",credit_card_balance.group_by(SK_ID_PREV).max(AMT_DRAWINGS_OTHER_CURRENT) → join onto previous_application → .group_by(SK_ID_CURR).sum(),True,5.3507,0.0,1262,1843.033121,22428.589365,0.0,0.0,0.0,0.0,0.0,46350.0,1529847.0,98.544,0.00871,0.05956,False,
PREV_CC_CNT_DRAWINGS_OTHER_CURRENT_SUM_MEAN,False,836,6.92e-06,CC,credit_card_balance,CNT_DRAWINGS_OTHER_CURRENT,Float64,"Two-level roll-up of `CNT_DRAWINGS_OTHER_CURRENT` from the credit_card_balance ledger — number of other drawings during this month on the previous credit. Step 1: per prior loan, the total of `CNT_DRAWINGS_OTHER_CURRENT` over that loan's monthly credit-card records. Step 2: the average of those per-loan values across all of the customer's previous Home Credit applications.",credit_card_balance.group_by(SK_ID_PREV).sum(CNT_DRAWINGS_OTHER_CURRENT) → join onto previous_application → .group_by(SK_ID_CURR).mean(),False,74.6565,74.6565,34,0.122123,0.810622,0.0,0.0,0.0,0.0,0.0,3.0,38.0,23.883,0.00727,0.07745,False,
PREV_CC_SK_DPD_MEAN_SUM,False,837,6.67e-06,CC,credit_card_balance,SK_DPD,Float64,"Two-level roll-up of `SK_DPD` from the credit_card_balance ledger — dPD (Days past due) during the month on the previous credit. Step 1: per prior loan, the average of `SK_DPD` over that loan's monthly credit-card records. Step 2: the total of those per-loan values across all of the customer's previous Home Credit applications.",credit_card_balance.group_by(SK_ID_PREV).mean(SK_DPD) → join onto previous_application → .group_by(SK_ID_CURR).sum(),True,5.3507,0.0,2947,0.796917,19.091817,0.0,0.0,0.0,0.0,0.0,0.636364,1342.263158,95.91,-0.00118,0.05956,False,
PREV_CC_AMT_DRAWINGS_ATM_CURRENT_MIN_MEAN,False,838,6.63e-06,CC,credit_card_balance,AMT_DRAWINGS_ATM_CURRENT,Float64,"Two-level roll-up of `AMT_DRAWINGS_ATM_CURRENT` from the credit_card_balance ledger — amount drawing at ATM during the month of the previous credit. Step 1: per prior loan, the minimum of `AMT_DRAWINGS_ATM_CURRENT` over that loan's monthly credit-card records. Step 2: the average of those per-loan values across all of the customer's previous Home Credit applications.",credit_card_balance.group_by(SK_ID_PREV).min(AMT_DRAWINGS_ATM_CURRENT) → join onto previous_application → .group_by(SK_ID_CURR).mean(),False,82.7876,82.7876,142,748.836929,12386.97075,-6827.31,0.0,0.0,0.0,0.0,9000.0,904500.0,16.939,0.01219,0.07516,False,
PREV_CC_AMT_DRAWINGS_CURRENT_MIN_MEAN,False,839,6.62e-06,CC,credit_card_balance,AMT_DRAWINGS_CURRENT,Float64,"Two-level roll-up of `AMT_DRAWINGS_CURRENT` from the credit_card_balance ledger — amount drawing during the month of the previous credit. Step 1: per prior loan, the minimum of `AMT_DRAWINGS_CURRENT` over that loan's monthly credit-card records. Step 2: the average of those per-loan values across all of the customer's previous Home Credit applications.",credit_card_balance.group_by(SK_ID_PREV).min(AMT_DRAWINGS_CURRENT) → join onto previous_application → .group_by(SK_ID_CURR).mean(),False,74.6565,74.6565,2106,671.722449,9890.785698,0.0,0.0,0.0,0.0,0.0,12946.5,1125000.0,24.477,0.00993,0.07745,False,
AMT_REQ_CREDIT_BUREAU_HOUR,False,840,6.44e-06,DRIVER,application_train,AMT_REQ_CREDIT_BUREAU_HOUR,Float64,Number of enquiries to Credit Bureau about the client one hour before application,taken directly from application_train (no aggregation),False,13.5016,13.5016,6,0.006402,0.083849,0.0,0.0,0.0,0.0,0.0,0.0,4.0,85.97,0.00093,0.10337,False,
PREV_CC_AMT_INST_MIN_REGULARITY_MIN_SUM,False,841,6.29e-06,CC,credit_card_balance,AMT_INST_MIN_REGULARITY,Float64,"Two-level roll-up of `AMT_INST_MIN_REGULARITY` from the credit_card_balance ledger — minimal installment for this month of the previous credit. Step 1: per prior loan, the minimum of `AMT_INST_MIN_REGULARITY` over that loan's monthly credit-card records. Step 2: the total of those per-loan values across all of the customer's previous Home Credit applications.",credit_card_balance.group_by(SK_ID_PREV).min(AMT_INST_MIN_REGULARITY) → join onto previous_application → .group_by(SK_ID_CURR).sum(),True,5.3507,0.0,2264,65.436024,736.346729,0.0,0.0,0.0,0.0,0.0,2250.0,34098.39,98.596,0.00362,0.05956,False,
PREV_CC_AMT_DRAWINGS_OTHER_CURRENT_MEAN_MAX,False,842,6.21e-06,CC,credit_card_balance,AMT_DRAWINGS_OTHER_CURRENT,Float64,"Two-level roll-up of `AMT_DRAWINGS_OTHER_CURRENT` from the credit_card_balance ledger — amount of other drawings during the month of the previous credit. Step 1: per prior loan, the average of `AMT_DRAWINGS_OTHER_CURRENT` over that loan's monthly credit-card records. Step 2: the maximum of those per-loan values across all of the customer's previous Home Credit applications.",credit_card_balance.group_by(SK_ID_PREV).mean(AMT_DRAWINGS_OTHER_CURRENT) → join onto previous_application → .group_by(SK_ID_CURR).max(),False,82.7876,82.7876,3431,697.538992,4995.303343,0.0,0.0,0.0,0.0,0.0,18562.5,187808.823529,15.757,0.00736,0.07516,False,
PREV_CC_AMT_TOTAL_RECEIVABLE_SUM_MAX,False,843,6.07e-06,CC,credit_card_balance,AMT_TOTAL_RECEIVABLE,Float64,"Two-level roll-up of `AMT_TOTAL_RECEIVABLE` from the credit_card_balance ledger — total amount receivable on the previous credit. Step 1: per prior loan, the total of `AMT_TOTAL_RECEIVABLE` over that loan's monthly credit-card records. Step 2: the maximum of those per-loan values across all of the customer's previous Home Credit applications.",credit_card_balance.group_by(SK_ID_PREV).sum(AMT_TOTAL_RECEIVABLE) → join onto previous_application → .group_by(SK_ID_CURR).max(),False,74.6565,74.6565,50721,2034669.428968,3116110.548367,-126000.0,0.0,0.0,613086.345,2797801.425,13666074.75,29471430.285,8.57,0.0236,0.07745,False,
PREV_CC_SK_DPD_SUM_SUM,False,844,5.94e-06,CC,credit_card_balance,SK_DPD,Int64,"Two-level roll-up of `SK_DPD` from the credit_card_balance ledger — dPD (Days past due) during the month on the previous credit. Step 1: per prior loan, the total of `SK_DPD` over that loan's monthly credit-card records. Step 2: the total of those per-loan values across all of the customer's previous Home Credit applications.",credit_card_balance.group_by(SK_ID_PREV).sum(SK_DPD) → join onto previous_application → .group_by(SK_ID_CURR).sum(),True,5.3507,0.0,1090,62.485199,1557.099538,0.0,0.0,0.0,0.0,0.0,21.0,127515.0,95.91,-0.0017,0.05956,False,
PREV_RATE_INTEREST_PRIMARY_MEAN,False,845,5.86e-06,PREV,previous_application,RATE_INTEREST_PRIMARY,Float64,The average of `RATE_INTEREST_PRIMARY` across the customer's previous Home Credit applications. Source column: interest rate normalized on previous credit,previous_application.group_by(SK_ID_CURR).mean(RATE_INTEREST_PRIMARY),False,98.5012,98.5012,185,0.189817,0.091713,0.034781,0.124136,0.160716,0.189122,0.19333,0.696291,1.0,0.0,-0.00027,0.08072,False,
PREV_RATE_INTEREST_PRIVILEGED_MEAN,False,846,5.82e-06,PREV,previous_application,RATE_INTEREST_PRIVILEGED,Float64,The average of `RATE_INTEREST_PRIVILEGED` across the customer's previous Home Credit applications. Source column: interest rate normalized on previous credit,previous_application.group_by(SK_ID_CURR).mean(RATE_INTEREST_PRIVILEGED),False,98.5012,98.5012,46,0.771133,0.100105,0.37315,0.513742,0.715645,0.835095,0.852537,0.867336,1.0,0.0,0.03114,0.08072,False,
PREV_NAME_CLIENT_TYPE_XNA_RATE,False,847,5.79e-06,PREV,previous_application,NAME_CLIENT_TYPE,Float64,"Share of the customer's previous Home Credit applications whose `NAME_CLIENT_TYPE` equals ""XNA"" (0 = never, 1 = always). Source column: was the client old or new client when applying for the previous application",previous_application.group_by(SK_ID_CURR).mean(NAME_CLIENT_TYPE == 'XNA'),True,5.3507,0.0,78,0.000892,0.018797,0.0,0.0,0.0,0.0,0.0,0.0,1.0,99.646,0.00169,0.05956,False,
PREV_CC_AMT_TOTAL_RECEIVABLE_MEAN_MEAN,False,848,5.67e-06,CC,credit_card_balance,AMT_TOTAL_RECEIVABLE,Float64,"Two-level roll-up of `AMT_TOTAL_RECEIVABLE` from the credit_card_balance ledger — total amount receivable on the previous credit. Step 1: per prior loan, the average of `AMT_TOTAL_RECEIVABLE` over that loan's monthly credit-card records. Step 2: the average of those per-loan values across all of the customer's previous Home Credit applications.",credit_card_balance.group_by(SK_ID_PREV).mean(AMT_TOTAL_RECEIVABLE) → join onto previous_application → .group_by(SK_ID_CURR).mean(),False,74.6565,74.6565,51341,75101.9839,112968.449441,-2930.232558,0.0,0.0,28552.5075,105342.035625,530885.922,913096.639286,8.57,0.08597,0.07745,False,
PREV_CC_AMT_DRAWINGS_OTHER_CURRENT_SUM_SUM,False,849,5.57e-06,CC,credit_card_balance,AMT_DRAWINGS_OTHER_CURRENT,Float64,"Two-level roll-up of `AMT_DRAWINGS_OTHER_CURRENT` from the credit_card_balance ledger — amount of other drawings during the month of the previous credit. Step 1: per prior loan, the total of `AMT_DRAWINGS_OTHER_CURRENT` over that loan's monthly credit-card records. Step 2: the total of those per-loan values across all of the customer's previous Home Credit applications.",credit_card_balance.group_by(SK_ID_PREV).sum(AMT_DRAWINGS_OTHER_CURRENT) → join onto previous_application → .group_by(SK_ID_CURR).sum(),True,5.3507,0.0,1842,2361.464989,31716.065984,0.0,0.0,0.0,0.0,0.0,52612.785,3192750.0,98.544,0.00682,0.05956,False,
PREV_CC_AMT_TOTAL_RECEIVABLE_MAX_MEAN,False,850,5.55e-06,CC,credit_card_balance,AMT_TOTAL_RECEIVABLE,Float64,"Two-level roll-up of `AMT_TOTAL_RECEIVABLE` from the credit_card_balance ledger — total amount receivable on the previous credit. Step 1: per prior loan, the maximum of `AMT_TOTAL_RECEIVABLE` over that loan's monthly credit-card records. Step 2: the average of those per-loan values across all of the customer's previous Home Credit applications.",credit_card_balance.group_by(SK_ID_PREV).max(AMT_TOTAL_RECEIVABLE) → join onto previous_application → .group_by(SK_ID_CURR).mean(),False,74.6565,74.6565,48889,146544.924962,178756.484456,0.0,0.0,0.0,95778.72,208111.995,796590.09,1354829.265,8.593,0.06852,0.07745,False,
PREV_CC_AMT_PAYMENT_TOTAL_CURRENT_MIN_MEAN,False,851,5.51e-06,CC,credit_card_balance,AMT_PAYMENT_TOTAL_CURRENT,Float64,"Two-level roll-up of `AMT_PAYMENT_TOTAL_CURRENT` from the credit_card_balance ledger — how much did the client pay during the month in total on the previous credit. Step 1: per prior loan, the minimum of `AMT_PAYMENT_TOTAL_CURRENT` over that loan's monthly credit-card records. Step 2: the average of those per-loan values across all of the customer's previous Home Credit applications.",credit_card_balance.group_by(SK_ID_PREV).min(AMT_PAYMENT_TOTAL_CURRENT) → join onto previous_application → .group_by(SK_ID_CURR).mean(),False,74.6565,74.6565,1523,250.536882,7151.751993,0.0,0.0,0.0,0.0,0.0,4500.0,1125000.0,24.534,0.00205,0.07745,False,
PREV_CC_AMT_DRAWINGS_CURRENT_MIN_SUM,False,852,4.94e-06,CC,credit_card_balance,AMT_DRAWINGS_CURRENT,Float64,"Two-level roll-up of `AMT_DRAWINGS_CURRENT` from the credit_card_balance ledger — amount drawing during the month of the previous credit. Step 1: per prior loan, the minimum of `AMT_DRAWINGS_CURRENT` over that loan's monthly credit-card records. Step 2: the total of those per-loan values across all of the customer's previous Home Credit applications.",credit_card_balance.group_by(SK_ID_PREV).min(AMT_DRAWINGS_CURRENT) → join onto previous_application → .group_by(SK_ID_CURR).sum(),True,5.3507,0.0,2106,173.213479,5093.325918,0.0,0.0,0.0,0.0,0.0,0.0,1125000.0,99.134,0.00614,0.05956,False,
PREV_CC_AMT_BALANCE_MIN_SUM,False,853,4.86e-06,CC,credit_card_balance,AMT_BALANCE,Float64,"Two-level roll-up of `AMT_BALANCE` from the credit_card_balance ledger — balance during the month of previous credit. Step 1: per prior loan, the minimum of `AMT_BALANCE` over that loan's monthly credit-card records. Step 2: the total of those per-loan values across all of the customer's previous Home Credit applications.",credit_card_balance.group_by(SK_ID_PREV).min(AMT_BALANCE) → join onto previous_application → .group_by(SK_ID_CURR).sum(),True,5.3507,0.0,11322,3038.910813,24503.734832,-420250.185,0.0,0.0,0.0,0.0,108457.74,869873.535,96.013,0.03764,0.05956,False,
PREV_CC_CNT_DRAWINGS_CURRENT_MIN_MAX,False,854,4.86e-06,CC,credit_card_balance,CNT_DRAWINGS_CURRENT,Int64,"Two-level roll-up of `CNT_DRAWINGS_CURRENT` from the credit_card_balance ledger — number of drawings during this month on the previous credit. Step 1: per prior loan, the minimum of `CNT_DRAWINGS_CURRENT` over that loan's monthly credit-card records. Step 2: the maximum of those per-loan values across all of the customer's previous Home Credit applications.",credit_card_balance.group_by(SK_ID_PREV).min(CNT_DRAWINGS_CURRENT) → join onto previous_application → .group_by(SK_ID_CURR).max(),False,74.6565,74.6565,45,0.115354,1.129922,0.0,0.0,0.0,0.0,0.0,3.0,78.0,24.484,0.02382,0.07745,False,
PREV_NFLAG_INSURED_ON_APPROVAL_MIN,False,855,4.66e-06,PREV,previous_application,NFLAG_INSURED_ON_APPROVAL,Float64,The minimum of `NFLAG_INSURED_ON_APPROVAL` across the customer's previous Home Credit applications. Source column: did the client requested insurance during the previous application,previous_application.group_by(SK_ID_CURR).min(NFLAG_INSURED_ON_APPROVAL),False,5.7725,5.7725,3,0.073295,0.260621,0.0,0.0,0.0,0.0,0.0,1.0,1.0,87.321,0.01169,0.06118,False,
DAYS_EMPLOYED_ANOMALY,False,856,4.41e-06,DRIVER_DERIVED,application_train,DAYS_EMPLOYED,Int8,"1 if `DAYS_EMPLOYED` held the `365243` ""never employed"" sentinel, else 0. The sentinel is nulled out of the value column (it would otherwise drag the mean from a median of ~-1,200 days to ~+63,800 and destroy any scaling), but the group itself is predictive — it defaults at ~5.4% against ~8.7% for everyone else — so its membership is preserved here.","application_train: (DAYS_EMPLOYED == 365243), before the value is nulled",False,0.0,0.0,2,0.180072,0.384248,0.0,0.0,0.0,0.0,0.0,1.0,1.0,81.993,-0.04599,,False,
PREV_CC_AMT_TOTAL_RECEIVABLE_MEAN_MAX,False,857,4.25e-06,CC,credit_card_balance,AMT_TOTAL_RECEIVABLE,Float64,"Two-level roll-up of `AMT_TOTAL_RECEIVABLE` from the credit_card_balance ledger — total amount receivable on the previous credit. Step 1: per prior loan, the average of `AMT_TOTAL_RECEIVABLE` over that loan's monthly credit-card records. Step 2: the maximum of those per-loan values across all of the customer's previous Home Credit applications.",credit_card_balance.group_by(SK_ID_PREV).mean(AMT_TOTAL_RECEIVABLE) → join onto previous_application → .group_by(SK_ID_CURR).max(),False,74.6565,74.6565,51340,75228.633302,113038.00344,-2930.232558,0.0,0.0,28659.086471,105662.02117,530885.922,913096.639286,8.57,0.08614,0.07745,False,
PREV_CC_AMT_PAYMENT_CURRENT_MIN_SUM,False,858,4.25e-06,CC,credit_card_balance,AMT_PAYMENT_CURRENT,Float64,"Two-level roll-up of `AMT_PAYMENT_CURRENT` from the credit_card_balance ledger — how much did the client pay during the month on the previous credit. Step 1: per prior loan, the minimum of `AMT_PAYMENT_CURRENT` over that loan's monthly credit-card records. Step 2: the total of those per-loan values across all of the customer's previous Home Credit applications.",credit_card_balance.group_by(SK_ID_PREV).min(AMT_PAYMENT_CURRENT) → join onto previous_application → .group_by(SK_ID_CURR).sum(),True,5.3507,0.0,8640,422.83168,5161.541251,0.0,0.0,0.0,0.0,0.0,10800.0,1125000.0,93.315,0.01195,0.05956,False,
PREV_CC_AMT_DRAWINGS_POS_CURRENT_MIN_SUM,False,859,4.04e-06,CC,credit_card_balance,AMT_DRAWINGS_POS_CURRENT,Float64,"Two-level roll-up of `AMT_DRAWINGS_POS_CURRENT` from the credit_card_balance ledger — amount drawing or buying goods during the month of the previous credit. Step 1: per prior loan, the minimum of `AMT_DRAWINGS_POS_CURRENT` over that loan's monthly credit-card records. Step 2: the total of those per-loan values across all of the customer's previous Home Credit applications.",credit_card_balance.group_by(SK_ID_PREV).min(AMT_DRAWINGS_POS_CURRENT) → join onto previous_application → .group_by(SK_ID_CURR).sum(),True,5.3507,0.0,2489,122.927315,3449.06904,0.0,0.0,0.0,0.0,0.0,0.0,720177.435,99.104,-0.00022,0.05956,False,
PREV_CC_AMT_PAYMENT_TOTAL_CURRENT_MIN_MIN,False,860,3.8e-06,CC,credit_card_balance,AMT_PAYMENT_TOTAL_CURRENT,Float64,"Two-level roll-up of `AMT_PAYMENT_TOTAL_CURRENT` from the credit_card_balance ledger — how much did the client pay during the month in total on the previous credit. Step 1: per prior loan, the minimum of `AMT_PAYMENT_TOTAL_CURRENT` over that loan's monthly credit-card records. Step 2: the minimum of those per-loan values across all of the customer's previous Home Credit applications.",credit_card_balance.group_by(SK_ID_PREV).min(AMT_PAYMENT_TOTAL_CURRENT) → join onto previous_application → .group_by(SK_ID_CURR).min(),False,74.6565,74.6565,1504,247.306554,7130.732535,0.0,0.0,0.0,0.0,0.0,4500.0,1125000.0,24.542,0.00211,0.07745,False,
FLAG_DOCUMENT_14,False,861,3.8e-06,DRIVER,application_train,FLAG_DOCUMENT_14,Int64,Did client provide document 14,taken directly from application_train (no aggregation),False,0.0,0.0,2,0.002936,0.05411,0.0,0.0,0.0,0.0,0.0,0.0,1.0,99.706,-0.00946,,False,
PREV_CC_AMT_DRAWINGS_OTHER_CURRENT_MEAN_SUM,False,862,3.05e-06,CC,credit_card_balance,AMT_DRAWINGS_OTHER_CURRENT,Float64,"Two-level roll-up of `AMT_DRAWINGS_OTHER_CURRENT` from the credit_card_balance ledger — amount of other drawings during the month of the previous credit. Step 1: per prior loan, the average of `AMT_DRAWINGS_OTHER_CURRENT` over that loan's monthly credit-card records. Step 2: the total of those per-loan values across all of the customer's previous Home Credit applications.",credit_card_balance.group_by(SK_ID_PREV).mean(AMT_DRAWINGS_OTHER_CURRENT) → join onto previous_application → .group_by(SK_ID_CURR).sum(),True,5.3507,0.0,3431,120.065953,2089.103283,0.0,0.0,0.0,0.0,0.0,1063.636364,187808.823529,98.544,0.00903,0.05956,False,
PREV_NAME_PAYMENT_TYPE_NUNIQUE,False,863,2.95e-06,PREV,previous_application,NAME_PAYMENT_TYPE,UInt32,Number of distinct `NAME_PAYMENT_TYPE` values across the customer's previous Home Credit applications (4 distinct values exist in the source table). Source column: payment method that client chose to pay for the previous application,previous_application.group_by(SK_ID_CURR).n_unique(NAME_PAYMENT_TYPE),True,5.3507,0.0,5,1.525145,0.618988,0.0,0.0,1.0,2.0,2.0,3.0,4.0,5.351,0.01485,0.05956,False,
PREV_CC_CNT_DRAWINGS_CURRENT_MIN_SUM,False,864,2.94e-06,CC,credit_card_balance,CNT_DRAWINGS_CURRENT,Int64,"Two-level roll-up of `CNT_DRAWINGS_CURRENT` from the credit_card_balance ledger — number of drawings during this month on the previous credit. Step 1: per prior loan, the minimum of `CNT_DRAWINGS_CURRENT` over that loan's monthly credit-card records. Step 2: the total of those per-loan values across all of the customer's previous Home Credit applications.",credit_card_balance.group_by(SK_ID_PREV).min(CNT_DRAWINGS_CURRENT) → join onto previous_application → .group_by(SK_ID_CURR).sum(),True,5.3507,0.0,45,0.029235,0.571035,0.0,0.0,0.0,0.0,0.0,0.0,78.0,99.14,0.01446,0.05956,False,
PREV_CC_CNT_DRAWINGS_OTHER_CURRENT_MAX_MAX,False,865,2.94e-06,CC,credit_card_balance,CNT_DRAWINGS_OTHER_CURRENT,Float64,"Two-level roll-up of `CNT_DRAWINGS_OTHER_CURRENT` from the credit_card_balance ledger — number of other drawings during this month on the previous credit. Step 1: per prior loan, the maximum of `CNT_DRAWINGS_OTHER_CURRENT` over that loan's monthly credit-card records. Step 2: the maximum of those per-loan values across all of the customer's previous Home Credit applications.",credit_card_balance.group_by(SK_ID_PREV).max(CNT_DRAWINGS_OTHER_CURRENT) → join onto previous_application → .group_by(SK_ID_CURR).max(),False,82.7876,82.7876,12,0.109239,0.420668,0.0,0.0,0.0,0.0,0.0,2.0,12.0,15.752,0.00267,0.07516,False,
FLAG_DOCUMENT_5,False,866,2.9e-06,DRIVER,application_train,FLAG_DOCUMENT_5,Int64,Did client provide document 5,taken directly from application_train (no aggregation),False,0.0,0.0,2,0.015115,0.12201,0.0,0.0,0.0,0.0,0.0,1.0,1.0,98.489,-0.00032,,False,
PREV_CC_CNT_DRAWINGS_OTHER_CURRENT_MEAN_MAX,False,867,2.84e-06,CC,credit_card_balance,CNT_DRAWINGS_OTHER_CURRENT,Float64,"Two-level roll-up of `CNT_DRAWINGS_OTHER_CURRENT` from the credit_card_balance ledger — number of other drawings during this month on the previous credit. Step 1: per prior loan, the average of `CNT_DRAWINGS_OTHER_CURRENT` over that loan's monthly credit-card records. Step 2: the maximum of those per-loan values across all of the customer's previous Home Credit applications.",credit_card_balance.group_by(SK_ID_PREV).mean(CNT_DRAWINGS_OTHER_CURRENT) → join onto previous_application → .group_by(SK_ID_CURR).max(),False,82.7876,82.7876,417,0.007702,0.050446,0.0,0.0,0.0,0.0,0.0,0.181818,2.0,15.752,0.01467,0.07516,False,
PREV_RATE_INTEREST_PRIVILEGED_MIN,False,868,2.64e-06,PREV,previous_application,RATE_INTEREST_PRIVILEGED,Float64,The minimum of `RATE_INTEREST_PRIVILEGED` across the customer's previous Home Credit applications. Source column: interest rate normalized on previous credit,previous_application.group_by(SK_ID_CURR).min(RATE_INTEREST_PRIVILEGED),False,98.5012,98.5012,24,0.769777,0.101053,0.37315,0.502114,0.715645,0.835095,0.852537,0.867336,1.0,0.0,0.03067,0.08072,False,
PREV_CC_AMT_INST_MIN_REGULARITY_MIN_MAX,False,869,2.61e-06,CC,credit_card_balance,AMT_INST_MIN_REGULARITY,Float64,"Two-level roll-up of `AMT_INST_MIN_REGULARITY` from the credit_card_balance ledger — minimal installment for this month of the previous credit. Step 1: per prior loan, the minimum of `AMT_INST_MIN_REGULARITY` over that loan's monthly credit-card records. Step 2: the maximum of those per-loan values across all of the customer's previous Home Credit applications.",credit_card_balance.group_by(SK_ID_PREV).min(AMT_INST_MIN_REGULARITY) → join onto previous_application → .group_by(SK_ID_CURR).max(),False,74.6565,74.6565,2264,258.196644,1445.573014,0.0,0.0,0.0,0.0,0.0,7746.48,34098.39,23.94,0.00149,0.07745,False,
PREV_CC_AMT_PAYMENT_TOTAL_CURRENT_MIN_SUM,False,870,2.52e-06,CC,credit_card_balance,AMT_PAYMENT_TOTAL_CURRENT,Float64,"Two-level roll-up of `AMT_PAYMENT_TOTAL_CURRENT` from the credit_card_balance ledger — how much did the client pay during the month in total on the previous credit. Step 1: per prior loan, the minimum of `AMT_PAYMENT_TOTAL_CURRENT` over that loan's monthly credit-card records. Step 2: the total of those per-loan values across all of the customer's previous Home Credit applications.",credit_card_balance.group_by(SK_ID_PREV).min(AMT_PAYMENT_TOTAL_CURRENT) → join onto previous_application → .group_by(SK_ID_CURR).sum(),True,5.3507,0.0,1523,64.313451,3633.68844,0.0,0.0,0.0,0.0,0.0,0.0,1125000.0,99.191,0.00163,0.05956,False,
PREV_CC_CNT_DRAWINGS_OTHER_CURRENT_SUM_MAX,False,871,2.33e-06,CC,credit_card_balance,CNT_DRAWINGS_OTHER_CURRENT,Float64,"Two-level roll-up of `CNT_DRAWINGS_OTHER_CURRENT` from the credit_card_balance ledger — number of other drawings during this month on the previous credit. Step 1: per prior loan, the total of `CNT_DRAWINGS_OTHER_CURRENT` over that loan's monthly credit-card records. Step 2: the maximum of those per-loan values across all of the customer's previous Home Credit applications.",credit_card_balance.group_by(SK_ID_PREV).sum(CNT_DRAWINGS_OTHER_CURRENT) → join onto previous_application → .group_by(SK_ID_CURR).max(),False,74.6565,74.6565,32,0.122475,0.811394,0.0,0.0,0.0,0.0,0.0,3.0,38.0,23.883,0.00741,0.07745,False,
PREV_CC_CNT_DRAWINGS_ATM_CURRENT_MIN_MEAN,False,872,2.16e-06,CC,credit_card_balance,CNT_DRAWINGS_ATM_CURRENT,Float64,"Two-level roll-up of `CNT_DRAWINGS_ATM_CURRENT` from the credit_card_balance ledger — number of drawings at ATM during this month on the previous credit. Step 1: per prior loan, the minimum of `CNT_DRAWINGS_ATM_CURRENT` over that loan's monthly credit-card records. Step 2: the average of those per-loan values across all of the customer's previous Home Credit applications.",credit_card_balance.group_by(SK_ID_PREV).min(CNT_DRAWINGS_ATM_CURRENT) → join onto previous_application → .group_by(SK_ID_CURR).mean(),False,82.7876,82.7876,27,0.034253,0.453654,0.0,0.0,0.0,0.0,0.0,1.0,35.0,16.939,0.0222,0.07516,False,
BUREAU_CNT_CREDIT_PROLONG_SUM,False,873,1.77e-06,BUREAU,bureau,CNT_CREDIT_PROLONG,Int64,The total of `CNT_CREDIT_PROLONG` across the customer's credit-bureau records (loans at other institutions). Source column: how many times was the Credit Bureau credit prolonged,bureau.group_by(SK_ID_CURR).sum(CNT_CREDIT_PROLONG),True,14.3149,0.0,11,0.034682,0.229234,0.0,0.0,0.0,0.0,0.0,1.0,9.0,97.233,0.00406,0.10125,False,
FLAG_MOBIL,False,874,0.0,DRIVER,application_train,FLAG_MOBIL,Int64,"Did client provide mobile phone (1=YES, 0=NO)",taken directly from application_train (no aggregation),False,0.0,0.0,2,0.999997,0.001803,0.0,1.0,1.0,1.0,1.0,1.0,1.0,0.0,0.00053,,False,
FLAG_CONT_MOBILE,False,875,0.0,DRIVER,application_train,FLAG_CONT_MOBILE,Int64,"Was mobile phone reachable (1=YES, 0=NO)",taken directly from application_train (no aggregation),False,0.0,0.0,2,0.998133,0.043164,0.0,1.0,1.0,1.0,1.0,1.0,1.0,0.187,0.00037,,False,
FLAG_DOCUMENT_2,False,876,0.0,DRIVER,application_train,FLAG_DOCUMENT_2,Int64,Did client provide document 2,taken directly from application_train (no aggregation),False,0.0,0.0,2,4.2e-05,0.006502,0.0,0.0,0.0,0.0,0.0,0.0,1.0,99.996,0.00542,,False,
FLAG_DOCUMENT_4,False,877,0.0,DRIVER,application_train,FLAG_DOCUMENT_4,Int64,Did client provide document 4,taken directly from application_train (no aggregation),False,0.0,0.0,2,8.1e-05,0.009016,0.0,0.0,0.0,0.0,0.0,0.0,1.0,99.992,-0.00267,,False,
FLAG_DOCUMENT_7,False,878,0.0,DRIVER,application_train,FLAG_DOCUMENT_7,Int64,Did client provide document 7,taken directly from application_train (no aggregation),False,0.0,0.0,2,0.000192,0.01385,0.0,0.0,0.0,0.0,0.0,0.0,1.0,99.981,-0.00152,,False,
FLAG_DOCUMENT_9,False,879,0.0,DRIVER,application_train,FLAG_DOCUMENT_9,Int64,Did client provide document 9,taken directly from application_train (no aggregation),False,0.0,0.0,2,0.003896,0.062295,0.0,0.0,0.0,0.0,0.0,0.0,1.0,99.61,-0.00435,,False,
FLAG_DOCUMENT_10,False,880,0.0,DRIVER,application_train,FLAG_DOCUMENT_10,Int64,Did client provide document 10,taken directly from application_train (no aggregation),False,0.0,0.0,2,2.3e-05,0.004771,0.0,0.0,0.0,0.0,0.0,0.0,1.0,99.998,-0.00141,,False,
FLAG_DOCUMENT_12,False,881,0.0,DRIVER,application_train,FLAG_DOCUMENT_12,Int64,Did client provide document 12,taken directly from application_train (no aggregation),False,0.0,0.0,2,7e-06,0.00255,0.0,0.0,0.0,0.0,0.0,0.0,1.0,99.999,-0.00076,,False,
FLAG_DOCUMENT_15,False,882,0.0,DRIVER,application_train,FLAG_DOCUMENT_15,Int64,Did client provide document 15,taken directly from application_train (no aggregation),False,0.0,0.0,2,0.00121,0.03476,0.0,0.0,0.0,0.0,0.0,0.0,1.0,99.879,-0.00654,,False,
FLAG_DOCUMENT_17,False,883,0.0,DRIVER,application_train,FLAG_DOCUMENT_17,Int64,Did client provide document 17,taken directly from application_train (no aggregation),False,0.0,0.0,2,0.000267,0.016327,0.0,0.0,0.0,0.0,0.0,0.0,1.0,99.973,-0.00338,,False,
FLAG_DOCUMENT_19,False,884,0.0,DRIVER,application_train,FLAG_DOCUMENT_19,Int64,Did client provide document 19,taken directly from application_train (no aggregation),False,0.0,0.0,2,0.000595,0.024387,0.0,0.0,0.0,0.0,0.0,0.0,1.0,99.94,-0.00136,,False,
FLAG_DOCUMENT_20,False,885,0.0,DRIVER,application_train,FLAG_DOCUMENT_20,Int64,Did client provide document 20,taken directly from application_train (no aggregation),False,0.0,0.0,2,0.000507,0.022518,0.0,0.0,0.0,0.0,0.0,0.0,1.0,99.949,0.00022,,False,
FLAG_DOCUMENT_21,False,886,0.0,DRIVER,application_train,FLAG_DOCUMENT_21,Int64,Did client provide document 21,taken directly from application_train (no aggregation),False,0.0,0.0,2,0.000335,0.018299,0.0,0.0,0.0,0.0,0.0,0.0,1.0,99.967,0.00371,,False,
PREV_NFLAG_LAST_APPL_IN_DAY_MIN,False,887,0.0,PREV,previous_application,NFLAG_LAST_APPL_IN_DAY,Int64,The minimum of `NFLAG_LAST_APPL_IN_DAY` across the customer's previous Home Credit applications. Source column: flag if the application was the last application per day of the client. Sometimes clients apply for more applications a day. Rarely it could also be error in our system that one application is in the database twice,previous_application.group_by(SK_ID_CURR).min(NFLAG_LAST_APPL_IN_DAY),False,5.3507,5.3507,3,0.985886,0.117961,0.0,0.0,1.0,1.0,1.0,1.0,1.0,1.336,-0.00472,0.05956,False,
PREV_NFLAG_LAST_APPL_IN_DAY_MAX,False,888,0.0,PREV,previous_application,NFLAG_LAST_APPL_IN_DAY,Int64,The maximum of `NFLAG_LAST_APPL_IN_DAY` across the customer's previous Home Credit applications. Source column: flag if the application was the last application per day of the client. Sometimes clients apply for more applications a day. Rarely it could also be error in our system that one application is in the database twice,previous_application.group_by(SK_ID_CURR).max(NFLAG_LAST_APPL_IN_DAY),False,5.3507,5.3507,3,0.999856,0.012012,0.0,1.0,1.0,1.0,1.0,1.0,1.0,0.014,-0.00058,0.05956,False,
PREV_RATE_INTEREST_PRIVILEGED_SUM,False,889,0.0,PREV,previous_application,RATE_INTEREST_PRIVILEGED,Float64,The total of `RATE_INTEREST_PRIVILEGED` across the customer's previous Home Credit applications. Source column: interest rate normalized on previous credit,previous_application.group_by(SK_ID_CURR).sum(RATE_INTEREST_PRIVILEGED),True,5.3507,0.0,59,0.012017,0.100148,0.0,0.0,0.0,0.0,0.0,0.715645,2.602008,98.501,0.00022,0.05956,False,
PREV_CC_AMT_DRAWINGS_ATM_CURRENT_MIN_MIN,False,890,0.0,CC,credit_card_balance,AMT_DRAWINGS_ATM_CURRENT,Float64,"Two-level roll-up of `AMT_DRAWINGS_ATM_CURRENT` from the credit_card_balance ledger — amount drawing at ATM during the month of the previous credit. Step 1: per prior loan, the minimum of `AMT_DRAWINGS_ATM_CURRENT` over that loan's monthly credit-card records. Step 2: the minimum of those per-loan values across all of the customer's previous Home Credit applications.",credit_card_balance.group_by(SK_ID_PREV).min(AMT_DRAWINGS_ATM_CURRENT) → join onto previous_application → .group_by(SK_ID_CURR).min(),False,82.7876,82.7876,140,747.034549,12382.276408,-6827.31,0.0,0.0,0.0,0.0,9000.0,904500.0,16.94,0.01224,0.07516,False,
PREV_CC_AMT_DRAWINGS_ATM_CURRENT_MIN_MAX,False,891,0.0,CC,credit_card_balance,AMT_DRAWINGS_ATM_CURRENT,Float64,"Two-level roll-up of `AMT_DRAWINGS_ATM_CURRENT` from the credit_card_balance ledger — amount drawing at ATM during the month of the previous credit. Step 1: per prior loan, the minimum of `AMT_DRAWINGS_ATM_CURRENT` over that loan's monthly credit-card records. Step 2: the maximum of those per-loan values across all of the customer's previous Home Credit applications.",credit_card_balance.group_by(SK_ID_PREV).min(AMT_DRAWINGS_ATM_CURRENT) → join onto previous_application → .group_by(SK_ID_CURR).max(),False,82.7876,82.7876,142,750.63931,12401.260263,-6827.31,0.0,0.0,0.0,0.0,9000.0,904500.0,16.939,0.01212,0.07516,False,
PREV_CC_AMT_DRAWINGS_ATM_CURRENT_MIN_SUM,False,892,0.0,CC,credit_card_balance,AMT_DRAWINGS_ATM_CURRENT,Float64,"Two-level roll-up of `AMT_DRAWINGS_ATM_CURRENT` from the credit_card_balance ledger — amount drawing at ATM during the month of the previous credit. Step 1: per prior loan, the minimum of `AMT_DRAWINGS_ATM_CURRENT` over that loan's monthly credit-card records. Step 2: the total of those per-loan values across all of the customer's previous Home Credit applications.",credit_card_balance.group_by(SK_ID_PREV).min(AMT_DRAWINGS_ATM_CURRENT) → join onto previous_application → .group_by(SK_ID_CURR).sum(),True,5.3507,0.0,142,129.202984,5152.769365,-6827.31,0.0,0.0,0.0,0.0,0.0,904500.0,99.726,0.00823,0.05956,False,
PREV_CC_AMT_DRAWINGS_CURRENT_MIN_MIN,False,893,0.0,CC,credit_card_balance,AMT_DRAWINGS_CURRENT,Float64,"Two-level roll-up of `AMT_DRAWINGS_CURRENT` from the credit_card_balance ledger — amount drawing during the month of the previous credit. Step 1: per prior loan, the minimum of `AMT_DRAWINGS_CURRENT` over that loan's monthly credit-card records. Step 2: the minimum of those per-loan values across all of the customer's previous Home Credit applications.",credit_card_balance.group_by(SK_ID_PREV).min(AMT_DRAWINGS_CURRENT) → join onto previous_application → .group_by(SK_ID_CURR).min(),False,74.6565,74.6565,2076,659.981327,9820.51982,0.0,0.0,0.0,0.0,0.0,12822.3,1125000.0,24.489,0.01036,0.07745,False,
PREV_CC_AMT_DRAWINGS_OTHER_CURRENT_MIN_MEAN,False,894,0.0,CC,credit_card_balance,AMT_DRAWINGS_OTHER_CURRENT,Float64,"Two-level roll-up of `AMT_DRAWINGS_OTHER_CURRENT` from the credit_card_balance ledger — amount of other drawings during the month of the previous credit. Step 1: per prior loan, the minimum of `AMT_DRAWINGS_OTHER_CURRENT` over that loan's monthly credit-card records. Step 2: the average of those per-loan values across all of the customer's previous Home Credit applications.",credit_card_balance.group_by(SK_ID_PREV).min(AMT_DRAWINGS_OTHER_CURRENT) → join onto previous_application → .group_by(SK_ID_CURR).mean(),False,82.7876,82.7876,7,6.469866,745.149881,0.0,0.0,0.0,0.0,0.0,0.0,112500.0,17.211,-0.00301,0.07516,False,
PREV_CC_AMT_DRAWINGS_OTHER_CURRENT_MIN_SUM,False,895,0.0,CC,credit_card_balance,AMT_DRAWINGS_OTHER_CURRENT,Float64,"Two-level roll-up of `AMT_DRAWINGS_OTHER_CURRENT` from the credit_card_balance ledger — amount of other drawings during the month of the previous credit. Step 1: per prior loan, the minimum of `AMT_DRAWINGS_OTHER_CURRENT` over that loan's monthly credit-card records. Step 2: the total of those per-loan values across all of the customer's previous Home Credit applications.",credit_card_balance.group_by(SK_ID_PREV).min(AMT_DRAWINGS_OTHER_CURRENT) → join onto previous_application → .group_by(SK_ID_CURR).sum(),True,5.3507,0.0,7,1.113619,309.153674,0.0,0.0,0.0,0.0,0.0,0.0,112500.0,99.998,-0.00111,0.05956,False,
PREV_CC_AMT_TOTAL_RECEIVABLE_SUM_MEAN,False,896,0.0,CC,credit_card_balance,AMT_TOTAL_RECEIVABLE,Float64,"Two-level roll-up of `AMT_TOTAL_RECEIVABLE` from the credit_card_balance ledger — total amount receivable on the previous credit. Step 1: per prior loan, the total of `AMT_TOTAL_RECEIVABLE` over that loan's monthly credit-card records. Step 2: the average of those per-loan values across all of the customer's previous Home Credit applications.",credit_card_balance.group_by(SK_ID_PREV).sum(AMT_TOTAL_RECEIVABLE) → join onto previous_application → .group_by(SK_ID_CURR).mean(),False,74.6565,74.6565,50736,2031269.73499,3114470.764327,-126000.0,0.0,0.0,611274.195,2790492.48,13666074.75,29471430.285,8.57,0.02352,0.07745,False,
PREV_CC_AMT_TOTAL_RECEIVABLE_SUM_SUM,False,897,0.0,CC,credit_card_balance,AMT_TOTAL_RECEIVABLE,Float64,"Two-level roll-up of `AMT_TOTAL_RECEIVABLE` from the credit_card_balance ledger — total amount receivable on the previous credit. Step 1: per prior loan, the total of `AMT_TOTAL_RECEIVABLE` over that loan's monthly credit-card records. Step 2: the total of those per-loan values across all of the customer's previous Home Credit applications.",credit_card_balance.group_by(SK_ID_PREV).sum(AMT_TOTAL_RECEIVABLE) → join onto previous_application → .group_by(SK_ID_CURR).sum(),True,5.3507,0.0,50727,515963.929465,1801919.073899,-126000.0,0.0,0.0,0.0,0.0,9774895.41,29471430.285,83.227,0.02027,0.05956,False,
PREV_CC_CNT_DRAWINGS_ATM_CURRENT_MIN_MIN,False,898,0.0,CC,credit_card_balance,CNT_DRAWINGS_ATM_CURRENT,Float64,"Two-level roll-up of `CNT_DRAWINGS_ATM_CURRENT` from the credit_card_balance ledger — number of drawings at ATM during this month on the previous credit. Step 1: per prior loan, the minimum of `CNT_DRAWINGS_ATM_CURRENT` over that loan's monthly credit-card records. Step 2: the minimum of those per-loan values across all of the customer's previous Home Credit applications.",credit_card_balance.group_by(SK_ID_PREV).min(CNT_DRAWINGS_ATM_CURRENT) → join onto previous_application → .group_by(SK_ID_CURR).min(),False,82.7876,82.7876,24,0.034158,0.453474,0.0,0.0,0.0,0.0,0.0,1.0,35.0,16.94,0.02228,0.07516,False,
PREV_CC_CNT_DRAWINGS_ATM_CURRENT_MIN_MAX,False,899,0.0,CC,credit_card_balance,CNT_DRAWINGS_ATM_CURRENT,Float64,"Two-level roll-up of `CNT_DRAWINGS_ATM_CURRENT` from the credit_card_balance ledger — number of drawings at ATM during this month on the previous credit. Step 1: per prior loan, the minimum of `CNT_DRAWINGS_ATM_CURRENT` over that loan's monthly credit-card records. Step 2: the maximum of those per-loan values across all of the customer's previous Home Credit applications.",credit_card_balance.group_by(SK_ID_PREV).min(CNT_DRAWINGS_ATM_CURRENT) → join onto previous_application → .group_by(SK_ID_CURR).max(),False,82.7876,82.7876,24,0.034347,0.454209,0.0,0.0,0.0,0.0,0.0,1.0,35.0,16.939,0.0221,0.07516,False,
PREV_CC_CNT_DRAWINGS_ATM_CURRENT_MIN_SUM,False,900,0.0,CC,credit_card_balance,CNT_DRAWINGS_ATM_CURRENT,Float64,"Two-level roll-up of `CNT_DRAWINGS_ATM_CURRENT` from the credit_card_balance ledger — number of drawings at ATM during this month on the previous credit. Step 1: per prior loan, the minimum of `CNT_DRAWINGS_ATM_CURRENT` over that loan's monthly credit-card records. Step 2: the total of those per-loan values across all of the customer's previous Home Credit applications.",credit_card_balance.group_by(SK_ID_PREV).min(CNT_DRAWINGS_ATM_CURRENT) → join onto previous_application → .group_by(SK_ID_CURR).sum(),True,5.3507,0.0,24,0.005912,0.188885,0.0,0.0,0.0,0.0,0.0,0.0,35.0,99.727,0.01362,0.05956,False,
PREV_CC_CNT_DRAWINGS_OTHER_CURRENT_MIN_MEAN,False,901,0.0,CC,credit_card_balance,CNT_DRAWINGS_OTHER_CURRENT,Float64,"Two-level roll-up of `CNT_DRAWINGS_OTHER_CURRENT` from the credit_card_balance ledger — number of other drawings during this month on the previous credit. Step 1: per prior loan, the minimum of `CNT_DRAWINGS_OTHER_CURRENT` over that loan's monthly credit-card records. Step 2: the average of those per-loan values across all of the customer's previous Home Credit applications.",credit_card_balance.group_by(SK_ID_PREV).min(CNT_DRAWINGS_OTHER_CURRENT) → join onto previous_application → .group_by(SK_ID_CURR).mean(),False,82.7876,82.7876,4,0.000113,0.012294,0.0,0.0,0.0,0.0,0.0,0.0,2.0,17.211,-0.0032,0.07516,False,
PREV_CC_CNT_DRAWINGS_OTHER_CURRENT_MIN_SUM,False,902,0.0,CC,credit_card_balance,CNT_DRAWINGS_OTHER_CURRENT,Float64,"Two-level roll-up of `CNT_DRAWINGS_OTHER_CURRENT` from the credit_card_balance ledger — number of other drawings during this month on the previous credit. Step 1: per prior loan, the minimum of `CNT_DRAWINGS_OTHER_CURRENT` over that loan's monthly credit-card records. Step 2: the total of those per-loan values across all of the customer's previous Home Credit applications.",credit_card_balance.group_by(SK_ID_PREV).min(CNT_DRAWINGS_OTHER_CURRENT) → join onto previous_application → .group_by(SK_ID_CURR).sum(),True,5.3507,0.0,4,2e-05,0.0051,0.0,0.0,0.0,0.0,0.0,0.0,2.0,99.998,-0.00117,0.05956,False,
PREV_CC_CNT_DRAWINGS_OTHER_CURRENT_MAX_MIN,False,903,0.0,CC,credit_card_balance,CNT_DRAWINGS_OTHER_CURRENT,Float64,"Two-level roll-up of `CNT_DRAWINGS_OTHER_CURRENT` from the credit_card_balance ledger — number of other drawings during this month on the previous credit. Step 1: per prior loan, the maximum of `CNT_DRAWINGS_OTHER_CURRENT` over that loan's monthly credit-card records. Step 2: the minimum of those per-loan values across all of the customer's previous Home Credit applications.",credit_card_balance.group_by(SK_ID_PREV).max(CNT_DRAWINGS_OTHER_CURRENT) → join onto previous_application → .group_by(SK_ID_CURR).min(),False,82.7876,82.7876,12,0.108615,0.419638,0.0,0.0,0.0,0.0,0.0,2.0,12.0,15.759,0.00247,0.07516,False,
PREV_CC_CNT_DRAWINGS_OTHER_CURRENT_MAX_SUM,False,904,0.0,CC,credit_card_balance,CNT_DRAWINGS_OTHER_CURRENT,Float64,"Two-level roll-up of `CNT_DRAWINGS_OTHER_CURRENT` from the credit_card_balance ledger — number of other drawings during this month on the previous credit. Step 1: per prior loan, the maximum of `CNT_DRAWINGS_OTHER_CURRENT` over that loan's monthly credit-card records. Step 2: the total of those per-loan values across all of the customer's previous Home Credit applications.",credit_card_balance.group_by(SK_ID_PREV).max(CNT_DRAWINGS_OTHER_CURRENT) → join onto previous_application → .group_by(SK_ID_CURR).sum(),True,5.3507,0.0,12,0.018806,0.179393,0.0,0.0,0.0,0.0,0.0,1.0,12.0,98.539,0.0113,0.05956,False,
PREV_CC_CNT_DRAWINGS_OTHER_CURRENT_SUM_SUM,False,905,0.0,CC,credit_card_balance,CNT_DRAWINGS_OTHER_CURRENT,Float64,"Two-level roll-up of `CNT_DRAWINGS_OTHER_CURRENT` from the credit_card_balance ledger — number of other drawings during this month on the previous credit. Step 1: per prior loan, the total of `CNT_DRAWINGS_OTHER_CURRENT` over that loan's monthly credit-card records. Step 2: the total of those per-loan values across all of the customer's previous Home Credit applications.",credit_card_balance.group_by(SK_ID_PREV).sum(CNT_DRAWINGS_OTHER_CURRENT) → join onto previous_application → .group_by(SK_ID_CURR).sum(),True,5.3507,0.0,32,0.031046,0.412074,0.0,0.0,0.0,0.0,0.0,1.0,38.0,98.539,0.00636,0.05956,False,
PREV_CC_CNT_INSTALMENT_MATURE_CUM_MIN_MEAN,False,906,0.0,CC,credit_card_balance,CNT_INSTALMENT_MATURE_CUM,Float64,"Two-level roll-up of `CNT_INSTALMENT_MATURE_CUM` from the credit_card_balance ledger — number of paid installments on the previous credit. Step 1: per prior loan, the minimum of `CNT_INSTALMENT_MATURE_CUM` over that loan's monthly credit-card records. Step 2: the average of those per-loan values across all of the customer's previous Home Credit applications.",credit_card_balance.group_by(SK_ID_PREV).min(CNT_INSTALMENT_MATURE_CUM) → join onto previous_application → .group_by(SK_ID_CURR).mean(),False,74.6565,74.6565,5,0.303947,0.45937,0.0,0.0,0.0,0.0,1.0,1.0,1.0,17.613,-0.0319,0.07745,False,
PREV_CC_CNT_INSTALMENT_MATURE_CUM_MIN_MIN,False,907,0.0,CC,credit_card_balance,CNT_INSTALMENT_MATURE_CUM,Float64,"Two-level roll-up of `CNT_INSTALMENT_MATURE_CUM` from the credit_card_balance ledger — number of paid installments on the previous credit. Step 1: per prior loan, the minimum of `CNT_INSTALMENT_MATURE_CUM` over that loan's monthly credit-card records. Step 2: the minimum of those per-loan values across all of the customer's previous Home Credit applications.",credit_card_balance.group_by(SK_ID_PREV).min(CNT_INSTALMENT_MATURE_CUM) → join onto previous_application → .group_by(SK_ID_CURR).min(),False,74.6565,74.6565,3,0.302859,0.459498,0.0,0.0,0.0,0.0,1.0,1.0,1.0,17.668,-0.03198,0.07745,False,
PREV_CC_CNT_INSTALMENT_MATURE_CUM_MIN_MAX,False,908,0.0,CC,credit_card_balance,CNT_INSTALMENT_MATURE_CUM,Float64,"Two-level roll-up of `CNT_INSTALMENT_MATURE_CUM` from the credit_card_balance ledger — number of paid installments on the previous credit. Step 1: per prior loan, the minimum of `CNT_INSTALMENT_MATURE_CUM` over that loan's monthly credit-card records. Step 2: the maximum of those per-loan values across all of the customer's previous Home Credit applications.",credit_card_balance.group_by(SK_ID_PREV).min(CNT_INSTALMENT_MATURE_CUM) → join onto previous_application → .group_by(SK_ID_CURR).max(),False,74.6565,74.6565,3,0.30504,0.460427,0.0,0.0,0.0,0.0,1.0,1.0,1.0,17.613,-0.03175,0.07745,False,
PREV_CC_CNT_INSTALMENT_MATURE_CUM_MIN_SUM,False,909,0.0,CC,credit_card_balance,CNT_INSTALMENT_MATURE_CUM,Float64,"Two-level roll-up of `CNT_INSTALMENT_MATURE_CUM` from the credit_card_balance ledger — number of paid installments on the previous credit. Step 1: per prior loan, the minimum of `CNT_INSTALMENT_MATURE_CUM` over that loan's monthly credit-card records. Step 2: the total of those per-loan values across all of the customer's previous Home Credit applications.",credit_card_balance.group_by(SK_ID_PREV).min(CNT_INSTALMENT_MATURE_CUM) → join onto previous_application → .group_by(SK_ID_CURR).sum(),True,5.3507,0.0,4,0.077311,0.267097,0.0,0.0,0.0,0.0,0.0,1.0,2.0,92.269,-0.00575,0.05956,False,
PREV_CC_SK_DPD_MAX_SUM,False,910,0.0,CC,credit_card_balance,SK_DPD,Int64,"Two-level roll-up of `SK_DPD` from the credit_card_balance ledger — dPD (Days past due) during the month on the previous credit. Step 1: per prior loan, the maximum of `SK_DPD` over that loan's monthly credit-card records. Step 2: the total of those per-loan values across all of the customer's previous Home Credit applications.",credit_card_balance.group_by(SK_ID_PREV).max(SK_DPD) → join onto previous_application → .group_by(SK_ID_CURR).sum(),True,5.3507,0.0,377,3.157064,60.790711,0.0,0.0,0.0,0.0,0.0,11.0,2770.0,95.91,-0.00214,0.05956,False,
PREV_CC_SK_DPD_DEF_MEAN_SUM,False,911,0.0,CC,credit_card_balance,SK_DPD_DEF,Float64,"Two-level roll-up of `SK_DPD_DEF` from the credit_card_balance ledger — dPD (Days past due) during the month with tolerance (debts with low loan amounts are ignored) of the previous credit. Step 1: per prior loan, the average of `SK_DPD_DEF` over that loan's monthly credit-card records. Step 2: the total of those per-loan values across all of the customer's previous Home Credit applications.",credit_card_balance.group_by(SK_ID_PREV).mean(SK_DPD_DEF) → join onto previous_application → .group_by(SK_ID_CURR).sum(),True,5.3507,0.0,1366,0.006906,0.165933,0.0,0.0,0.0,0.0,0.0,0.137255,63.857143,96.752,0.01345,0.05956,False,
PREV_CC_SK_DPD_DEF_MAX_MIN,False,912,0.0,CC,credit_card_balance,SK_DPD_DEF,Int64,"Two-level roll-up of `SK_DPD_DEF` from the credit_card_balance ledger — dPD (Days past due) during the month with tolerance (debts with low loan amounts are ignored) of the previous credit. Step 1: per prior loan, the maximum of `SK_DPD_DEF` over that loan's monthly credit-card records. Step 2: the minimum of those per-loan values across all of the customer's previous Home Credit applications.",credit_card_balance.group_by(SK_ID_PREV).max(SK_DPD_DEF) → join onto previous_application → .group_by(SK_ID_CURR).min(),False,74.6565,74.6565,37,0.448675,2.986778,0.0,0.0,0.0,0.0,0.0,8.0,151.0,22.118,0.01631,0.07745,False,
PREV_CC_SK_DPD_DEF_MAX_MAX,False,913,0.0,CC,credit_card_balance,SK_DPD_DEF,Int64,"Two-level roll-up of `SK_DPD_DEF` from the credit_card_balance ledger — dPD (Days past due) during the month with tolerance (debts with low loan amounts are ignored) of the previous credit. Step 1: per prior loan, the maximum of `SK_DPD_DEF` over that loan's monthly credit-card records. Step 2: the maximum of those per-loan values across all of the customer's previous Home Credit applications.",credit_card_balance.group_by(SK_ID_PREV).max(SK_DPD_DEF) → join onto previous_application → .group_by(SK_ID_CURR).max(),False,74.6565,74.6565,37,0.450817,2.991163,0.0,0.0,0.0,0.0,0.0,8.0,151.0,22.095,0.01655,0.07745,False,
PREV_CC_SK_DPD_DEF_MAX_SUM,False,914,0.0,CC,credit_card_balance,SK_DPD_DEF,Int64,"Two-level roll-up of `SK_DPD_DEF` from the credit_card_balance ledger — dPD (Days past due) during the month with tolerance (debts with low loan amounts are ignored) of the previous credit. Step 1: per prior loan, the maximum of `SK_DPD_DEF` over that loan's monthly credit-card records. Step 2: the total of those per-loan values across all of the customer's previous Home Credit applications.",credit_card_balance.group_by(SK_ID_PREV).max(SK_DPD_DEF) → join onto previous_application → .group_by(SK_ID_CURR).sum(),True,5.3507,0.0,37,0.114256,1.518546,0.0,0.0,0.0,0.0,0.0,1.0,151.0,96.752,0.01127,0.05956,False,
PREV_CC_SK_DPD_DEF_SUM_MIN,False,915,0.0,CC,credit_card_balance,SK_DPD_DEF,Int64,"Two-level roll-up of `SK_DPD_DEF` from the credit_card_balance ledger — dPD (Days past due) during the month with tolerance (debts with low loan amounts are ignored) of the previous credit. Step 1: per prior loan, the total of `SK_DPD_DEF` over that loan's monthly credit-card records. Step 2: the minimum of those per-loan values across all of the customer's previous Home Credit applications.",credit_card_balance.group_by(SK_ID_PREV).sum(SK_DPD_DEF) → join onto previous_application → .group_by(SK_ID_CURR).min(),False,74.6565,74.6565,173,1.308556,9.524295,0.0,0.0,0.0,0.0,0.0,23.0,642.0,22.118,0.00937,0.07745,False,
PREV_CC_SK_DPD_DEF_SUM_MAX,False,916,0.0,CC,credit_card_balance,SK_DPD_DEF,Int64,"Two-level roll-up of `SK_DPD_DEF` from the credit_card_balance ledger — dPD (Days past due) during the month with tolerance (debts with low loan amounts are ignored) of the previous credit. Step 1: per prior loan, the total of `SK_DPD_DEF` over that loan's monthly credit-card records. Step 2: the maximum of those per-loan values across all of the customer's previous Home Credit applications.",credit_card_balance.group_by(SK_ID_PREV).sum(SK_DPD_DEF) → join onto previous_application → .group_by(SK_ID_CURR).max(),False,74.6565,74.6565,173,1.314433,9.52897,0.0,0.0,0.0,0.0,0.0,23.0,642.0,22.095,0.00949,0.07745,False,
PREV_CC_SK_DPD_DEF_SUM_SUM,False,917,0.0,CC,credit_card_balance,SK_DPD_DEF,Int64,"Two-level roll-up of `SK_DPD_DEF` from the credit_card_balance ledger — dPD (Days past due) during the month with tolerance (debts with low loan amounts are ignored) of the previous credit. Step 1: per prior loan, the total of `SK_DPD_DEF` over that loan's monthly credit-card records. Step 2: the total of those per-loan values across all of the customer's previous Home Credit applications.",credit_card_balance.group_by(SK_ID_PREV).sum(SK_DPD_DEF) → join onto previous_application → .group_by(SK_ID_CURR).sum(),True,5.3507,0.0,173,0.33313,4.831045,0.0,0.0,0.0,0.0,0.0,8.0,642.0,96.752,0.00728,0.05956,False,
PREV_INST_NUM_INSTALMENT_VERSION_MIN_MIN,False,918,0.0,INST,installments_payments,NUM_INSTALMENT_VERSION,Float64,"Two-level roll-up of `NUM_INSTALMENT_VERSION` from the installments_payments ledger — version of installment calendar (0 is for credit card) of previous credit. Change of installment version from month to month signifies that some parameter of payment calendar has changed. Step 1: per prior loan, the minimum of `NUM_INSTALMENT_VERSION` over that loan's monthly installment records. Step 2: the minimum of those per-loan values across all of the customer's previous Home Credit applications.",installments_payments.group_by(SK_ID_PREV).min(NUM_INSTALMENT_VERSION) → join onto previous_application → .group_by(SK_ID_CURR).min(),False,5.8876,5.8876,8,0.819067,0.39839,0.0,0.0,1.0,1.0,1.0,1.0,39.0,17.28,-0.04071,0.06214,False,
PREV_INST_NUM_INSTALMENT_NUMBER_MIN_MEAN,False,919,0.0,INST,installments_payments,NUM_INSTALMENT_NUMBER,Float64,"Two-level roll-up of `NUM_INSTALMENT_NUMBER` from the installments_payments ledger — on which installment we observe payment. Step 1: per prior loan, the minimum of `NUM_INSTALMENT_NUMBER` over that loan's monthly installment records. Step 2: the average of those per-loan values across all of the customer's previous Home Credit applications.",installments_payments.group_by(SK_ID_PREV).min(NUM_INSTALMENT_NUMBER) → join onto previous_application → .group_by(SK_ID_CURR).mean(),False,5.8876,5.8876,8,1.000078,0.00541,1.0,1.0,1.0,1.0,1.0,1.0,1.5,0.0,0.00386,0.06214,False,
PREV_INST_NUM_INSTALMENT_NUMBER_MIN_MAX,False,920,0.0,INST,installments_payments,NUM_INSTALMENT_NUMBER,Int64,"Two-level roll-up of `NUM_INSTALMENT_NUMBER` from the installments_payments ledger — on which installment we observe payment. Step 1: per prior loan, the minimum of `NUM_INSTALMENT_NUMBER` over that loan's monthly installment records. Step 2: the maximum of those per-loan values across all of the customer's previous Home Credit applications.",installments_payments.group_by(SK_ID_PREV).min(NUM_INSTALMENT_NUMBER) → join onto previous_application → .group_by(SK_ID_CURR).max(),False,5.8876,5.8876,3,1.000232,0.015214,1.0,1.0,1.0,1.0,1.0,1.0,2.0,0.0,0.00291,0.06214,False,
PREV_POS_SK_DPD_MIN_MEAN,False,921,0.0,POS,POS_CASH_balance,SK_DPD,Float64,"Two-level roll-up of `SK_DPD` from the POS_CASH_balance ledger — dPD (days past due) during the month of previous credit. Step 1: per prior loan, the minimum of `SK_DPD` over that loan's monthly POS/cash records. Step 2: the average of those per-loan values across all of the customer's previous Home Credit applications.",POS_CASH_balance.group_by(SK_ID_PREV).min(SK_DPD) → join onto previous_application → .group_by(SK_ID_CURR).mean(),False,6.6807,6.6807,4,3e-06,0.001122,0.0,0.0,0.0,0.0,0.0,0.0,0.5,93.319,-0.00077,0.06946,False,
PREV_POS_SK_DPD_MIN_MAX,False,922,0.0,POS,POS_CASH_balance,SK_DPD,Int64,"Two-level roll-up of `SK_DPD` from the POS_CASH_balance ledger — dPD (days past due) during the month of previous credit. Step 1: per prior loan, the minimum of `SK_DPD` over that loan's monthly POS/cash records. Step 2: the maximum of those per-loan values across all of the customer's previous Home Credit applications.",POS_CASH_balance.group_by(SK_ID_PREV).min(SK_DPD) → join onto previous_application → .group_by(SK_ID_CURR).max(),False,6.6807,6.6807,3,7e-06,0.00264,0.0,0.0,0.0,0.0,0.0,0.0,1.0,93.319,-0.00079,0.06946,False,
PREV_POS_SK_DPD_MIN_SUM,False,923,0.0,POS,POS_CASH_balance,SK_DPD,Int64,"Two-level roll-up of `SK_DPD` from the POS_CASH_balance ledger — dPD (days past due) during the month of previous credit. Step 1: per prior loan, the minimum of `SK_DPD` over that loan's monthly POS/cash records. Step 2: the total of those per-loan values across all of the customer's previous Home Credit applications.",POS_CASH_balance.group_by(SK_ID_PREV).min(SK_DPD) → join onto previous_application → .group_by(SK_ID_CURR).sum(),True,5.3507,0.0,3,7e-06,0.00255,0.0,0.0,0.0,0.0,0.0,0.0,1.0,99.999,-0.00078,0.05956,False,
PREV_POS_SK_DPD_DEF_MIN_MEAN,False,924,0.0,POS,POS_CASH_balance,SK_DPD_DEF,Float64,"Two-level roll-up of `SK_DPD_DEF` from the POS_CASH_balance ledger — dPD during the month with tolerance (debts with low loan amounts are ignored) of the previous credit. Step 1: per prior loan, the minimum of `SK_DPD_DEF` over that loan's monthly POS/cash records. Step 2: the average of those per-loan values across all of the customer's previous Home Credit applications.",POS_CASH_balance.group_by(SK_ID_PREV).min(SK_DPD_DEF) → join onto previous_application → .group_by(SK_ID_CURR).mean(),False,6.6807,6.6807,3,2e-06,0.000933,0.0,0.0,0.0,0.0,0.0,0.0,0.5,93.319,-0.00056,0.06946,False,
PREV_POS_SK_DPD_DEF_MIN_MAX,False,925,0.0,POS,POS_CASH_balance,SK_DPD_DEF,Int64,"Two-level roll-up of `SK_DPD_DEF` from the POS_CASH_balance ledger — dPD during the month with tolerance (debts with low loan amounts are ignored) of the previous credit. Step 1: per prior loan, the minimum of `SK_DPD_DEF` over that loan's monthly POS/cash records. Step 2: the maximum of those per-loan values across all of the customer's previous Home Credit applications.",POS_CASH_balance.group_by(SK_ID_PREV).min(SK_DPD_DEF) → join onto previous_application → .group_by(SK_ID_CURR).max(),False,6.6807,6.6807,3,3e-06,0.001867,0.0,0.0,0.0,0.0,0.0,0.0,1.0,93.319,-0.00056,0.06946,False,
PREV_POS_SK_DPD_DEF_MIN_SUM,False,926,0.0,POS,POS_CASH_balance,SK_DPD_DEF,Int64,"Two-level roll-up of `SK_DPD_DEF` from the POS_CASH_balance ledger — dPD during the month with tolerance (debts with low loan amounts are ignored) of the previous credit. Step 1: per prior loan, the minimum of `SK_DPD_DEF` over that loan's monthly POS/cash records. Step 2: the total of those per-loan values across all of the customer's previous Home Credit applications.",POS_CASH_balance.group_by(SK_ID_PREV).min(SK_DPD_DEF) → join onto previous_application → .group_by(SK_ID_CURR).sum(),True,5.3507,0.0,3,3e-06,0.001803,0.0,0.0,0.0,0.0,0.0,0.0,1.0,100.0,-0.00055,0.05956,False,
PREV_POS_COMPLETED_MONTHS_MAX,False,927,0.0,POS,POS_CASH_balance,POS_COMPLETED_MONTHS,UInt32,"The maximum, across the customer's previous Home Credit applications, of a per-loan derived metric: the number of monthly records with contract status 'Completed', computed over that loan's POS/cash ledger.",per-SK_ID_PREV `POS_COMPLETED_MONTHS` (see features.aggregate_pos_cash_by_prev) → .group_by(SK_ID_CURR).max(),False,6.6807,6.6807,33,0.963309,2.035673,0.0,0.0,1.0,1.0,1.0,1.0,57.0,11.075,-0.00433,0.06946,False,
PREV_NAME_CONTRACT_TYPE_XNA_RATE,False,928,0.0,PREV,previous_application,NAME_CONTRACT_TYPE,Float64,"Share of the customer's previous Home Credit applications whose `NAME_CONTRACT_TYPE` equals ""XNA"" (0 = never, 1 = always). Source column: contract product type (Cash loan, consumer loan [POS] ,...) of the previous application",previous_application.group_by(SK_ID_CURR).mean(NAME_CONTRACT_TYPE == 'XNA'),True,5.3507,0.0,41,0.000169,0.006806,0.0,0.0,0.0,0.0,0.0,0.0,0.666667,99.908,0.00861,0.05956,False,
PREV_FLAG_LAST_APPL_PER_CONTRACT_NUNIQUE,False,929,0.0,PREV,previous_application,FLAG_LAST_APPL_PER_CONTRACT,UInt32,Number of distinct `FLAG_LAST_APPL_PER_CONTRACT` values across the customer's previous Home Credit applications (2 distinct values exist in the source table). Source column: flag if it was last application for the previous contract. Sometimes by mistake of client or our clerk there could be more applications for one single contract,previous_application.group_by(SK_ID_CURR).n_unique(FLAG_LAST_APPL_PER_CONTRACT),True,5.3507,0.0,3,0.962824,0.261642,0.0,0.0,1.0,1.0,1.0,2.0,2.0,5.351,0.00698,0.05956,False,
PREV_NAME_PAYMENT_TYPE_Cashless_from_the_account_of_the_employer_RATE,False,930,0.0,PREV,previous_application,NAME_PAYMENT_TYPE,Float64,"Share of the customer's previous Home Credit applications whose `NAME_PAYMENT_TYPE` equals ""Cashless from the account of the employer"" (0 = never, 1 = always). Source column: payment method that client chose to pay for the previous application",previous_application.group_by(SK_ID_CURR).mean(NAME_PAYMENT_TYPE == 'Cashless from the account of the employer'),True,5.3507,0.0,53,0.000666,0.017203,0.0,0.0,0.0,0.0,0.0,0.0,1.0,99.721,6e-05,0.05956,False,
PREV_CODE_REJECT_REASON_SYSTEM_RATE,False,931,0.0,PREV,previous_application,CODE_REJECT_REASON,Float64,"Share of the customer's previous Home Credit applications whose `CODE_REJECT_REASON` equals ""SYSTEM"" (0 = never, 1 = always). Source column: why was the previous application rejected",previous_application.group_by(SK_ID_CURR).mean(CODE_REJECT_REASON == 'SYSTEM'),True,5.3507,0.0,58,0.000318,0.009331,0.0,0.0,0.0,0.0,0.0,0.0,1.0,99.833,-0.00067,0.05956,False,
PREV_NAME_TYPE_SUITE_Group_of_people_RATE,False,932,0.0,PREV,previous_application,NAME_TYPE_SUITE,Float64,"Share of the customer's previous Home Credit applications whose `NAME_TYPE_SUITE` equals ""Group of people"" (0 = never, 1 = always). Source column: who accompanied client when applying for the previous application",previous_application.group_by(SK_ID_CURR).mean(NAME_TYPE_SUITE == 'Group of people'),True,20.1362,0.0,39,0.002304,0.037389,0.0,0.0,0.0,0.0,0.0,0.0,1.0,99.416,0.00243,0.08485,False,
PREV_NAME_PORTFOLIO_Cars_RATE,False,933,0.0,PREV,previous_application,NAME_PORTFOLIO,Float64,"Share of the customer's previous Home Credit applications whose `NAME_PORTFOLIO` equals ""Cars"" (0 = never, 1 = always). Source column: was the previous application for CASH, POS, CAR,",previous_application.group_by(SK_ID_CURR).mean(NAME_PORTFOLIO == 'Cars'),True,5.3507,0.0,35,0.000302,0.012095,0.0,0.0,0.0,0.0,0.0,0.0,1.0,99.903,-0.00277,0.05956,False,
PREV_CHANNEL_TYPE_Car_dealer_RATE,False,934,0.0,PREV,previous_application,CHANNEL_TYPE,Float64,"Share of the customer's previous Home Credit applications whose `CHANNEL_TYPE` equals ""Car dealer"" (0 = never, 1 = always). Source column: through which channel we acquired the client on the previous application",previous_application.group_by(SK_ID_CURR).mean(CHANNEL_TYPE == 'Car dealer'),True,5.3507,0.0,36,0.00032,0.012394,0.0,0.0,0.0,0.0,0.0,0.0,1.0,99.897,-0.00315,0.05956,False,
BUREAU_CREDIT_DAY_OVERDUE_MIN,False,935,0.0,BUREAU,bureau,CREDIT_DAY_OVERDUE,Int64,The minimum of `CREDIT_DAY_OVERDUE` across the customer's credit-bureau records (loans at other institutions). Source column: number of days past due on CB credit at the time of application for related loan in our sample,bureau.group_by(SK_ID_CURR).min(CREDIT_DAY_OVERDUE),False,14.3149,14.3149,89,0.158563,16.858931,0.0,0.0,0.0,0.0,0.0,0.0,2776.0,85.637,0.00757,0.10125,False,
BUREAU_CNT_CREDIT_PROLONG_MIN,False,936,0.0,BUREAU,bureau,CNT_CREDIT_PROLONG,Int64,The minimum of `CNT_CREDIT_PROLONG` across the customer's credit-bureau records (loans at other institutions). Source column: how many times was the Credit Bureau credit prolonged,bureau.group_by(SK_ID_CURR).min(CNT_CREDIT_PROLONG),False,14.3149,14.3149,8,0.001454,0.047338,0.0,0.0,0.0,0.0,0.0,0.0,6.0,85.585,-0.00018,0.10125,False,
BUREAU_AMT_CREDIT_SUM_OVERDUE_MIN,False,937,0.0,BUREAU,bureau,AMT_CREDIT_SUM_OVERDUE,Float64,The minimum of `AMT_CREDIT_SUM_OVERDUE` across the customer's credit-bureau records (loans at other institutions). Source column: current amount overdue on Credit Bureau credit,bureau.group_by(SK_ID_CURR).min(AMT_CREDIT_SUM_OVERDUE),False,14.3149,14.3149,109,13.193205,4127.500631,0.0,0.0,0.0,0.0,0.0,0.0,1617403.5,85.637,0.0,0.10125,False,
BUREAU_CREDIT_ACTIVE_Bad_debt_RATE,False,938,0.0,BUREAU,bureau,CREDIT_ACTIVE,Float64,"Share of the customer's credit-bureau records (loans at other institutions) whose `CREDIT_ACTIVE` equals ""Bad debt"" (0 = never, 1 = always). Source column: status of the Credit Bureau (CB) reported credits",bureau.group_by(SK_ID_CURR).mean(CREDIT_ACTIVE == 'Bad debt'),True,14.3149,0.0,16,1e-05,0.001528,0.0,0.0,0.0,0.0,0.0,0.0,0.5,99.993,0.00464,0.10125,False,
BUREAU_CREDIT_CURRENCY_NUNIQUE,False,939,0.0,BUREAU,bureau,CREDIT_CURRENCY,UInt32,Number of distinct `CREDIT_CURRENCY` values across the customer's credit-bureau records (loans at other institutions) (4 distinct values exist in the source table). Source column: recoded currency of the Credit Bureau credit,bureau.group_by(SK_ID_CURR).n_unique(CREDIT_CURRENCY),True,14.3149,0.0,4,0.859959,0.356076,0.0,0.0,1.0,1.0,1.0,1.0,3.0,14.315,-0.0046,0.10125,False,
BUREAU_CREDIT_CURRENCY_currency_1_RATE,False,940,0.0,BUREAU,bureau,CREDIT_CURRENCY,Float64,"Share of the customer's credit-bureau records (loans at other institutions) whose `CREDIT_CURRENCY` equals ""currency 1"" (0 = never, 1 = always). Source column: recoded currency of the Credit Bureau credit",bureau.group_by(SK_ID_CURR).mean(CREDIT_CURRENCY == 'currency 1'),True,14.3149,0.0,58,0.856152,0.350339,0.0,0.0,1.0,1.0,1.0,1.0,1.0,14.326,0.00604,0.10125,False,
BUREAU_CREDIT_CURRENCY_currency_2_RATE,False,941,0.0,BUREAU,bureau,CREDIT_CURRENCY,Float64,"Share of the customer's credit-bureau records (loans at other institutions) whose `CREDIT_CURRENCY` equals ""currency 2"" (0 = never, 1 = always). Source column: recoded currency of the Credit Bureau credit",bureau.group_by(SK_ID_CURR).mean(CREDIT_CURRENCY == 'currency 2'),True,14.3149,0.0,56,0.000629,0.016119,0.0,0.0,0.0,0.0,0.0,0.0,1.0,99.725,-0.00682,0.10125,False,
BUREAU_CREDIT_CURRENCY_currency_3_RATE,False,942,0.0,BUREAU,bureau,CREDIT_CURRENCY,Float64,"Share of the customer's credit-bureau records (loans at other institutions) whose `CREDIT_CURRENCY` equals ""currency 3"" (0 = never, 1 = always). Source column: recoded currency of the Credit Bureau credit",bureau.group_by(SK_ID_CURR).mean(CREDIT_CURRENCY == 'currency 3'),True,14.3149,0.0,34,6.3e-05,0.003939,0.0,0.0,0.0,0.0,0.0,0.0,1.0,99.956,0.00278,0.10125,False,
BUREAU_CREDIT_CURRENCY_currency_4_RATE,False,943,0.0,BUREAU,bureau,CREDIT_CURRENCY,Float64,"Share of the customer's credit-bureau records (loans at other institutions) whose `CREDIT_CURRENCY` equals ""currency 4"" (0 = never, 1 = always). Source column: recoded currency of the Credit Bureau credit",bureau.group_by(SK_ID_CURR).mean(CREDIT_CURRENCY == 'currency 4'),True,14.3149,0.0,8,6e-06,0.001287,0.0,0.0,0.0,0.0,0.0,0.0,0.5,99.997,-0.00144,0.10125,False,
HAS_PREV,False,944,0.0,FLAG,previous_application,,Int8,"1 if the customer has at least one previous Home Credit application, else 0.",PREV_COUNT.is_not_null(),True,0.0,0.0,2,0.946493,0.225043,0.0,0.0,1.0,1.0,1.0,1.0,1.0,5.351,0.01848,,False,
HAS_BUREAU,False,945,0.0,FLAG,bureau,,Int8,"1 if the customer has at least one credit-bureau record, else 0.",BUREAU_COUNT.is_not_null(),True,0.0,0.0,2,0.856851,0.350226,0.0,0.0,1.0,1.0,1.0,1.0,1.0,14.315,-0.03079,,False,
PREV_CC_MONTHS_BALANCE_MAX_MAX,False,,0.0,CC,credit_card_balance,MONTHS_BALANCE,Int64,"Two-level roll-up of `MONTHS_BALANCE` from the credit_card_balance ledger — month of balance relative to application date (-1 means the freshest balance date). Step 1: per prior loan, the maximum of `MONTHS_BALANCE` over that loan's monthly credit-card records. Step 2: the maximum of those per-loan values across all of the customer's previous Home Credit applications.",credit_card_balance.group_by(SK_ID_PREV).max(MONTHS_BALANCE) → join onto previous_application → .group_by(SK_ID_CURR).max(),False,74.6565,74.6565,6,-1.50299,0.687661,-5.0,-4.0,-2.0,-1.0,-1.0,-1.0,-1.0,0.0,0.02896,0.07745,False,
PREV_CC_AMT_DRAWINGS_OTHER_CURRENT_MIN_MIN,False,,0.0,CC,credit_card_balance,AMT_DRAWINGS_OTHER_CURRENT,Float64,"Two-level roll-up of `AMT_DRAWINGS_OTHER_CURRENT` from the credit_card_balance ledger — amount of other drawings during the month of the previous credit. Step 1: per prior loan, the minimum of `AMT_DRAWINGS_OTHER_CURRENT` over that loan's monthly credit-card records. Step 2: the minimum of those per-loan values across all of the customer's previous Home Credit applications.",credit_card_balance.group_by(SK_ID_PREV).min(AMT_DRAWINGS_OTHER_CURRENT) → join onto previous_application → .group_by(SK_ID_CURR).min(),False,82.7876,82.7876,7,6.469866,745.149881,0.0,0.0,0.0,0.0,0.0,0.0,112500.0,17.211,-0.00301,0.07516,False,
PREV_CC_AMT_DRAWINGS_OTHER_CURRENT_MIN_MAX,False,,0.0,CC,credit_card_balance,AMT_DRAWINGS_OTHER_CURRENT,Float64,"Two-level roll-up of `AMT_DRAWINGS_OTHER_CURRENT` from the credit_card_balance ledger — amount of other drawings during the month of the previous credit. Step 1: per prior loan, the minimum of `AMT_DRAWINGS_OTHER_CURRENT` over that loan's monthly credit-card records. Step 2: the maximum of those per-loan values across all of the customer's previous Home Credit applications.",credit_card_balance.group_by(SK_ID_PREV).min(AMT_DRAWINGS_OTHER_CURRENT) → join onto previous_application → .group_by(SK_ID_CURR).max(),False,82.7876,82.7876,7,6.469866,745.149881,0.0,0.0,0.0,0.0,0.0,0.0,112500.0,17.211,-0.00301,0.07516,False,
PREV_CC_AMT_TOTAL_RECEIVABLE_MIN_MEAN,False,,0.0,CC,credit_card_balance,AMT_TOTAL_RECEIVABLE,Float64,"Two-level roll-up of `AMT_TOTAL_RECEIVABLE` from the credit_card_balance ledger — total amount receivable on the previous credit. Step 1: per prior loan, the minimum of `AMT_TOTAL_RECEIVABLE` over that loan's monthly credit-card records. Step 2: the average of those per-loan values across all of the customer's previous Home Credit applications.",credit_card_balance.group_by(SK_ID_PREV).min(AMT_TOTAL_RECEIVABLE) → join onto previous_application → .group_by(SK_ID_CURR).mean(),False,74.6565,74.6565,16096,11570.821712,46723.543752,-420250.185,-3087.81,0.0,0.0,0.0,228135.78,855565.875,19.35,0.06297,0.07745,False,
PREV_CC_AMT_TOTAL_RECEIVABLE_MIN_MIN,False,,0.0,CC,credit_card_balance,AMT_TOTAL_RECEIVABLE,Float64,"Two-level roll-up of `AMT_TOTAL_RECEIVABLE` from the credit_card_balance ledger — total amount receivable on the previous credit. Step 1: per prior loan, the minimum of `AMT_TOTAL_RECEIVABLE` over that loan's monthly credit-card records. Step 2: the minimum of those per-loan values across all of the customer's previous Home Credit applications.",credit_card_balance.group_by(SK_ID_PREV).min(AMT_TOTAL_RECEIVABLE) → join onto previous_application → .group_by(SK_ID_CURR).min(),False,74.6565,74.6565,16036,11536.053808,46699.604469,-420250.185,-3095.1,0.0,0.0,0.0,228135.78,855565.875,19.365,0.06284,0.07745,False,
PREV_CC_AMT_TOTAL_RECEIVABLE_MIN_MAX,False,,0.0,CC,credit_card_balance,AMT_TOTAL_RECEIVABLE,Float64,"Two-level roll-up of `AMT_TOTAL_RECEIVABLE` from the credit_card_balance ledger — total amount receivable on the previous credit. Step 1: per prior loan, the minimum of `AMT_TOTAL_RECEIVABLE` over that loan's monthly credit-card records. Step 2: the maximum of those per-loan values across all of the customer's previous Home Credit applications.",credit_card_balance.group_by(SK_ID_PREV).min(AMT_TOTAL_RECEIVABLE) → join onto previous_application → .group_by(SK_ID_CURR).max(),False,74.6565,74.6565,16019,11605.588632,46812.945492,-420250.185,-3076.74,0.0,0.0,0.0,228227.04,855565.875,19.378,0.06301,0.07745,False,
PREV_CC_AMT_TOTAL_RECEIVABLE_MIN_SUM,False,,0.0,CC,credit_card_balance,AMT_TOTAL_RECEIVABLE,Float64,"Two-level roll-up of `AMT_TOTAL_RECEIVABLE` from the credit_card_balance ledger — total amount receivable on the previous credit. Step 1: per prior loan, the minimum of `AMT_TOTAL_RECEIVABLE` over that loan's monthly credit-card records. Step 2: the total of those per-loan values across all of the customer's previous Home Credit applications.",credit_card_balance.group_by(SK_ID_PREV).min(AMT_TOTAL_RECEIVABLE) → join onto previous_application → .group_by(SK_ID_CURR).sum(),True,5.3507,0.0,16082,2940.878715,24101.227547,-420250.185,-459.45,0.0,0.0,0.0,105750.0,855565.875,94.006,0.03722,0.05956,False,
PREV_CC_CNT_DRAWINGS_OTHER_CURRENT_MIN_MIN,False,,0.0,CC,credit_card_balance,CNT_DRAWINGS_OTHER_CURRENT,Float64,"Two-level roll-up of `CNT_DRAWINGS_OTHER_CURRENT` from the credit_card_balance ledger — number of other drawings during this month on the previous credit. Step 1: per prior loan, the minimum of `CNT_DRAWINGS_OTHER_CURRENT` over that loan's monthly credit-card records. Step 2: the minimum of those per-loan values across all of the customer's previous Home Credit applications.",credit_card_balance.group_by(SK_ID_PREV).min(CNT_DRAWINGS_OTHER_CURRENT) → join onto previous_application → .group_by(SK_ID_CURR).min(),False,82.7876,82.7876,4,0.000113,0.012294,0.0,0.0,0.0,0.0,0.0,0.0,2.0,17.211,-0.0032,0.07516,False,
PREV_CC_CNT_DRAWINGS_OTHER_CURRENT_MIN_MAX,False,,0.0,CC,credit_card_balance,CNT_DRAWINGS_OTHER_CURRENT,Float64,"Two-level roll-up of `CNT_DRAWINGS_OTHER_CURRENT` from the credit_card_balance ledger — number of other drawings during this month on the previous credit. Step 1: per prior loan, the minimum of `CNT_DRAWINGS_OTHER_CURRENT` over that loan's monthly credit-card records. Step 2: the maximum of those per-loan values across all of the customer's previous Home Credit applications.",credit_card_balance.group_by(SK_ID_PREV).min(CNT_DRAWINGS_OTHER_CURRENT) → join onto previous_application → .group_by(SK_ID_CURR).max(),False,82.7876,82.7876,4,0.000113,0.012294,0.0,0.0,0.0,0.0,0.0,0.0,2.0,17.211,-0.0032,0.07516,False,
PREV_CC_SK_DPD_MIN_MEAN,False,,0.0,CC,credit_card_balance,SK_DPD,Float64,"Two-level roll-up of `SK_DPD` from the credit_card_balance ledger — dPD (Days past due) during the month on the previous credit. Step 1: per prior loan, the minimum of `SK_DPD` over that loan's monthly credit-card records. Step 2: the average of those per-loan values across all of the customer's previous Home Credit applications.",credit_card_balance.group_by(SK_ID_PREV).min(SK_DPD) → join onto previous_application → .group_by(SK_ID_CURR).mean(),False,74.6565,74.6565,2,0.0,0.0,0.0,0.0,0.0,0.0,0.0,0.0,0.0,25.343,,0.07745,True,
PREV_CC_SK_DPD_MIN_MIN,False,,0.0,CC,credit_card_balance,SK_DPD,Int64,"Two-level roll-up of `SK_DPD` from the credit_card_balance ledger — dPD (Days past due) during the month on the previous credit. Step 1: per prior loan, the minimum of `SK_DPD` over that loan's monthly credit-card records. Step 2: the minimum of those per-loan values across all of the customer's previous Home Credit applications.",credit_card_balance.group_by(SK_ID_PREV).min(SK_DPD) → join onto previous_application → .group_by(SK_ID_CURR).min(),False,74.6565,74.6565,2,0.0,0.0,0.0,0.0,0.0,0.0,0.0,0.0,0.0,25.343,,0.07745,True,
PREV_CC_SK_DPD_MIN_MAX,False,,0.0,CC,credit_card_balance,SK_DPD,Int64,"Two-level roll-up of `SK_DPD` from the credit_card_balance ledger — dPD (Days past due) during the month on the previous credit. Step 1: per prior loan, the minimum of `SK_DPD` over that loan's monthly credit-card records. Step 2: the maximum of those per-loan values across all of the customer's previous Home Credit applications.",credit_card_balance.group_by(SK_ID_PREV).min(SK_DPD) → join onto previous_application → .group_by(SK_ID_CURR).max(),False,74.6565,74.6565,2,0.0,0.0,0.0,0.0,0.0,0.0,0.0,0.0,0.0,25.343,,0.07745,True,
PREV_CC_SK_DPD_MIN_SUM,False,,0.0,CC,credit_card_balance,SK_DPD,Int64,"Two-level roll-up of `SK_DPD` from the credit_card_balance ledger — dPD (Days past due) during the month on the previous credit. Step 1: per prior loan, the minimum of `SK_DPD` over that loan's monthly credit-card records. Step 2: the total of those per-loan values across all of the customer's previous Home Credit applications.",credit_card_balance.group_by(SK_ID_PREV).min(SK_DPD) → join onto previous_application → .group_by(SK_ID_CURR).sum(),True,5.3507,0.0,2,0.0,0.0,0.0,0.0,0.0,0.0,0.0,0.0,0.0,100.0,,0.05956,True,
PREV_CC_SK_DPD_DEF_MIN_MEAN,False,,0.0,CC,credit_card_balance,SK_DPD_DEF,Float64,"Two-level roll-up of `SK_DPD_DEF` from the credit_card_balance ledger — dPD (Days past due) during the month with tolerance (debts with low loan amounts are ignored) of the previous credit. Step 1: per prior loan, the minimum of `SK_DPD_DEF` over that loan's monthly credit-card records. Step 2: the average of those per-loan values across all of the customer's previous Home Credit applications.",credit_card_balance.group_by(SK_ID_PREV).min(SK_DPD_DEF) → join onto previous_application → .group_by(SK_ID_CURR).mean(),False,74.6565,74.6565,2,0.0,0.0,0.0,0.0,0.0,0.0,0.0,0.0,0.0,25.343,,0.07745,True,
PREV_CC_SK_DPD_DEF_MIN_MIN,False,,0.0,CC,credit_card_balance,SK_DPD_DEF,Int64,"Two-level roll-up of `SK_DPD_DEF` from the credit_card_balance ledger — dPD (Days past due) during the month with tolerance (debts with low loan amounts are ignored) of the previous credit. Step 1: per prior loan, the minimum of `SK_DPD_DEF` over that loan's monthly credit-card records. Step 2: the minimum of those per-loan values across all of the customer's previous Home Credit applications.",credit_card_balance.group_by(SK_ID_PREV).min(SK_DPD_DEF) → join onto previous_application → .group_by(SK_ID_CURR).min(),False,74.6565,74.6565,2,0.0,0.0,0.0,0.0,0.0,0.0,0.0,0.0,0.0,25.343,,0.07745,True,
PREV_CC_SK_DPD_DEF_MIN_MAX,False,,0.0,CC,credit_card_balance,SK_DPD_DEF,Int64,"Two-level roll-up of `SK_DPD_DEF` from the credit_card_balance ledger — dPD (Days past due) during the month with tolerance (debts with low loan amounts are ignored) of the previous credit. Step 1: per prior loan, the minimum of `SK_DPD_DEF` over that loan's monthly credit-card records. Step 2: the maximum of those per-loan values across all of the customer's previous Home Credit applications.",credit_card_balance.group_by(SK_ID_PREV).min(SK_DPD_DEF) → join onto previous_application → .group_by(SK_ID_CURR).max(),False,74.6565,74.6565,2,0.0,0.0,0.0,0.0,0.0,0.0,0.0,0.0,0.0,25.343,,0.07745,True,
PREV_CC_SK_DPD_DEF_MIN_SUM,False,,0.0,CC,credit_card_balance,SK_DPD_DEF,Int64,"Two-level roll-up of `SK_DPD_DEF` from the credit_card_balance ledger — dPD (Days past due) during the month with tolerance (debts with low loan amounts are ignored) of the previous credit. Step 1: per prior loan, the minimum of `SK_DPD_DEF` over that loan's monthly credit-card records. Step 2: the total of those per-loan values across all of the customer's previous Home Credit applications.",credit_card_balance.group_by(SK_ID_PREV).min(SK_DPD_DEF) → join onto previous_application → .group_by(SK_ID_CURR).sum(),True,5.3507,0.0,2,0.0,0.0,0.0,0.0,0.0,0.0,0.0,0.0,0.0,100.0,,0.05956,True,
PREV_INST_NUM_INSTALMENT_NUMBER_MIN_MIN,False,,0.0,INST,installments_payments,NUM_INSTALMENT_NUMBER,Int64,"Two-level roll-up of `NUM_INSTALMENT_NUMBER` from the installments_payments ledger — on which installment we observe payment. Step 1: per prior loan, the minimum of `NUM_INSTALMENT_NUMBER` over that loan's monthly installment records. Step 2: the minimum of those per-loan values across all of the customer's previous Home Credit applications.",installments_payments.group_by(SK_ID_PREV).min(NUM_INSTALMENT_NUMBER) → join onto previous_application → .group_by(SK_ID_CURR).min(),False,5.8876,5.8876,2,1.0,0.0,1.0,1.0,1.0,1.0,1.0,1.0,1.0,0.0,,0.06214,True,
PREV_POS_SK_DPD_MIN_MIN,False,,0.0,POS,POS_CASH_balance,SK_DPD,Int64,"Two-level roll-up of `SK_DPD` from the POS_CASH_balance ledger — dPD (days past due) during the month of previous credit. Step 1: per prior loan, the minimum of `SK_DPD` over that loan's monthly POS/cash records. Step 2: the minimum of those per-loan values across all of the customer's previous Home Credit applications.",POS_CASH_balance.group_by(SK_ID_PREV).min(SK_DPD) → join onto previous_application → .group_by(SK_ID_CURR).min(),False,6.6807,6.6807,2,0.0,0.0,0.0,0.0,0.0,0.0,0.0,0.0,0.0,93.319,,0.06946,True,
PREV_POS_SK_DPD_DEF_MIN_MIN,False,,0.0,POS,POS_CASH_balance,SK_DPD_DEF,Int64,"Two-level roll-up of `SK_DPD_DEF` from the POS_CASH_balance ledger — dPD during the month with tolerance (debts with low loan amounts are ignored) of the previous credit. Step 1: per prior loan, the minimum of `SK_DPD_DEF` over that loan's monthly POS/cash records. Step 2: the minimum of those per-loan values across all of the customer's previous Home Credit applications.",POS_CASH_balance.group_by(SK_ID_PREV).min(SK_DPD_DEF) → join onto previous_application → .group_by(SK_ID_CURR).min(),False,6.6807,6.6807,2,0.0,0.0,0.0,0.0,0.0,0.0,0.0,0.0,0.0,93.319,,0.06946,True,
PREV_NAME_CONTRACT_STATUS_Approved_RATE,False,,0.0,PREV,previous_application,NAME_CONTRACT_STATUS,Float64,"Share of the customer's previous Home Credit applications whose `NAME_CONTRACT_STATUS` equals ""Approved"" (0 = never, 1 = always). Source column: contract status (approved, cancelled, ...) of previous application",previous_application.group_by(SK_ID_CURR).mean(NAME_CONTRACT_STATUS == 'Approved'),True,5.3507,0.0,363,0.708786,0.305837,0.0,0.0,0.5,0.75,1.0,1.0,1.0,5.673,-0.06352,0.05956,False,
PREV_NAME_CONTRACT_STATUS_Refused_RATE,False,,0.0,PREV,previous_application,NAME_CONTRACT_STATUS,Float64,"Share of the customer's previous Home Credit applications whose `NAME_CONTRACT_STATUS` equals ""Refused"" (0 = never, 1 = always). Source column: contract status (approved, cancelled, ...) of previous application",previous_application.group_by(SK_ID_CURR).mean(NAME_CONTRACT_STATUS == 'Refused'),True,5.3507,0.0,398,0.104968,0.181077,0.0,0.0,0.0,0.0,0.176471,0.714286,1.0,67.385,0.07767,0.05956,False,
PREV_CODE_REJECT_REASON_CLIENT_RATE,False,,0.0,PREV,previous_application,CODE_REJECT_REASON,Float64,"Share of the customer's previous Home Credit applications whose `CODE_REJECT_REASON` equals ""CLIENT"" (0 = never, 1 = always). Source column: why was the previous application rejected",previous_application.group_by(SK_ID_CURR).mean(CODE_REJECT_REASON == 'CLIENT'),True,5.3507,0.0,119,0.014302,0.067319,0.0,0.0,0.0,0.0,0.0,0.333333,1.0,93.811,0.00092,0.05956,False,
BUREAU_CREDIT_ACTIVE_Active_RATE,False,,0.0,BUREAU,bureau,CREDIT_ACTIVE,Float64,"Share of the customer's credit-bureau records (loans at other institutions) whose `CREDIT_ACTIVE` equals ""Active"" (0 = never, 1 = always). Source column: status of the Credit Bureau (CB) reported credits",bureau.group_by(SK_ID_CURR).mean(CREDIT_ACTIVE == 'Active'),True,14.3149,0.0,297,0.353855,0.320026,0.0,0.0,0.0,0.333333,0.5,1.0,1.0,29.385,0.07736,0.10125,False,
